date,horizon,pair,kind,label,made_utc,window_start_utc,window_end_utc,start,forecast,low,high,probability,fact_close,fact_high,fact_low,error_pips,dir_forecast,dir_fact,dir_hit,range_result,realized,dist_close_pips,dist_high_pips,dist_low_pips,comment
2026-08-20,day,EURUSD,point,day-point,2026-08-20 10:30,2026-08-20 10:30,2026-08-20 21:00,1.17081,1.17220,,,,1.16772,1.17088,1.16691,-44.8,up,down,0,,,44.8,13.2,52.9,
2026-08-20,day,GBPUSD,point,day-point,2026-08-20 10:30,2026-08-20 10:30,2026-08-20 21:00,1.36548,1.36680,,,,1.36238,1.36566,1.36198,-44.2,up,down,0,,,44.2,11.4,48.2,
2026-08-20,day,USDCHF,point,day-point,2026-08-20 10:30,2026-08-20 10:30,2026-08-20 21:00,0.79551,0.79430,,,,0.79964,0.80096,0.79504,53.4,down,up,0,,,53.4,66.6,7.4,
2026-08-20,day,EURGBP,range,day-close-range,2026-08-20 10:30,2026-08-20 10:30,2026-08-20 21:00,0.85738,,0.85800,0.86000,,0.85629,0.85761,0.85622,-17.1,up,down,0,broken,,17.1,,,"закрытие ниже целевой зоны"
2026-08-20,day,EURUSD,range,day-range,2026-08-20 10:30,2026-08-20 10:30,2026-08-20 21:00,1.17081,,1.16680,1.17580,,1.16772,1.17088,1.16691,,,,,held,,,,,"низ в 1.1 п от границы"
2026-08-20,day,GBPUSD,range,day-range,2026-08-20 10:30,2026-08-20 10:30,2026-08-20 21:00,1.36548,,1.36080,1.37120,,1.36238,1.36566,1.36198,,,,,held,,,,,
2026-08-20,day,USDCHF,range,day-range,2026-08-20 10:30,2026-08-20 10:30,2026-08-20 21:00,0.79551,,0.79180,0.79880,,0.79964,0.80096,0.79504,,,,,broken,,,,,"верх пробит на 21.6 п"
2026-08-20,day,EURUSD,scenario,base,2026-08-20 10:30,2026-08-20 10:30,2026-08-20 21:00,1.17081,,1.17000,1.17450,55,1.16772,,,,,,,,0,,,,
2026-08-20,day,EURUSD,scenario,bull,2026-08-20 10:30,2026-08-20 10:30,2026-08-20 21:00,1.17081,,1.17800,1.18100,25,1.16772,,,,,,,,0,,,,
2026-08-20,day,EURUSD,scenario,bear,2026-08-20 10:30,2026-08-20 10:30,2026-08-20 21:00,1.17081,,1.16200,1.16500,20,1.16772,,,,,,,,0,,,,"закрытие между базой и медвежьей зоной"
2026-08-20,day,GBPUSD,scenario,base,2026-08-20 10:30,2026-08-20 10:30,2026-08-20 21:00,1.36548,,1.36450,1.36950,55,1.36238,,,,,,,,0,,,,
2026-08-20,day,GBPUSD,scenario,bull,2026-08-20 10:30,2026-08-20 10:30,2026-08-20 21:00,1.36548,,1.37400,1.37700,25,1.36238,,,,,,,,0,,,,
2026-08-20,day,GBPUSD,scenario,bear,2026-08-20 10:30,2026-08-20 10:30,2026-08-20 21:00,1.36548,,1.35500,1.35850,20,1.36238,,,,,,,,0,,,,"закрытие между базой и медвежьей зоной"
2026-08-20,day,USDCHF,scenario,base,2026-08-20 10:30,2026-08-20 10:30,2026-08-20 21:00,0.79551,,0.79250,0.79600,55,0.79964,,,,,,,,0,,,,
2026-08-20,day,USDCHF,scenario,franc-strong,2026-08-20 10:30,2026-08-20 10:30,2026-08-20 21:00,0.79551,,0.78750,0.79000,25,0.79964,,,,,,,,0,,,,
2026-08-20,day,USDCHF,scenario,dollar-strong,2026-08-20 10:30,2026-08-20 10:30,2026-08-20 21:00,0.79551,,0.80200,0.80450,20,0.79964,,,,,,,,0,,,,"направление совпало, зона не достигнута"
2026-08-20,week,EURUSD,point,week-point,2026-08-20 10:30,2026-08-20 10:30,2026-08-21 21:00,1.17081,1.17350,,,,1.16754,1.17113,1.16686,-59.6,up,down,0,,,59.6,23.7,66.4,
2026-08-20,week,GBPUSD,point,week-point,2026-08-20 10:30,2026-08-20 10:30,2026-08-21 21:00,1.36548,1.36750,,,,1.36403,1.36753,1.36181,-34.7,up,down,0,,,34.7,0.3,56.9,"точка совпала с максимумом окна и полугодовым максимумом"
2026-08-20,week,USDCHF,point,week-point,2026-08-20 10:30,2026-08-20 10:30,2026-08-21 21:00,0.79551,0.79300,,,,0.80114,0.80205,0.79504,81.4,down,up,0,,,81.4,90.5,20.4,
2026-08-20,week,EURGBP,point,week-point,2026-08-20 10:30,2026-08-20 10:30,2026-08-21 21:00,0.85738,0.85950,,,,0.85569,0.85761,0.85552,-38.1,up,down,0,,,38.1,18.9,39.8,
2026-08-20,week,EURUSD,range,week-range,2026-08-20 10:30,2026-08-20 10:30,2026-08-21 21:00,1.17081,,1.16400,1.18100,,1.16754,1.17113,1.16686,,,,,held,,,,,
2026-08-20,week,GBPUSD,range,week-range,2026-08-20 10:30,2026-08-20 10:30,2026-08-21 21:00,1.36548,,1.35600,1.37800,,1.36403,1.36753,1.36181,,,,,held,,,,,
2026-08-20,week,USDCHF,range,week-range,2026-08-20 10:30,2026-08-20 10:30,2026-08-21 21:00,0.79551,,0.78600,0.80200,,0.80114,0.80205,0.79504,,,,,partial,,,,,"верх пробит на 0.5 п"
2026-08-20,week,EURGBP,range,week-range,2026-08-20 10:30,2026-08-20 10:30,2026-08-21 21:00,0.85738,,0.85450,0.86400,,0.85569,0.85761,0.85552,,,,,held,,,,,
2026-08-20,week,ALL,scenario,base,2026-08-20 10:30,2026-08-20 10:30,2026-08-21 21:00,,,,,50,,,,,,,,,0,,,,"ни один в чистом виде: по форме база, по знаку медведь"
2026-08-20,week,ALL,scenario,bull,2026-08-20 10:30,2026-08-20 10:30,2026-08-21 21:00,,,,,30,,,,,,,,,0,,,,
2026-08-20,week,ALL,scenario,bear,2026-08-20 10:30,2026-08-20 10:30,2026-08-21 21:00,,,,,20,,,,,,,,,0,,,,"USDCHF пришёл ровно к медвежьему ориентиру 0.8020"
2026-08-21,day,EURUSD,point,day-point,2026-08-21 07:20,2026-08-21 07:20,2026-08-21 21:00,1.16955,1.16850,,,,1.16754,1.17113,1.16686,-9.6,down,down,1,,,9.6,26.3,16.4,
2026-08-21,day,GBPUSD,point,day-point,2026-08-21 07:20,2026-08-21 07:20,2026-08-21 21:00,1.36455,1.36400,,,,1.36403,1.36753,1.36181,0.3,down,down,1,,,0.3,35.3,21.9,
2026-08-21,day,USDCHF,point,day-point,2026-08-21 07:20,2026-08-21 07:20,2026-08-21 21:00,0.79998,0.80120,,,,0.80114,0.80205,0.79827,-0.6,up,up,1,,,0.6,8.5,29.3,
2026-08-21,day,EURGBP,point,day-point,2026-08-21 07:20,2026-08-21 07:20,2026-08-21 21:00,0.85705,0.85720,,,,0.85569,0.85761,0.85552,-15.1,up,down,0,,,15.1,4.1,16.8,
2026-08-21,day,EURUSD,range,day-range,2026-08-21 07:20,2026-08-21 07:20,2026-08-21 21:00,1.16955,,1.16500,1.17350,,1.16754,1.17113,1.16686,,,,,held,,,,,
2026-08-21,day,GBPUSD,range,day-range,2026-08-21 07:20,2026-08-21 07:20,2026-08-21 21:00,1.36455,,1.36000,1.36900,,1.36403,1.36753,1.36181,,,,,partial,,,,,"верх пробит на 6.3 п утренним пиком"
2026-08-21,day,USDCHF,range,day-range,2026-08-21 07:20,2026-08-21 07:20,2026-08-21 21:00,0.79998,,0.79600,0.80450,,0.80114,0.80205,0.79827,,,,,held,,,,,
2026-08-21,day,EURGBP,range,day-range,2026-08-21 07:20,2026-08-21 07:20,2026-08-21 21:00,0.85705,,0.85500,0.85900,,0.85569,0.85761,0.85552,,,,,held,,,,,
2026-08-21,day,EURUSD,scenario,base,2026-08-21 07:20,2026-08-21 07:20,2026-08-21 21:00,1.16955,,1.16600,1.17100,45,1.16754,,,,,,,,1,,,,"сбылся исход базы при условии медведя: PMI США +2.8 к консенсусу"
2026-08-21,day,EURUSD,scenario,bull,2026-08-21 07:20,2026-08-21 07:20,2026-08-21 21:00,1.16955,,1.17600,1.17900,25,1.16754,,,,,,,,0,,,,
2026-08-21,day,EURUSD,scenario,bear,2026-08-21 07:20,2026-08-21 07:20,2026-08-21 21:00,1.16955,,1.16200,1.16500,30,1.16754,,,,,,,,0,,,,
2026-08-21,day,GBPUSD,scenario,base,2026-08-21 07:20,2026-08-21 07:20,2026-08-21 21:00,1.36455,,1.36150,1.36650,45,1.36403,,,,,,,,1,,,,
2026-08-21,day,GBPUSD,scenario,bull,2026-08-21 07:20,2026-08-21 07:20,2026-08-21 21:00,1.36455,,1.36900,1.37200,25,1.36403,,,,,,,,0,,,,
2026-08-21,day,GBPUSD,scenario,bear,2026-08-21 07:20,2026-08-21 07:20,2026-08-21 21:00,1.36455,,1.35600,1.36000,30,1.36403,,,,,,,,0,,,,
2026-08-21,day,USDCHF,scenario,base,2026-08-21 07:20,2026-08-21 07:20,2026-08-21 21:00,0.79998,,0.79850,0.80250,45,0.80114,,,,,,,,1,,,,
2026-08-21,day,USDCHF,scenario,dollar-strong,2026-08-21 07:20,2026-08-21 07:20,2026-08-21 21:00,0.79998,,0.80300,0.80450,30,0.80114,,,,,,,,0,,,,
2026-08-21,day,USDCHF,scenario,franc-strong,2026-08-21 07:20,2026-08-21 07:20,2026-08-21 21:00,0.79998,,0.79500,0.79750,25,0.80114,,,,,,,,0,,,,
2026-08-21,day,EURGBP,scenario,base,2026-08-21 07:20,2026-08-21 07:20,2026-08-21 21:00,0.85705,,0.85500,0.85900,50,0.85569,,,,,,,,1,,,,"внутри диапазона, у нижнего края"
2026-08-21,day,EURGBP,scenario,euro-strong,2026-08-21 07:20,2026-08-21 07:20,2026-08-21 21:00,0.85705,,0.85900,0.86050,25,0.85569,,,,,,,,0,,,,
2026-08-21,day,EURGBP,scenario,pound-strong,2026-08-21 07:20,2026-08-21 07:20,2026-08-21 21:00,0.85705,,0.85450,0.85600,25,0.85569,,,,,,,,0,,,,"закрытие в зоне, но сценарий требовал явного перевеса фунта"
