month;rank;a1Minutes;a2Minutes;xPips;stopLossPips;takeProfitPips;riskPercent;fitYearMoney;fitEntries;fitWinRate;prevMonthMoney;monthMoney;monthPips;monthEntries;monthDirectWins;monthMirrorWins;monthBothLose;monthDirectPct;breakEvenPct
2017-01;1;60;360;25;10;30;0.50;62856;377;0.6021;-548;1615;35.2;32;8;10;14;25.0;26.8
2017-01;2;240;480;20;15;40;0.50;57935;309;0.6537;8079;-8381;-258.4;31;5;8;18;16.1;28.5
2017-01;3;420;720;15;15;40;0.50;57616;290;0.6586;-89;3926;118.6;26;10;7;9;38.5;28.5
2017-01;4;120;720;20;20;60;0.50;53078;211;0.6209;3171;2184;90.6;21;6;6;9;28.6;25.9
2017-01;5;2;3120;10;25;70;0.50;52342;112;0.7411;3921;1795;91.8;13;4;4;5;30.8;27.1
2017-01;6;150;900;15;20;60;0.50;51979;204;0.6225;3253;-876;-30.8;22;5;6;11;22.7;25.9
2017-01;7;4;3120;10;25;70;0.50;50527;115;0.7304;4827;1795;91.8;13;4;4;5;30.8;27.1
2017-01;8;150;870;15;20;60;0.50;50286;207;0.6184;2266;240;13.4;19;5;5;9;26.3;25.9
2017-01;9;3;3120;10;25;70;0.50;50279;117;0.7265;4827;915;48.2;12;4;3;5;33.3;27.1
2017-01;10;150;720;15;20;60;0.50;49925;213;0.6150;-876;-2762;-108.0;20;5;4;11;25.0;25.9
2017-02;1;420;720;15;15;40;0.50;67850;291;0.6701;3926;2059;63.4;19;6;6;7;31.6;28.5
2017-02;2;25;2670;20;10;30;0.50;54746;205;0.6439;6721;-4928;-99.6;14;2;3;9;14.3;26.8
2017-02;3;120;720;20;20;60;0.50;53200;209;0.6220;2184;401;19.0;15;5;3;7;33.3;25.9
2017-02;4;420;720;25;20;50;0.50;53166;205;0.7122;2392;-867;-32.4;16;4;5;7;25.0;29.6
2017-02;5;480;660;20;20;60;0.50;52466;196;0.6276;5340;481;21.8;13;2;5;6;15.4;25.9
2017-02;6;15;390;35;15;40;0.50;52204;234;0.6709;5308;-3906;-117.4;16;3;4;9;18.8;28.5
2017-02;7;2010;2190;30;15;40;0.50;52167;159;0.7170;3416;-1599;-46.8;12;2;4;6;16.7;28.5
2017-02;8;1590;1770;20;10;30;0.50;51757;231;0.6277;-573;-2104;-41.0;15;3;4;8;20.0;26.8
2017-02;9;120;840;20;20;50;0.50;51753;216;0.7037;9049;-2589;-102.4;16;5;3;8;31.2;29.6
2017-02;10;2010;2130;30;10;30;0.50;51603;179;0.6536;3798;1107;23.2;12;2;5;5;16.7;26.8
2017-03;1;420;720;15;15;40;0.50;58500;279;0.6631;2059;-67;0.6;21;6;6;9;28.6;28.5
2017-03;2;2010;2130;30;10;30;0.50;52059;175;0.6571;1107;-4642;-94.0;10;0;3;7;0.0;26.8
2017-03;3;4;3120;10;25;70;0.50;51840;116;0.7328;6091;-658;-31.2;8;0;4;4;0.0;27.1
2017-03;4;3;3120;10;25;70;0.50;50527;115;0.7304;6091;-658;-31.2;8;0;4;4;0.0;27.1
2017-03;5;2;3120;10;25;70;0.50;49473;112;0.7321;6091;-1517;-74.8;7;0;3;4;0.0;27.1
2017-03;6;1590;1770;20;10;30;0.50;49197;227;0.6256;-2104;5079;100.4;14;5;5;4;35.7;26.8
2017-03;7;120;840;20;20;50;0.50;47973;210;0.7000;-2589;1941;79.0;15;4;6;5;26.7;29.6
2017-03;8;15;360;35;15;40;0.50;45572;233;0.6609;-1091;2081;63.2;12;2;6;4;16.7;28.5
2017-03;9;2;3120;10;20;60;0.50;45318;141;0.6525;2594;-240;-8.4;6;0;3;3;0.0;25.9
2017-03;10;240;480;25;10;30;0.50;44969;332;0.5934;2380;3487;70.6;21;5;8;8;23.8;26.8
2017-04;1;420;720;15;15;40;0.50;54023;273;0.6593;-67;-580;-15.2;18;8;2;8;44.4;28.5
2017-04;2;1590;1770;20;10;30;0.50;51037;224;0.6295;5079;4921;97.6;16;6;5;5;37.5;26.8
2017-04;3;120;840;20;20;50;0.50;50012;207;0.7053;1941;-6306;-258.2;13;2;2;9;15.4;29.6
2017-04;4;60;360;25;10;30;0.50;49762;342;0.5965;8879;1742;36.2;17;4;6;7;23.5;26.8
2017-04;5;1590;1650;15;10;30;0.50;47528;282;0.6064;-1341;-722;-12.2;23;7;5;11;30.4;26.8
2017-04;6;240;480;25;10;30;0.50;46061;322;0.5963;3487;8038;156.2;17;6;7;4;35.3;26.8
2017-04;7;1800;2580;10;10;30;0.50;46055;162;0.6543;2201;-3755;-75.4;11;3;1;7;27.3;26.8
2017-04;8;1110;2820;35;10;30;0.50;45289;129;0.6822;2354;3461;68.8;8;3;3;2;37.5;26.8
2017-04;9;4;3120;10;25;70;0.50;44910;115;0.7130;-658;-1354;-67.0;5;1;1;3;20.0;27.1
2017-04;10;210;1020;30;15;40;0.50;43790;208;0.6683;2081;-4400;-133.2;13;3;2;8;23.1;28.5
2017-05;1;60;360;25;10;30;0.50;63958;328;0.6128;1742;3332;67.8;23;4;10;9;17.4;26.8
2017-05;2;510;570;20;15;40;0.50;59354;275;0.6655;5049;1785;55.6;21;9;4;8;42.9;28.5
2017-05;3;120;330;30;10;30;0.50;57325;263;0.6236;5237;5738;113.4;19;3;10;6;15.8;26.8
2017-05;4;1380;1410;30;10;30;0.50;56695;215;0.6419;7042;-1957;-38.2;13;5;1;7;38.5;26.8
2017-05;5;60;420;30;10;30;0.50;55175;268;0.6194;6056;6721;132.0;20;6;8;6;30.0;26.8
2017-05;6;1110;2820;35;10;30;0.50;52858;128;0.7031;3461;1259;26.0;10;2;4;4;20.0;26.8
2017-05;7;25;360;30;10;30;0.50;52596;277;0.6137;3151;2227;46.4;24;7;7;10;29.2;26.8
2017-05;8;25;330;30;10;30;0.50;52367;279;0.6129;-896;1285;27.8;23;5;8;10;21.7;26.8
2017-05;9;450;540;20;10;30;0.50;51837;337;0.5994;9892;-4163;-82.0;30;7;7;16;23.3;26.8
2017-05;10;1590;1770;20;10;30;0.50;51491;220;0.6318;4921;-3151;-62.4;16;4;3;9;25.0;26.8
2017-06;1;60;420;30;10;30;0.50;64778;268;0.6306;6721;2688;54.8;18;7;4;7;38.9;26.8
2017-06;2;120;330;30;10;30;0.50;63505;265;0.6302;5738;3487;70.6;21;6;7;8;28.6;26.8
2017-06;3;60;360;25;10;30;0.50;58989;329;0.6079;3332;8553;166.4;24;7;10;7;29.2;26.8
2017-06;4;9;360;30;10;30;0.50;56228;299;0.6120;4607;3643;73.4;19;7;5;7;36.8;26.8
2017-06;5;240;480;25;10;30;0.50;54364;315;0.6063;981;-2836;-55.0;25;6;6;13;24.0;26.8
2017-06;6;20;360;25;10;30;0.50;53979;345;0.6000;7391;3332;67.8;23;6;8;9;26.1;26.8
2017-06;7;2490;2880;25;10;30;0.50;52936;154;0.6753;6534;3461;68.8;8;4;2;2;50.0;26.8
2017-06;8;5;900;30;15;40;0.50;52749;204;0.6863;4791;4509;134.0;15;5;6;4;33.3;28.5
2017-06;9;510;570;20;15;40;0.50;52377;281;0.6548;1785;5615;165.4;14;2;9;3;14.3;28.5
2017-06;10;15;390;30;10;30;0.50;51911;283;0.6113;5421;-2397;-46.6;19;5;4;10;26.3;26.8
2017-07;1;90;360;30;10;30;0.50;58748;251;0.6295;12282;9892;190.6;21;6;10;5;28.6;26.8
2017-07;2;60;360;25;10;30;0.50;57721;313;0.6102;8553;4137;83.6;26;7;9;10;26.9;26.8
2017-07;3;120;330;30;10;30;0.50;57521;248;0.6290;3487;8716;169.2;22;6;10;6;27.3;26.8
2017-07;4;60;420;30;10;30;0.50;55136;255;0.6235;2688;10914;209.2;22;7;10;5;31.8;26.8
2017-07;5;120;1170;25;10;30;0.50;54361;235;0.6298;9043;6721;132.0;20;3;11;6;15.0;26.8
2017-07;6;1530;1980;30;10;30;0.50;53895;159;0.6730;3151;-5804;-118.2;13;0;4;9;0.0;26.8
2017-07;7;1560;1950;30;10;30;0.50;52249;160;0.6687;2201;25;1.8;13;2;5;6;15.4;26.8
2017-07;8;1380;1410;30;10;30;0.50;51453;207;0.6377;7042;1589;33.4;19;4;7;8;21.1;26.8
2017-07;9;90;330;30;10;30;0.50;51113;250;0.6200;5897;6561;129.2;22;6;9;7;27.3;26.8
2017-07;10;1590;1770;20;10;30;0.50;50772;213;0.6338;5897;-6227;-126.6;19;3;4;12;15.8;26.8
2017-08;1;120;330;30;10;30;0.50;68825;249;0.6426;8716;-5046;-100.6;29;2;11;16;6.9;26.8
2017-08;2;90;360;30;10;30;0.50;67018;250;0.6400;9892;-1932;-36.4;26;3;10;13;11.5;26.8
2017-08;3;60;420;30;10;30;0.50;64489;257;0.6342;10914;-1785;-33.6;24;2;10;12;8.3;26.8
2017-08;4;120;450;30;10;30;0.50;61714;253;0.6324;13156;981;22.2;27;5;10;12;18.5;26.8
2017-08;5;120;1170;25;10;30;0.50;59424;232;0.6379;6721;-1489;-28.0;20;5;5;10;25.0;26.8
2017-08;6;120;240;30;10;30;0.50;58788;264;0.6250;8716;-5921;-119.2;28;1;11;16;3.6;26.8
2017-08;7;1470;1860;15;15;40;0.50;57753;180;0.7111;6446;-580;-15.2;18;4;6;8;22.2;28.5
2017-08;8;390;750;25;10;30;0.50;57285;250;0.6280;13326;-1785;-33.6;24;6;6;12;25.0;26.8
2017-08;9;30;480;30;10;30;0.50;53476;256;0.6211;9892;-5780;-116.4;26;2;9;15;7.7;26.8
2017-08;10;90;330;30;10;30;0.50;51340;248;0.6210;6561;-4761;-95.0;25;1;10;14;4.0;26.8
2017-09;1;120;450;30;10;30;0.50;67312;261;0.6360;981;201;6.4;24;7;6;11;29.2;26.8
2017-09;2;60;300;30;10;30;0.50;64778;268;0.6306;6083;-1020;-17.8;27;8;6;13;29.6;26.8
2017-09;3;60;420;30;10;30;0.50;63996;261;0.6322;-1785;201;6.4;24;6;7;11;25.0;26.8
2017-09;4;90;360;30;10;30;0.50;62974;256;0.6328;-1932;-1637;-30.8;22;6;5;11;27.3;26.8
2017-09;5;120;330;30;10;30;0.50;60988;259;0.6293;-5046;-1020;-17.8;27;11;3;13;40.7;26.8
2017-09;6;60;360;25;10;30;0.50;60427;317;0.6120;6083;-2372;-44.8;32;10;6;16;31.2;26.8
2017-09;7;330;750;25;10;30;0.50;59984;254;0.6299;8553;-6648;-135.0;25;4;6;15;16.0;26.8
2017-09;8;390;570;30;10;30;0.50;58470;240;0.6333;6242;-9205;-190.8;22;4;3;15;18.2;26.8
2017-09;9;300;690;30;10;30;0.50;57995;244;0.6311;6402;351;9.2;22;7;5;10;31.8;26.8
2017-09;10;60;360;30;10;30;0.50;56579;256;0.6250;7391;5263;105.0;25;8;8;9;32.0;26.8
2017-10;1;120;1170;25;10;30;0.50;66976;237;0.6456;6882;1589;33.4;19;4;7;8;21.1;26.8
2017-10;2;180;270;25;10;30;0.50;61475;335;0.6090;3825;351;9.2;22;5;7;10;22.7;26.8
2017-10;3;60;420;30;10;30;0.50;60025;267;0.6255;201;-5497;-110.8;22;3;6;13;13.6;26.8
2017-10;4;120;330;30;10;30;0.50;59785;269;0.6245;-1020;-3441;-68.0;20;5;4;11;25.0;26.8
2017-10;5;120;450;30;10;30;0.50;58788;264;0.6250;201;-10176;-212.2;23;3;4;16;13.0;26.8
2017-10;6;60;360;30;10;30;0.50;58788;264;0.6250;5263;351;9.2;22;6;6;10;27.3;26.8
2017-10;7;120;240;25;10;30;0.50;57368;356;0.6011;5765;-871;-15.0;25;9;4;12;36.0;26.8
2017-10;8;300;690;30;10;30;0.50;57285;250;0.6280;351;-274;-3.8;17;3;6;8;17.6;26.8
2017-10;9;210;270;25;10;30;0.50;57092;345;0.6029;2868;-1785;-33.6;24;4;8;12;16.7;26.8
2017-10;10;90;360;30;10;30;0.50;56109;260;0.6231;-1637;-2397;-46.6;19;4;5;10;21.1;26.8
2017-11;1;120;1170;25;10;30;0.50;64695;242;0.6405;1589;-6086;-123.8;17;3;3;11;17.6;26.8
2017-11;2;120;240;25;10;30;0.50;60068;360;0.6028;-871;9398;182.2;27;10;9;8;37.0;26.8
2017-11;3;180;270;25;10;30;0.50;59268;340;0.6059;351;1285;27.8;23;4;9;10;17.4;26.8
2017-11;4;90;360;25;10;30;0.50;55839;329;0.6049;3177;-3272;-63.4;31;6;9;16;19.4;26.8
2017-11;5;300;690;30;10;30;0.50;55369;253;0.6245;-274;-424;-6.6;19;5;5;9;26.3;26.8
2017-11;6;330;540;30;10;30;0.50;54207;263;0.6198;4764;2534;52.0;20;7;5;8;35.0;26.8
2017-11;7;90;1170;25;10;30;0.50;51795;244;0.6230;502;-4475;-89.4;21;3;6;12;14.3;26.8
2017-11;8;90;300;30;10;30;0.50;51644;272;0.6140;4607;2227;46.4;24;7;7;10;29.2;26.8
2017-11;9;300;780;30;10;30;0.50;51302;235;0.6255;4921;5580;110.6;21;7;7;7;33.3;26.8
2017-11;10;360;540;25;15;40;0.50;50544;249;0.6627;202;-6160;-188.0;20;4;4;12;20.0;28.5
2017-12;1;300;780;30;10;30;0.50;78645;227;0.6652;5580;-9771;-203.8;17;3;1;13;17.6;26.8
2017-12;2;300;690;30;10;30;0.50;64448;244;0.6393;-424;-6086;-123.8;17;4;2;11;23.5;26.8
2017-12;3;330;540;30;10;30;0.50;60465;250;0.6320;2534;-6086;-123.8;17;4;2;11;23.5;26.8
2017-12;4;2;720;10;15;40;0.50;58786;305;0.6557;8661;2586;79.2;22;8;6;8;36.4;28.5
2017-12;5;330;750;25;10;30;0.50;58272;255;0.6275;-1637;-424;-6.6;19;4;6;9;21.1;26.8
2017-12;6;270;480;30;10;30;0.50;58272;255;0.6275;7714;-6086;-123.8;17;2;4;11;11.8;26.8
2017-12;7;330;570;30;10;30;0.50;57285;250;0.6280;3643;-6951;-142.4;16;2;3;11;12.5;26.8
2017-12;8;90;300;30;10;30;0.50;55642;264;0.6212;2227;-6951;-142.4;16;2;3;11;12.5;26.8
2017-12;9;120;240;25;10;30;0.50;51609;339;0.5988;9398;1437;30.6;21;7;5;9;33.3;26.8
2017-12;10;300;630;30;10;30;0.50;51568;246;0.6220;5738;-7947;-163.8;17;3;2;12;17.6;26.8
2018-01;1;120;240;25;10;30;0.50;59707;323;0.6099;1437;-2640;-48.6;49;9;16;24;18.4;26.8
2018-01;2;25;600;10;15;40;0.50;52275;302;0.6490;3393;6375;189.6;36;9;15;12;25.0;28.5
2018-01;3;25;570;10;15;40;0.50;51020;315;0.6444;5308;6924;205.4;39;8;18;13;20.5;28.5
2018-01;4;2;720;10;15;40;0.50;50715;296;0.6486;2586;6924;205.4;39;13;13;13;33.3;28.5
2018-01;5;1470;1830;20;10;30;0.50;50470;189;0.6455;2047;-1193;-22.4;16;5;3;8;31.2;26.8
2018-01;6;180;270;25;10;30;0.50;50098;299;0.6054;502;-4426;-85.8;47;7;16;24;14.9;26.8
2018-01;7;15;360;25;10;30;0.50;49462;318;0.6006;4450;2586;55.6;46;9;17;20;19.6;26.8
2018-01;8;90;240;30;10;30;0.50;49310;266;0.6128;-2397;-2957;-56.0;40;7;13;20;17.5;26.8
2018-01;9;150;210;15;15;40;0.50;47776;338;0.6361;8103;1172;40.6;46;10;17;19;21.7;28.5
2018-01;10;270;480;30;10;30;0.50;47638;241;0.6183;-6086;1615;35.2;32;10;8;14;31.2;26.8
2018-02;1;25;600;10;15;40;0.50;66466;304;0.6645;6375;-624;-14.8;32;7;11;14;21.9;28.5
2018-02;2;25;570;10;15;40;0.50;65946;320;0.6594;6924;-4206;-124.8;32;7;9;16;21.9;28.5
2018-02;3;25;300;15;15;40;0.50;65057;324;0.6574;16575;-6704;-203.2;38;11;7;20;28.9;28.5
2018-02;4;30;270;15;15;40;0.50;64136;335;0.6537;16262;-11703;-368.2;38;8;7;23;21.1;28.5
2018-02;5;2;720;10;15;40;0.50;63438;304;0.6612;6924;-3193;-93.4;31;8;8;15;25.8;28.5
2018-02;6;20;690;10;15;40;0.50;58430;293;0.6587;6375;4463;134.4;29;10;9;10;34.5;28.5
2018-02;7;60;210;30;10;30;0.50;54710;272;0.6176;7096;-2226;-42.0;30;7;8;15;23.3;26.8
2018-02;8;25;630;10;15;40;0.50;54300;299;0.6522;8346;-357;-7.0;30;8;9;13;26.7;28.5
2018-02;9;150;210;15;15;40;0.50;54095;341;0.6422;1172;-5230;-156.0;40;7;13;20;17.5;28.5
2018-02;10;20;720;10;15;40;0.50;53096;298;0.6510;7500;-7411;-227.0;30;4;9;17;13.3;28.5
2018-03;1;120;240;25;10;30;0.50;60028;347;0.6052;-1907;-5331;-106.2;33;8;7;18;24.2;26.8
2018-03;2;20;690;10;15;40;0.50;59248;296;0.6588;4463;-357;-7.0;30;9;8;13;30.0;28.5
2018-03;3;25;600;10;15;40;0.50;58750;312;0.6538;-624;3092;95.2;32;12;8;12;37.5;28.5
2018-03;4;60;300;15;15;40;0.50;53715;336;0.6429;6090;3370;103.0;30;10;9;11;33.3;28.5
2018-03;5;25;300;15;15;40;0.50;53303;338;0.6420;-6704;5285;158.0;30;13;7;10;43.3;28.5
2018-03;6;25;570;10;15;40;0.50;52960;326;0.6442;-4206;3903;118.8;33;14;7;12;42.4;28.5
2018-03;7;15;360;25;10;30;0.50;50438;336;0.5982;-4594;-2372;-44.8;32;6;10;16;18.8;26.8
2018-03;8;60;210;30;10;30;0.50;48900;283;0.6078;-2226;-1020;-17.8;27;8;6;13;29.6;26.8
2018-03;9;25;660;10;15;40;0.50;48704;306;0.6438;2288;2563;79.4;29;10;8;11;34.5;28.5
2018-03;10;2;720;10;15;40;0.50;48306;308;0.6429;-3193;7235;213.0;30;13;8;9;43.3;28.5
2018-04;1;25;600;10;15;40;0.50;63769;323;0.6563;3092;-1906;-54.2;28;6;9;13;21.4;28.5
2018-04;2;25;510;10;15;40;0.50;60287;339;0.6490;5828;3115;95.0;25;10;6;9;40.0;28.5
2018-04;3;60;390;10;15;40;0.50;59822;348;0.6466;8637;-4442;-132.8;27;6;7;14;22.2;28.5
2018-04;4;20;210;20;10;30;0.50;59073;435;0.5908;-374;-4594;-90.4;36;8;9;19;22.2;26.8
2018-04;5;20;690;10;15;40;0.50;58786;305;0.6557;-357;2839;87.2;27;7;10;10;25.9;28.5
2018-04;6;25;570;10;15;40;0.50;57795;337;0.6469;3903;2839;87.2;27;9;8;10;33.3;28.5
2018-04;7;2;720;10;15;40;0.50;56247;317;0.6498;7235;180;8.6;26;5;10;11;19.2;28.5
2018-04;8;3;660;10;15;40;0.50;56247;317;0.6498;5285;-6913;-211.4;26;4;7;15;15.4;28.5
2018-04;9;25;300;15;15;40;0.50;56143;338;0.6450;5285;968;32.2;27;10;6;11;37.0;28.5
2018-04;10;25;210;20;10;30;0.50;54988;443;0.5869;-3247;-2811;-53.2;38;12;7;19;31.6;26.8
2018-05;1;20;690;10;15;40;0.50;62964;313;0.6581;2839;-4699;-140.6;29;6;8;15;20.7;28.5
2018-05;2;25;570;10;15;40;0.50;62819;341;0.6510;2839;-1156;-30.4;36;8;12;16;22.2;28.5
2018-05;3;25;300;15;15;40;0.50;59857;341;0.6481;968;3070;95.4;39;17;7;15;43.6;28.5
2018-05;4;25;510;10;15;40;0.50;59857;341;0.6481;3115;-7432;-226.8;37;8;9;20;21.6;28.5
2018-05;5;25;600;10;15;40;0.50;58645;333;0.6486;-1906;3625;111.0;35;9;13;13;25.7;28.5
2018-05;6;30;510;10;15;40;0.50;56143;338;0.6450;2310;675;24.6;36;9;12;15;25.0;28.5
2018-05;7;60;390;10;15;40;0.50;53235;352;0.6392;-4442;7765;229.0;40;15;12;13;37.5;28.5
2018-05;8;2;720;10;15;40;0.50;52960;326;0.6442;180;-111;1.0;35;9;11;15;25.7;28.5
2018-05;9;30;300;15;15;40;0.50;50481;345;0.6377;3926;-5484;-163.8;42;11;10;21;26.2;28.5
2018-05;10;90;330;10;15;40;0.50;49240;358;0.6341;1762;653;24.8;43;12;13;18;27.9;28.5
2018-06;1;25;300;15;15;40;0.50;56880;355;0.6423;3070;405;16.8;38;9;13;16;23.7;28.5
2018-06;2;60;390;10;15;40;0.50;50785;364;0.6346;7765;-2191;-61.8;37;13;7;17;35.1;28.5
2018-06;3;25;600;10;15;40;0.50;49708;342;0.6374;3625;2816;87.4;34;8;13;13;23.5;28.5
2018-06;4;1140;1860;15;20;60;0.50;49445;121;0.6860;4751;-1588;-61.0;15;3;4;8;20.0;25.9
2018-06;5;25;570;10;15;40;0.50;46952;349;0.6332;-1156;-1928;-54.0;35;6;13;16;17.1;28.5
2018-06;6;1110;1950;15;20;60;0.50;46485;121;0.6777;4751;3501;140.4;14;6;3;5;42.9;25.9
2018-06;7;810;870;25;10;30;0.50;45294;289;0.6021;12648;-4163;-82.0;30;10;4;16;33.3;26.8
2018-06;8;2430;2760;30;10;30;0.50;45289;129;0.6822;2201;-3151;-62.4;16;6;1;9;37.5;26.8
2018-06;9;1170;1890;15;20;60;0.50;45085;120;0.6750;7899;401;19.0;15;4;4;7;26.7;25.9
2018-06;10;1680;1710;10;20;50;0.50;45074;190;0.7053;6743;7154;279.2;22;8;9;5;36.4;29.6
2018-07;1;20;660;10;10;30;0.50;60433;477;0.5870;6110;-2519;-47.6;34;9;8;17;26.5;26.8
2018-07;2;90;330;10;15;40;0.50;57127;388;0.6366;9762;-1400;-38.4;31;8;9;14;25.8;28.5
2018-07;3;30;600;10;15;40;0.50;56109;345;0.6435;10947;-2410;-70.0;25;5;8;12;20.0;28.5
2018-07;4;300;1020;25;10;30;0.50;55136;255;0.6235;9398;-2397;-46.6;19;2;7;10;10.5;26.8
2018-07;5;25;600;10;15;40;0.50;54440;353;0.6402;2816;-89;0.8;28;10;6;12;35.7;28.5
2018-07;6;240;270;20;20;60;0.50;54308;241;0.6100;3171;-3614;-143.8;17;6;1;10;35.3;25.9
2018-07;7;60;2160;10;20;60;0.50;52222;150;0.6600;9816;2512;101.8;13;2;6;5;15.4;25.9
2018-07;8;870;930;20;25;70;0.50;52100;160;0.6813;749;-9966;-521.8;12;0;1;11;0.0;27.1
2018-07;9;4;750;10;10;30;0.50;52032;482;0.5809;13724;-10982;-229.0;35;5;8;22;14.3;26.8
2018-07;10;3;750;10;15;30;0.50;51403;421;0.7648;4185;-7083;-217.8;27;7;7;13;25.9;34.9
2018-08;1;25;600;10;15;40;0.50;59358;357;0.6443;-89;-3690;-109.2;28;7;7;14;25.0;28.5
2018-08;2;25;300;15;15;40;0.50;57585;379;0.6385;-1134;7235;213.0;30;9;12;9;30.0;28.5
2018-08;3;90;330;10;15;40;0.50;56285;392;0.6352;-1400;2013;63.8;33;10;10;13;30.3;28.5
2018-08;4;30;600;10;15;40;0.50;55690;347;0.6427;-2410;-5442;-164.2;28;6;7;15;21.4;28.5
2018-08;5;30;480;10;20;50;0.50;55576;281;0.6833;1999;-3543;-140.8;22;5;6;11;22.7;29.6
2018-08;6;240;270;20;20;60;0.50;54308;241;0.6100;-3614;-4765;-190.8;22;2;7;13;9.1;25.9
2018-08;7;60;2160;10;20;60;0.50;53691;151;0.6623;2512;1695;68.8;8;3;2;3;37.5;25.9
2018-08;8;60;420;10;20;50;0.50;49725;283;0.6749;4144;-7475;-306.4;26;5;6;15;19.2;29.6
2018-08;9;2;750;10;10;30;0.50;49281;493;0.5781;-2519;-10423;-216.0;40;9;7;24;22.5;26.8
2018-08;10;3;750;10;10;30;0.50;49057;495;0.5778;-5473;-13137;-277.4;41;7;8;26;17.1;26.8
2018-09;1;90;330;10;15;40;0.50;56285;392;0.6352;2013;-11446;-360.6;29;1;9;19;3.4;28.5
2018-09;2;240;390;20;25;70;0.50;55923;176;0.6761;5392;-986;-46.8;12;3;3;6;25.0;27.1
2018-09;3;25;300;15;15;40;0.50;54338;374;0.6364;7235;-602;-15.0;25;9;5;11;36.0;28.5
2018-09;4;60;1590;10;20;60;0.50;51372;164;0.6463;4584;-4459;-179.6;14;4;1;9;28.6;25.9
2018-09;5;60;2160;10;20;60;0.50;51008;145;0.6621;1695;2594;104.6;11;4;3;4;36.4;25.9
2018-09;6;60;420;10;15;40;0.50;49575;370;0.6324;-7183;-7411;-227.0;30;8;5;17;26.7;28.5
2018-09;7;90;330;10;15;30;0.50;49228;481;0.7547;1715;-5665;-171.8;37;8;14;15;21.6;34.9
2018-09;8;5;630;15;15;40;0.50;48605;327;0.6391;7235;-1378;-38.6;24;10;3;11;41.7;28.5
2018-09;9;270;1170;10;20;60;0.50;46368;173;0.6301;6697;-6427;-262.4;16;1;4;11;6.2;25.9
2018-09;10;3;600;15;15;40;0.50;46230;339;0.6342;12121;-602;-15.0;25;10;4;11;40.0;28.5
2018-10;1;20;660;10;10;30;0.50;57214;464;0.5862;1310;-1440;-24.4;46;11;13;22;23.9;26.8
2018-10;2;1;1290;15;20;60;0.50;54555;187;0.6364;481;-2606;-102.4;16;4;3;9;25.0;25.9
2018-10;3;90;330;15;20;50;0.50;51874;285;0.6772;4202;1665;69.2;22;7;7;8;31.8;29.6
2018-10;4;3;600;15;15;40;0.50;48939;339;0.6372;-602;697;24.4;29;11;6;12;37.9;28.5
2018-10;5;3;1290;15;20;60;0.50;48849;181;0.6298;4584;-2606;-102.4;16;3;4;9;18.8;25.9
2018-10;6;25;300;15;15;40;0.50;48010;371;0.6307;-602;10674;307.2;27;12;9;6;44.4;28.5
2018-10;7;240;390;20;25;70;0.50;47764;172;0.6628;-986;-3849;-193.2;13;3;2;8;23.1;27.1
2018-10;8;2;600;15;15;40;0.50;47017;335;0.6358;1240;4183;126.6;31;13;7;11;41.9;28.5
2018-10;9;4;480;15;15;40;0.50;46952;349;0.6332;180;3370;103.0;30;13;6;11;43.3;28.5
2018-10;10;20;480;15;15;40;0.50;45870;334;0.6347;2036;1762;55.8;28;8;9;11;28.6;28.5
2018-11;1;25;300;15;15;40;0.50;63076;374;0.6444;10674;-6432;-195.6;29;7;6;16;24.1;28.5
2018-11;2;6;360;15;15;40;0.50;55935;380;0.6368;13003;-5949;-179.8;32;9;6;17;28.1;28.5
2018-11;3;4;360;15;15;40;0.50;54684;386;0.6347;20340;-4206;-124.8;32;10;6;16;31.2;28.5
2018-11;4;20;480;15;15;40;0.50;50919;336;0.6399;1762;-3949;-117.0;30;10;5;15;33.3;28.5
2018-11;5;2;360;15;15;40;0.50;49878;389;0.6298;20340;-624;-14.8;32;11;7;14;34.4;28.5
2018-11;6;4;480;15;15;40;0.50;48873;353;0.6346;3370;-7162;-219.2;28;7;5;16;25.0;28.5
2018-11;7;90;330;15;20;50;0.50;48746;287;0.6725;1665;-811;-29.4;21;5;7;9;23.8;29.6
2018-11;8;3;360;15;15;40;0.50;48342;383;0.6292;20340;-624;-14.8;32;10;8;14;31.2;28.5
2018-11;9;2310;2520;20;15;40;0.50;47504;148;0.7162;7861;-5886;-180.4;11;3;0;8;27.3;28.5
2018-11;10;1;330;15;15;40;0.50;47449;408;0.6250;20340;-1400;-38.4;31;11;6;14;35.5;28.5
2018-12;1;60;2160;10;20;60;0.50;54060;145;0.6690;4667;562;24.6;11;2;4;5;18.2;25.9
2018-12;2;25;300;15;15;40;0.50;48375;376;0.6303;-6432;-1906;-54.2;28;5;10;13;17.9;28.5
2018-12;3;1260;1890;25;10;30;0.50;47414;163;0.6564;2201;2997;60.4;14;4;5;5;28.6;26.8
2018-12;4;660;690;30;25;70;0.50;45336;146;0.6781;6839;3921;194.6;11;3;5;3;27.3;27.1
2018-12;5;1;330;15;15;40;0.50;43991;412;0.6214;-1400;-10989;-344.8;32;5;7;20;15.6;28.5
2018-12;6;30;480;10;20;60;0.50;43814;242;0.5950;8506;9816;377.6;16;9;4;3;56.2;25.9
2018-12;7;1;1290;15;20;60;0.50;43814;192;0.6146;1289;-4383;-176.8;12;1;3;8;8.3;25.9
2018-12;8;750;840;20;20;50;0.50;43200;230;0.6826;7506;-3598;-143.8;17;3;5;9;17.6;29.6
2018-12;9;25;810;20;30;90;0.50;42977;115;0.6696;6858;-4194;-254.0;10;2;1;7;20.0;25.6
2018-12;10;20;1320;10;20;50;0.50;42957;215;0.6884;4144;2334;94.8;18;5;7;6;27.8;29.6
2019-01;1;30;480;10;20;60;0.50;55672;244;0.6107;9816;-638;-22.4;16;2;6;8;12.5;25.9
2019-01;2;1260;1890;25;10;30;0.50;51565;166;0.6627;2997;-896;-16.8;12;2;4;6;16.7;26.8
2019-01;3;30;210;15;15;40;0.50;51362;409;0.6284;7235;-602;-15.0;25;10;4;11;40.0;28.5
2019-01;4;7;1110;10;10;30;0.50;50402;403;0.5881;7741;-10714;-223.4;31;6;5;20;19.4;26.8
2019-01;5;60;2160;10;20;60;0.50;49446;146;0.6575;562;-5448;-221.0;15;1;4;10;6.7;25.9
2019-01;6;660;690;30;25;70;0.50;47882;148;0.6824;3921;-986;-46.8;12;3;3;6;25.0;27.1
2019-01;7;6;2190;15;20;50;0.50;45303;173;0.7168;4085;-3281;-131.0;15;2;5;8;13.3;29.6
2019-01;8;390;690;40;20;60;0.50;45201;143;0.6503;3667;1614;66.0;10;2;4;4;20.0;25.9
2019-01;9;1650;1710;10;20;50;0.50;45156;195;0.7026;8214;3007;120.4;14;5;5;4;35.7;29.6
2019-01;10;810;870;25;10;30;0.50;44896;306;0.5980;9562;-1341;-25.2;18;4;5;9;22.2;26.8
2019-02;1;30;210;15;15;40;0.50;55483;389;0.6350;-602;202;8.4;19;8;3;8;42.1;28.5
2019-02;2;150;1200;10;20;60;0.50;53568;178;0.6404;7813;3667;146.0;10;3;4;3;30.0;25.9
2019-02;3;20;690;15;20;60;0.50;51372;214;0.6168;-559;642;27.4;9;3;2;4;33.3;25.9
2019-02;4;10;780;15;20;50;0.50;51102;240;0.6917;3404;-598;-22.6;9;4;1;4;44.4;29.6
2019-02;5;2340;2520;20;15;40;0.50;50204;155;0.7161;4791;-4143;-125.4;11;2;2;7;18.2;28.5
2019-02;6;30;480;10;20;60;0.50;50166;234;0.6068;-638;3584;143.2;12;3;5;4;25.0;25.9
2019-02;7;60;2160;10;20;60;0.50;49565;144;0.6597;-5448;-2294;-91.2;8;2;1;5;25.0;25.9
2019-02;8;9;780;15;20;50;0.50;49538;241;0.6888;3404;-598;-22.6;9;4;1;4;44.4;29.6
2019-02;9;4;2130;15;20;50;0.50;49419;172;0.7267;-1571;-4703;-191.2;8;0;2;6;0.0;29.6
2019-02;10;1800;2100;20;15;40;0.50;48998;161;0.7081;8709;-6621;-204.0;10;2;0;8;20.0;28.5
2019-03;1;10;780;15;20;50;0.50;55716;227;0.7048;-598;-215;-6.8;12;3;4;5;25.0;29.6
2019-03;2;30;210;15;15;40;0.50;54787;365;0.6384;202;-5907;-180.2;18;3;4;11;16.7;28.5
2019-03;3;9;780;15;20;50;0.50;53011;227;0.7004;-598;-215;-6.8;12;3;4;5;25.0;29.6
2019-03;4;150;1200;10;20;60;0.50;52466;171;0.6433;3667;2594;104.6;11;0;7;4;0.0;25.9
2019-03;5;4;360;15;15;40;0.50;51224;355;0.6366;6160;-2126;-62.4;16;3;5;8;18.8;28.5
2019-03;6;810;870;25;10;30;0.50;50022;273;0.6117;2047;-3006;-59.6;14;2;4;8;14.3;26.8
2019-03;7;3;330;15;15;40;0.50;47645;366;0.6311;5049;6446;189.0;15;5;7;3;33.3;28.5
2019-03;8;10;840;15;20;50;0.50;46128;223;0.6906;2949;1550;63.2;12;3;5;4;25.0;29.6
2019-03;9;4;630;15;15;40;0.50;45967;313;0.6390;472;-3648;-109.6;14;3;3;8;21.4;28.5
2019-03;10;60;420;10;20;50;0.50;45914;272;0.6728;1550;170;9.0;15;5;4;6;33.3;29.6
2019-04;1;10;780;15;20;50;0.50;54436;216;0.7083;-215;-923;-35.4;11;5;1;5;45.5;29.6
2019-04;2;9;780;15;20;50;0.50;53340;215;0.7070;-215;-923;-35.4;11;5;1;5;45.5;29.6
2019-04;3;150;1200;10;20;60;0.50;52832;165;0.6485;2594;1695;68.8;8;2;3;3;25.0;25.9
2019-04;4;3;330;15;15;40;0.50;49708;342;0.6374;6446;742;24.0;15;7;2;6;46.7;28.5
2019-04;5;8;1440;10;20;60;0.50;49565;169;0.6391;6868;804;33.0;5;3;0;2;60.0;25.9
2019-04;6;15;1410;10;20;60;0.50;45434;164;0.6341;1614;-240;-8.4;6;2;1;3;33.3;25.9
2019-04;7;15;1440;10;20;60;0.50;45201;168;0.6310;6868;-2216;-88.4;6;1;1;4;16.7;25.9
2019-04;8;150;1080;20;20;50;0.50;44909;180;0.7111;4770;2949;117.4;9;4;3;2;44.4;29.6
2019-04;9;30;480;10;20;60;0.50;44044;213;0.6056;3667;-3305;-132.6;9;1;2;6;11.1;25.9
2019-04;10;10;750;15;20;50;0.50;43979;216;0.6898;-215;829;34.6;11;6;1;4;54.5;29.6
2019-05;1;4;1440;10;20;60;0.50;57804;160;0.6625;723;1695;68.8;8;3;2;3;37.5;25.9
2019-05;2;150;1200;10;20;60;0.50;57804;160;0.6625;1695;-3305;-132.6;9;2;1;6;22.2;25.9
2019-05;3;8;1440;10;20;60;0.50;57678;162;0.6605;804;-1351;-52.6;9;4;0;5;44.4;25.9
2019-05;4;5;1440;10;20;60;0.50;56421;157;0.6624;723;642;27.4;9;4;1;4;44.4;25.9
2019-05;5;150;630;15;15;40;0.50;53231;270;0.6593;3973;-8811;-274.6;14;2;1;11;14.3;28.5
2019-05;6;1;1470;10;20;60;0.50;52710;167;0.6467;723;4835;190.2;7;3;3;1;42.9;25.9
2019-05;7;360;390;30;10;30;0.50;52062;255;0.6196;3306;1259;26.0;10;4;2;4;40.0;26.8
2019-05;8;15;1410;10;20;60;0.50;51857;156;0.6538;-240;-3305;-132.6;9;1;2;6;11.1;25.9
2019-05;9;7;1440;10;20;60;0.50;51614;160;0.6500;-240;642;27.4;9;4;1;4;44.4;25.9
2019-05;10;15;1440;10;20;60;0.50;51614;160;0.6500;-2216;-3305;-132.6;9;1;2;6;11.1;25.9
2019-06;1;1;1470;10;20;60;0.50;51857;156;0.6538;4835;5762;226.0;10;4;4;2;40.0;25.9
2019-06;2;360;390;30;10;30;0.50;49683;236;0.6229;1259;-2860;-56.8;12;1;4;7;8.3;26.8
2019-06;3;8;690;15;10;30;0.50;49127;361;0.5928;1589;-3731;-73.6;24;6;5;13;25.0;26.8
2019-06;4;5;1440;10;20;60;0.50;47899;147;0.6531;642;2676;107.4;9;1;5;3;11.1;25.9
2019-06;5;4;1440;10;20;60;0.50;47662;151;0.6490;1695;2676;107.4;9;1;5;3;11.1;25.9
2019-06;6;7;690;15;10;30;0.50;47531;362;0.5912;-424;-3731;-73.6;24;7;4;13;29.2;26.8
2019-06;7;90;270;15;20;60;0.50;47191;184;0.6250;-2372;-1509;-58.2;13;3;3;7;23.1;25.9
2019-06;8;150;630;15;15;40;0.50;46620;255;0.6549;-8811;-7121;-219.6;14;2;2;10;14.3;28.5
2019-06;9;4;660;15;10;30;0.50;46428;372;0.5887;-3441;-6648;-135.0;25;7;3;15;28.0;26.8
2019-06;10;8;1440;10;20;60;0.50;46134;152;0.6447;-1351;2676;107.4;9;1;5;3;11.1;25.9
2019-07;1;1;1470;10;20;60;0.50;56922;149;0.6711;5762;-4153;-168.4;6;1;0;5;16.7;25.9
2019-07;2;5;1440;10;20;60;0.50;51371;139;0.6691;2676;-4230;-171.2;8;0;2;6;0.0;25.9
2019-07;3;4;1440;10;20;60;0.50;51129;143;0.6643;2676;-4230;-171.2;8;1;1;6;12.5;25.9
2019-07;4;180;1050;15;15;40;0.50;49937;211;0.6777;472;1808;55.4;14;6;3;5;42.9;28.5
2019-07;5;2;1470;10;20;60;0.50;48254;141;0.6596;2676;-4153;-168.4;6;1;0;5;16.7;25.9
2019-07;6;1;1470;10;20;50;0.50;47873;173;0.7225;5173;-2004;-79.8;7;1;2;4;14.3;29.6
2019-07;7;10;780;15;20;50;0.50;46989;182;0.7143;5173;-598;-22.6;9;3;2;4;33.3;29.6
2019-07;8;6;1440;10;20;60;0.50;46720;142;0.6549;2676;-5145;-209.8;7;0;1;6;0.0;25.9
2019-07;9;180;390;25;10;30;0.50;46132;268;0.6082;5079;8363;161.8;13;4;7;2;30.8;26.8
2019-07;10;8;1440;10;20;60;0.50;45201;143;0.6503;2676;-3228;-129.8;7;1;1;5;14.3;25.9
2019-08;1;450;900;20;10;30;0.50;57245;237;0.6329;10553;2688;54.8;18;6;5;7;33.3;26.8
2019-08;2;180;390;25;10;30;0.50;55369;253;0.6245;8363;4607;92.0;20;9;4;7;45.0;26.8
2019-08;3;4;1050;20;10;30;0.50;53285;271;0.6162;4921;9043;174.8;18;9;5;4;50.0;26.8
2019-08;4;180;1050;15;15;40;0.50;52749;204;0.6863;1808;-5400;-164.6;14;2;3;9;14.3;28.5
2019-08;5;1;1020;20;10;30;0.50;50473;269;0.6134;7042;5580;110.6;21;8;6;7;38.1;26.8
2019-08;6;5;1080;20;10;30;0.50;50247;271;0.6125;4921;4764;94.8;18;7;5;6;38.9;26.8
2019-08;7;1;1050;20;10;30;0.50;49086;268;0.6119;8038;3487;70.6;21;7;6;8;33.3;26.8
2019-08;8;5;1050;20;10;30;0.50;48863;270;0.6111;4921;4764;94.8;18;7;5;6;38.9;26.8
2019-08;9;330;420;25;10;30;0.50;47195;245;0.6163;1107;-1193;-22.4;16;4;4;8;25.0;26.8
2019-08;10;1170;1950;25;10;30;0.50;45981;136;0.6765;-2568;326;7.4;9;2;3;4;22.2;26.8
2019-09;1;1;1020;20;10;30;0.50;63996;261;0.6322;5580;4764;94.8;18;3;9;6;16.7;26.8
2019-09;2;1;1050;20;10;30;0.50;62485;260;0.6308;3487;2688;54.8;18;2;9;7;11.1;26.8
2019-09;3;4;1050;20;10;30;0.50;62242;262;0.6298;9043;-274;-3.8;17;1;8;8;5.9;26.8
2019-09;4;2;1050;20;10;30;0.50;57089;265;0.6226;3487;2688;54.8;18;2;9;7;11.1;26.8
2019-09;5;5;1080;20;10;30;0.50;55875;262;0.6221;4764;-274;-3.8;17;1;8;8;5.9;26.8
2019-09;6;180;390;25;10;30;0.50;55330;240;0.6292;4607;-2397;-46.6;19;5;4;10;26.3;26.8
2019-09;7;4;1110;20;10;30;0.50;51606;259;0.6178;3643;-274;-3.8;17;1;8;8;5.9;26.8
2019-09;8;4;1080;20;10;30;0.50;51379;261;0.6169;3643;-274;-3.8;17;1;8;8;5.9;26.8
2019-09;9;1080;1230;25;10;30;0.50;49981;180;0.6500;1107;956;20.4;14;4;4;6;28.6;26.8
2019-09;10;5;1050;20;10;30;0.50;49759;262;0.6145;4764;-274;-3.8;17;1;8;8;5.9;26.8
2019-10;1;1;1020;20;10;30;0.50;71980;251;0.6454;4764;-4475;-89.4;21;6;3;12;28.6;26.8
2019-10;2;4;1110;20;10;30;0.50;65480;249;0.6386;-274;351;9.2;22;7;5;10;31.8;26.8
2019-10;3;1;1050;20;10;30;0.50;63709;250;0.6360;2688;-2543;-49.4;21;7;3;11;33.3;26.8
2019-10;4;4;1050;20;10;30;0.50;63463;252;0.6349;-274;351;9.2;22;7;5;10;31.8;26.8
2019-10;5;2;1050;20;10;30;0.50;58035;257;0.6265;2688;-1489;-28.0;20;5;5;10;25.0;26.8
2019-10;6;4;1080;20;10;30;0.50;57049;252;0.6270;-274;351;9.2;22;7;5;10;31.8;26.8
2019-10;7;5;1080;20;10;30;0.50;57049;252;0.6270;-274;351;9.2;22;8;4;10;36.4;26.8
2019-10;8;3;1080;20;10;30;0.50;55369;253;0.6245;1742;-573;-9.4;21;6;5;10;28.6;26.8
2019-10;9;6;1110;20;10;30;0.50;54400;248;0.6250;-274;-573;-9.4;21;7;4;10;33.3;26.8
2019-10;10;9;1050;20;10;30;0.50;54400;248;0.6250;1742;1437;30.6;21;7;5;9;33.3;26.8
2019-11;1;3;1080;20;10;30;0.50;55097;242;0.6281;-573;3151;63.2;12;3;5;4;25.0;26.8
2019-11;2;1;4560;20;10;30;0.50;55015;136;0.6985;4110;-449;-8.4;6;2;1;3;33.3;26.8
2019-11;3;1;1020;20;10;30;0.50;53898;239;0.6276;-4475;4110;81.8;13;4;5;4;30.8;26.8
2019-11;4;4;1110;20;10;30;0.50;53668;241;0.6266;351;1107;23.2;12;2;5;5;16.7;26.8
2019-11;5;4;1050;20;10;30;0.50;53437;243;0.6255;351;3151;63.2;12;3;5;4;25.0;26.8
2019-11;6;1;1050;20;10;30;0.50;50849;239;0.6234;-2543;4110;81.8;13;4;5;4;30.8;26.8
2019-11;7;1;4320;20;10;30;0.50;50808;146;0.6781;2047;1563;31.6;6;2;2;2;33.3;26.8
2019-11;8;1050;2280;25;10;30;0.50;50280;124;0.7016;6534;1563;31.6;6;1;3;2;16.7;26.8
2019-11;9;9;1050;20;10;30;0.50;49459;238;0.6218;1437;5237;103.2;12;4;5;3;33.3;26.8
2019-11;10;4;1080;20;10;30;0.50;49011;242;0.6198;351;1107;23.2;12;2;5;5;16.7;26.8
2019-12;1;3;1080;20;10;30;0.50;58906;223;0.6413;3151;-1045;-19.6;14;2;5;7;14.3;26.8
2019-12;2;3;1890;20;10;30;0.50;58269;175;0.6686;2354;-1810;-35.4;11;1;4;6;9.1;26.8
2019-12;3;1;1020;20;10;30;0.50;54322;222;0.6351;4110;-2104;-41.0;15;2;5;8;13.3;26.8
2019-12;4;4;1110;20;10;30;0.50;54322;222;0.6351;1107;25;1.8;13;3;4;6;23.1;26.8
2019-12;5;1;4320;20;10;30;0.50;53587;135;0.6963;1563;-3466;-69.8;7;0;2;5;0.0;26.8
2019-12;6;9;1050;20;10;30;0.50;53129;219;0.6347;5237;-2860;-56.8;12;3;2;7;25.0;26.8
2019-12;7;4;1170;20;10;30;0.50;53129;219;0.6347;4110;-896;-16.8;12;3;3;6;25.0;26.8
2019-12;8;3;1170;20;10;30;0.50;52671;223;0.6323;4110;-1957;-38.2;13;2;4;7;15.4;26.8
2019-12;9;2;4320;20;10;30;0.50;52629;130;0.7000;3617;-3466;-69.8;7;0;2;5;0.0;26.8
2019-12;10;3;1200;20;10;30;0.50;52442;225;0.6311;4110;-896;-16.8;12;3;3;6;25.0;26.8
2020-01;1;180;390;25;10;30;0.50;50432;176;0.6534;1259;-4642;-94.0;10;1;2;7;10.0;26.8
2020-01;2;3;1890;20;10;30;0.50;48562;166;0.6566;-1810;2201;44.6;11;5;2;4;45.5;26.8
2020-01;3;30;3360;20;10;30;0.50;47782;133;0.6842;-1514;-598;-11.2;8;2;2;4;25.0;26.8
2020-01;4;20;3120;20;10;30;0.50;47118;139;0.6763;326;-2568;-51.2;8;2;1;5;25.0;26.8
2020-01;5;1050;2280;25;10;30;0.50;47044;113;0.7080;477;3306;66.0;10;5;2;3;50.0;26.8
2020-01;6;3;2010;20;10;30;0.50;44710;161;0.6522;-1810;-748;-14.0;10;4;1;5;40.0;26.8
2020-01;7;10;3120;25;10;30;0.50;44383;124;0.6855;6534;-598;-11.2;8;3;1;4;37.5;26.8
2020-01;8;5;1140;20;10;30;0.50;43953;208;0.6250;25;5237;103.2;12;3;6;3;25.0;26.8
2020-01;9;4;1110;20;10;30;0.50;43737;210;0.6238;25;5237;103.2;12;3;6;3;25.0;26.8
2020-01;10;1;3360;25;10;30;0.50;43519;132;0.6742;4580;-598;-11.2;8;3;1;4;37.5;26.8
2020-02;1;3;1890;20;10;30;0.50;49680;156;0.6667;2201;-2714;-54.0;10;1;3;6;10.0;26.8
2020-02;2;1020;2310;25;10;30;0.50;46346;106;0.7170;6534;628;13.0;5;1;2;2;20.0;26.8
2020-02;3;1;1020;20;10;30;0.50;43485;199;0.6281;6215;6882;134.8;18;7;6;5;38.9;26.8
2020-02;4;1050;2280;25;10;30;0.50;43016;110;0.7000;3306;628;13.0;5;1;2;2;20.0;26.8
2020-02;5;3;1860;20;10;30;0.50;42268;157;0.6497;2201;-748;-14.0;10;1;4;5;10.0;26.8
2020-02;6;2;1860;20;10;30;0.50;42055;159;0.6478;2201;-4642;-94.0;10;1;2;7;10.0;26.8
2020-02;7;1320;1770;25;10;30;0.50;41062;115;0.6870;-1662;-1662;-32.6;9;3;1;5;33.3;26.8
2020-02;8;150;330;20;10;30;0.50;40467;214;0.6168;7364;-3441;-68.0;20;1;8;11;5.0;26.8
2020-02;9;210;1260;15;10;30;0.50;40395;188;0.6277;7364;2997;60.4;14;3;6;5;21.4;26.8
2020-02;10;30;3120;20;10;30;0.50;40218;123;0.6748;-598;477;10.2;7;1;3;3;14.3;26.8
2020-03;1;1;1020;20;10;30;0.50;49794;195;0.6410;6882;-12439;-259.8;57;11;13;33;19.3;26.8
2020-03;2;3;1890;20;10;30;0.50;46018;149;0.6644;-2714;-1292;-21.6;44;11;12;21;25.0;26.8
2020-03;3;120;2670;20;10;30;0.50;45470;114;0.7018;3617;-3900;-78.2;13;4;1;8;30.8;26.8
2020-03;4;480;960;15;10;30;0.50;45255;196;0.6327;3798;-249;-2.0;30;10;6;14;33.3;26.8
2020-03;5;210;1260;15;10;30;0.50;45218;183;0.6393;2997;1615;35.2;32;11;7;14;34.4;26.8
2020-03;6;630;660;15;10;30;0.50;44459;230;0.6174;7876;12733;246.2;67;19;23;25;28.4;26.8
2020-03;7;1020;2310;25;10;30;0.50;44093;100;0.7200;628;326;7.4;9;3;2;4;33.3;26.8
2020-03;8;1050;2280;25;10;30;0.50;43662;104;0.7115;628;3306;66.0;10;4;3;3;40.0;26.8
2020-03;9;4;1110;20;10;30;0.50;43019;190;0.6316;6056;-9703;-198.4;56;13;12;31;23.2;26.8
2020-03;10;3;1860;20;10;30;0.50;42910;151;0.6556;-748;4974;101.2;42;11;14;17;26.2;26.8
2020-04;1;8;2010;20;10;30;0.50;58229;162;0.6790;7741;3487;70.6;21;5;8;8;23.8;26.8
2020-04;2;630;660;15;10;30;0.50;54247;276;0.6159;12733;-697;-10.4;36;6;13;17;16.7;26.8
2020-04;3;9;2010;20;10;30;0.50;53665;161;0.6708;7741;3487;70.6;21;5;8;8;23.8;26.8
2020-04;4;9;1980;20;10;30;0.50;52249;160;0.6687;5606;2380;49.2;22;5;8;9;22.7;26.8
2020-04;5;150;540;20;10;30;0.50;52213;227;0.6300;7446;-4737;-93.2;38;9;9;20;23.7;26.8
2020-04;6;180;210;20;20;60;0.50;52100;152;0.6579;19252;-1824;-69.4;21;6;4;11;28.6;25.9
2020-04;7;7;2010;20;10;30;0.50;52020;162;0.6667;7741;6561;129.2;22;7;8;7;31.8;26.8
2020-04;8;4;3360;20;10;30;0.50;51450;127;0.7008;9206;4764;94.8;18;7;5;6;38.9;26.8
2020-04;9;1050;2280;25;10;30;0.50;50919;105;0.7333;3306;-2251;-43.8;17;3;5;9;17.6;26.8
2020-04;10;150;210;20;25;70;0.50;50592;126;0.7143;13867;1292;68.4;19;7;4;8;36.8;27.1
2020-05;1;30;480;15;10;30;0.50;55566;318;0.6069;16023;3358;69.6;36;9;12;15;25.0;26.8
2020-05;2;1380;1710;25;10;30;0.50;52400;132;0.6970;10057;-2860;-56.8;12;1;4;7;8.3;26.8
2020-05;3;150;210;20;25;70;0.50;51970;138;0.7029;1292;4654;230.4;14;5;5;4;35.7;27.1
2020-05;4;4;3360;20;10;30;0.50;51943;136;0.6912;4764;2354;47.4;9;1;5;3;11.1;26.8
2020-05;5;6;2040;20;10;30;0.50;50884;172;0.6570;9892;1894;39.0;15;0;9;6;0.0;26.8
2020-05;6;630;660;15;10;30;0.50;49386;292;0.6062;-697;1615;35.2;32;6;12;14;18.8;26.8
2020-05;7;3;3360;20;10;30;0.50;48709;138;0.6812;4764;1259;26.0;10;1;5;4;10.0;26.8
2020-05;8;30;270;20;15;40;0.50;48668;231;0.6667;11520;180;8.6;26;5;10;11;19.2;28.5
2020-05;9;8;2010;20;10;30;0.50;47894;172;0.6512;3487;3954;79.0;15;0;10;5;0.0;26.8
2020-05;10;4;2040;20;10;30;0.50;47672;174;0.6494;7714;1894;39.0;15;0;9;6;0.0;26.8
2020-06;1;30;480;15;10;30;0.50;62977;336;0.6101;3358;-4283;-83.0;45;11;11;23;24.4;26.8
2020-06;2;150;210;20;25;70;0.50;53868;146;0.6986;4654;3237;163.4;19;8;4;7;42.1;27.1
2020-06;3;480;960;15;10;30;0.50;52939;234;0.6282;9398;2560;53.8;33;16;3;14;48.5;26.8
2020-06;4;1380;1710;25;10;30;0.50;50996;131;0.6947;-2860;-4044;-81.0;15;3;3;9;20.0;26.8
2020-06;5;30;450;15;15;40;0.50;50949;247;0.6640;10674;-1400;-38.4;31;10;7;14;32.3;28.5
2020-06;6;630;660;15;10;30;0.50;49200;307;0.6026;1615;3851;79.8;43;14;11;18;32.6;26.8
2020-06;7;5;2010;20;10;30;0.50;49046;175;0.6514;3954;6402;126.4;24;8;8;8;33.3;26.8
2020-06;8;3;3120;25;10;30;0.50;48895;123;0.6992;2354;3798;76.2;17;3;8;6;17.6;26.8
2020-06;9;4;2040;20;10;30;0.50;48822;177;0.6497;1894;6402;126.4;24;8;8;8;33.3;26.8
2020-06;10;8;2010;20;10;30;0.50;47672;174;0.6494;3954;5421;107.8;23;6;9;8;26.1;26.8
2020-07;1;30;1140;20;20;60;0.50;60478;143;0.6853;10787;4500;179.0;15;3;7;5;20.0;25.9
2020-07;2;5;2010;20;10;30;0.50;56615;189;0.6561;6402;10581;203.6;26;11;8;7;42.3;26.8
2020-07;3;90;1050;20;20;60;0.50;55796;142;0.6761;5256;321;16.2;17;5;4;8;29.4;25.9
2020-07;4;480;960;15;10;30;0.50;55602;251;0.6255;2560;-3875;-76.4;26;3;9;14;11.5;26.8
2020-07;5;150;210;20;25;70;0.50;55276;158;0.6899;3237;1292;68.4;19;7;4;8;36.8;27.1
2020-07;6;330;1260;15;10;30;0.50;53590;215;0.6372;7391;-3731;-73.6;24;3;8;13;12.5;26.8
2020-07;7;8;2010;20;10;30;0.50;52326;186;0.6505;5421;6242;123.6;26;11;6;9;42.3;26.8
2020-07;8;330;990;15;10;30;0.50;52290;253;0.6206;17072;3825;78.0;30;10;8;12;33.3;26.8
2020-07;9;2;3120;25;10;30;0.50;51943;136;0.6912;9043;-4475;-89.4;21;3;6;12;14.3;26.8
2020-07;10;210;1260;15;10;30;0.50;51075;237;0.6245;1767;7391;145.0;25;7;10;8;28.0;26.8
2020-08;1;30;1140;20;20;60;0.50;69997;149;0.6980;4500;-2684;-105.2;18;2;6;10;11.1;25.9
2020-08;2;120;1140;15;10;30;0.50;64531;270;0.6296;11275;-5638;-113.6;24;3;7;14;12.5;26.8
2020-08;3;270;540;20;10;30;0.50;58909;303;0.6139;14066;2073;43.6;26;4;11;11;15.4;26.8
2020-08;4;360;900;30;20;60;0.50;58436;125;0.7040;8766;4500;179.0;15;5;5;5;33.3;25.9
2020-08;5;5;2010;20;10;30;0.50;58349;201;0.6517;10581;-5638;-113.6;24;7;3;14;29.2;26.8
2020-08;6;90;1050;20;20;60;0.50;56797;151;0.6689;321;-2684;-105.2;18;4;4;10;22.2;25.9
2020-08;7;150;210;20;25;70;0.50;56697;170;0.6824;1292;-1637;-78.0;20;2;8;10;10.0;27.1
2020-08;8;300;1230;15;15;40;0.50;55231;192;0.6979;3671;3950;118.4;19;6;7;6;31.6;28.5
2020-08;9;210;1260;15;10;30;0.50;54864;244;0.6270;7391;6402;126.4;24;8;8;8;33.3;26.8
2020-08;10;960;1140;35;20;60;0.50;54678;110;0.7182;8854;-718;-25.2;18;4;5;9;22.2;25.9
2020-09;1;330;510;15;15;40;0.50;72845;276;0.6812;12423;2563;79.4;29;9;9;11;31.0;28.5
2020-09;2;210;1260;15;10;30;0.50;70651;248;0.6452;6402;3643;73.4;19;5;7;7;26.3;26.8
2020-09;3;30;1140;20;20;60;0.50;65832;161;0.6770;-2684;5593;220.4;14;4;6;4;28.6;25.9
2020-09;4;330;540;15;15;40;0.50;64060;267;0.6742;13612;-89;0.8;28;4;12;12;14.3;28.5
2020-09;5;360;990;25;20;60;0.50;58817;144;0.6806;3336;-1509;-58.2;13;2;4;7;15.4;25.9
2020-09;6;300;1230;15;15;40;0.50;58497;197;0.7005;3950;-2126;-62.4;16;4;4;8;25.0;28.5
2020-09;7;360;900;30;20;60;0.50;57804;135;0.6889;4500;-2528;-99.6;14;2;4;8;14.3;25.9
2020-09;8;360;660;10;15;40;0.50;55269;267;0.6629;11545;180;8.6;26;6;9;11;23.1;28.5
2020-09;9;270;540;20;10;30;0.50;55060;309;0.6084;2073;-3272;-63.4;31;7;8;16;22.6;26.8
2020-09;10;120;1560;15;20;60;0.50;53937;147;0.6667;3419;-479;-16.8;12;2;4;6;16.7;25.9
2020-10;1;30;1140;20;20;60;0.50;74128;164;0.6890;5593;-2450;-96.8;12;3;2;7;25.0;25.9
2020-10;2;210;1260;15;10;30;0.50;68825;249;0.6426;3643;-1637;-30.8;22;2;9;11;9.1;26.8
2020-10;3;330;510;15;15;40;0.50;68754;287;0.6725;2563;-1884;-54.4;21;4;7;10;19.0;28.5
2020-10;4;25;360;10;10;30;0.50;64005;501;0.5868;16751;377;11.0;35;6;13;16;17.1;26.8
2020-10;5;25;1170;20;20;60;0.50;63853;166;0.6687;6612;-4383;-176.8;12;1;3;8;8.3;25.9
2020-10;6;330;990;15;10;30;0.50;54943;270;0.6185;351;4607;92.0;20;5;8;7;25.0;26.8
2020-10;7;390;450;15;15;40;0.50;53886;301;0.6512;9516;202;8.4;19;6;5;8;31.6;28.5
2020-10;8;720;840;15;10;30;0.50;52673;303;0.6073;-1932;201;6.4;24;4;9;11;16.7;26.8
2020-10;9;630;990;15;10;30;0.50;51152;263;0.6160;6561;3332;67.8;23;4;10;9;17.4;26.8
2020-10;10;180;630;20;15;40;0.50;50916;254;0.6614;3393;1262;39.8;18;5;6;7;27.8;28.5
2020-11;1;330;510;15;15;40;0.50;73660;293;0.6758;-1884;-4185;-125.0;25;6;6;13;24.0;28.5
2020-11;2;30;1140;20;20;60;0.50;67164;166;0.6747;-2450;-559;-19.6;14;3;4;7;21.4;25.9
2020-11;3;330;540;15;15;40;0.50;63987;281;0.6690;2059;2036;63.6;26;11;5;10;42.3;28.5
2020-11;4;25;360;10;10;30;0.50;61764;506;0.5850;377;-2054;-37.4;41;10;11;20;24.4;26.8
2020-11;5;630;990;15;10;30;0.50;61513;268;0.6269;3332;2688;54.8;18;3;8;7;16.7;26.8
2020-11;6;720;840;15;10;30;0.50;60387;304;0.6151;201;-1785;-33.6;24;5;7;12;20.8;26.8
2020-11;7;330;990;15;10;30;0.50;60025;267;0.6255;4607;-573;-9.4;21;7;4;10;33.3;26.8
2020-11;8;25;1170;20;20;60;0.50;58818;169;0.6568;-4383;1451;60.4;14;3;5;6;21.4;25.9
2020-11;9;390;450;15;15;40;0.50;58786;305;0.6557;202;-1642;-46.4;26;8;6;12;30.8;28.5
2020-11;10;210;1260;15;10;30;0.50;58748;251;0.6295;-1637;-5497;-110.8;22;7;2;13;31.8;26.8
2020-12;1;90;1200;15;20;60;0.50;69726;178;0.6685;6697;2430;99.0;15;6;3;6;40.0;25.9
2020-12;2;30;1140;20;20;60;0.50;68238;175;0.6686;-559;1532;63.2;12;4;3;5;33.3;25.9
2020-12;3;630;990;15;10;30;0.50;65563;275;0.6291;2688;3177;65.0;25;10;5;10;40.0;26.8
2020-12;4;330;540;15;15;40;0.50;64760;298;0.6644;2036;2839;87.2;27;7;10;10;25.9;28.5
2020-12;5;25;360;10;10;30;0.50;63597;531;0.5838;-2054;7446;148.6;51;15;16;20;29.4;26.8
2020-12;6;25;1170;20;20;60;0.50;63068;178;0.6573;1451;-479;-16.8;12;3;3;6;25.0;25.9
2020-12;7;90;2400;15;15;40;0.50;62884;163;0.7362;4509;-3906;-117.4;16;3;4;9;18.8;28.5
2020-12;8;330;510;15;15;40;0.50;62127;310;0.6581;-4185;2310;71.4;24;6;9;9;25.0;28.5
2020-12;9;180;630;20;15;40;0.50;61907;270;0.6704;7548;-5421;-164.4;21;3;6;12;14.3;28.5
2020-12;10;390;1200;10;10;30;0.50;59785;269;0.6245;6561;201;6.4;24;8;5;11;33.3;26.8
2021-01;1;25;360;10;10;30;0.50;72769;565;0.5858;7446;1793;39.8;43;11;13;19;25.6;26.8
2021-01;2;630;990;15;10;30;0.50;71037;285;0.6316;3177;1437;30.6;21;5;7;9;23.8;26.8
2021-01;3;90;1200;15;20;60;0.50;69319;184;0.6630;2430;481;21.8;13;4;3;6;30.8;25.9
2021-01;4;150;1410;10;20;60;0.50;66497;176;0.6648;7813;481;21.8;13;4;3;6;30.8;25.9
2021-01;5;30;1140;20;20;60;0.50;64642;179;0.6592;1532;-2606;-102.4;16;5;2;9;31.2;25.9
2021-01;6;600;960;15;15;40;0.50;63326;243;0.6831;3138;-312;-7.4;16;2;7;7;12.5;28.5
2021-01;7;720;840;15;10;30;0.50;61960;331;0.6103;981;-871;-15.0;25;3;10;12;12.0;26.8
2021-01;8;7;2370;15;20;60;0.50;60864;137;0.6934;3584;-479;-16.8;12;3;3;6;25.0;25.9
2021-01;9;330;510;15;15;40;0.50;60790;323;0.6533;2310;8103;236.4;24;9;9;6;37.5;28.5
2021-01;10;90;1140;15;20;60;0.50;60736;189;0.6455;3419;2512;101.8;13;4;4;5;30.8;25.9
2021-02;1;630;990;15;10;30;0.50;70013;293;0.6280;1437;4607;92.0;20;4;9;7;20.0;26.8
2021-02;2;90;1200;15;20;60;0.50;68913;190;0.6579;481;4667;184.6;11;1;7;3;9.1;25.9
2021-02;3;25;360;10;10;30;0.50;68122;588;0.5816;1793;5924;118.0;30;8;11;11;26.7;26.8
2021-02;4;330;990;15;10;30;0.50;65109;292;0.6233;11247;1589;33.4;19;4;7;8;21.1;26.8
2021-02;5;330;510;15;15;40;0.50;64136;335;0.6537;8103;-580;-15.2;18;2;8;8;11.1;28.5
2021-02;6;390;1200;10;10;30;0.50;63056;282;0.6241;2688;4607;92.0;20;3;10;7;15.0;26.8
2021-02;7;720;840;15;10;30;0.50;62245;342;0.6082;-871;-1637;-30.8;22;5;6;11;22.7;26.8
2021-02;8;330;510;15;10;30;0.50;61519;428;0.5935;15646;-4618;-92.2;23;0;10;13;0.0;26.8
2021-02;9;150;1410;10;20;60;0.50;61122;183;0.6503;481;2594;104.6;11;2;5;4;18.2;25.9
2021-02;10;90;1140;15;20;60;0.50;60350;195;0.6410;2512;5678;223.2;12;1;8;3;8.3;25.9
2021-03;1;630;990;15;10;30;0.50;69504;297;0.6263;4607;-4188;-83.8;17;5;2;10;29.4;26.8
2021-03;2;90;1200;15;20;60;0.50;65434;192;0.6510;4667;1695;68.8;8;1;4;3;12.5;25.9
2021-03;3;25;360;10;10;30;0.50;64296;592;0.5794;5924;-224;-0.2;43;10;13;20;23.3;26.8
2021-03;4;390;1200;10;10;30;0.50;62567;286;0.6224;4607;-4331;-86.6;19;5;3;11;26.3;26.8
2021-03;5;6;2340;15;20;60;0.50;61897;146;0.6849;4751;-7986;-331.2;8;0;0;8;0.0;25.9
2021-03;6;7;2370;15;20;60;0.50;61897;146;0.6849;4751;-7098;-292.6;9;1;0;8;11.1;25.9
2021-03;7;20;480;10;10;30;0.50;61846;532;0.5827;11610;-5615;-111.8;37;7;10;20;18.9;26.8
2021-03;8;90;1140;15;20;60;0.50;61768;198;0.6414;5678;3750;148.8;8;1;5;2;12.5;25.9
2021-03;9;330;510;15;15;40;0.50;61548;340;0.6500;-580;8394;244.2;22;4;13;5;18.2;28.5
2021-03;10;840;1410;15;15;40;0.50;61398;204;0.7010;3694;2081;63.2;12;4;4;4;33.3;28.5
2021-04;1;330;510;15;15;40;0.50;81005;310;0.6774;8394;-4912;-148.8;17;4;3;10;23.5;28.5
2021-04;2;1;600;15;20;60;0.50;63853;216;0.6343;8766;-3383;-135.4;11;1;3;7;9.1;25.9
2021-04;3;630;990;15;10;30;0.50;62812;284;0.6232;-4188;3487;70.6;21;8;5;8;38.1;26.8
2021-04;4;330;510;15;10;30;0.50;62694;405;0.5975;1767;-5638;-113.6;24;6;4;14;25.0;26.8
2021-04;5;330;540;15;15;40;0.50;61330;300;0.6600;2862;3416;102.6;16;7;4;5;43.8;28.5
2021-04;6;90;1140;15;20;60;0.50;60094;174;0.6552;3750;642;27.4;9;3;2;4;33.3;25.9
2021-04;7;25;360;10;10;30;0.50;58918;543;0.5801;-224;-3417;-66.2;33;11;5;17;33.3;26.8
2021-04;8;300;540;15;10;30;0.50;58198;389;0.5964;12817;-3731;-73.6;24;8;3;13;33.3;26.8
2021-04;9;1140;1260;10;10;30;0.50;57208;304;0.6118;-3441;-2079;-39.2;28;8;6;14;28.6;26.8
2021-04;10;390;510;15;10;30;0.50;57015;399;0.5940;4633;-8223;-169.4;21;3;4;14;14.3;26.8
2021-05;1;330;540;15;15;40;0.50;66577;283;0.6714;3416;990;32.0;20;7;5;8;35.0;28.5
2021-05;2;180;1200;15;20;60;0.50;63068;153;0.6797;2676;562;24.6;11;5;1;5;45.5;25.9
2021-05;3;330;510;15;15;40;0.50;62199;296;0.6622;-4912;990;32.0;20;7;5;8;35.0;28.5
2021-05;4;90;1140;15;20;60;0.50;62157;167;0.6647;642;-3460;-138.2;13;3;2;8;23.1;25.9
2021-05;5;90;1170;15;20;60;0.50;59327;161;0.6646;1695;-2450;-96.8;12;4;1;7;33.3;25.9
2021-05;6;150;1170;15;20;60;0.50;57930;158;0.6646;1695;3584;143.2;12;4;4;4;33.3;25.9
2021-05;7;630;990;15;10;30;0.50;57365;276;0.6196;3487;-6086;-123.8;17;2;4;11;11.8;26.8
2021-05;8;300;570;20;10;30;0.50;56817;334;0.6048;2380;8553;166.4;24;7;10;7;29.2;26.8
2021-05;9;180;1260;10;20;60;0.50;56296;159;0.6604;3667;-3383;-135.4;11;2;2;7;18.2;25.9
2021-05;10;5;510;15;20;60;0.50;55050;204;0.6275;642;-3537;-141.0;15;2;4;9;13.3;25.9
2021-06;1;300;570;20;10;30;0.50;63221;334;0.6108;8553;-1637;-30.8;22;5;6;11;22.7;26.8
2021-06;2;150;1170;15;20;60;0.50;62677;159;0.6730;3584;-1430;-55.4;11;3;2;6;27.3;25.9
2021-06;3;1;420;15;10;30;0.50;59912;468;0.5876;12142;-8062;-164.8;32;8;5;19;25.0;26.8
2021-06;4;180;1200;15;20;60;0.50;58310;152;0.6711;562;-399;-14.0;10;2;3;5;20.0;25.9
2021-06;5;90;1170;15;20;60;0.50;54678;160;0.6562;-2450;1614;66.0;10;4;2;4;40.0;25.9
2021-06;6;300;510;15;10;30;0.50;53595;375;0.5947;11442;981;22.2;27;10;5;12;37.0;26.8
2021-06;7;900;960;10;10;30;0.50;52789;342;0.5994;-1020;-6788;-137.8;27;4;7;16;14.8;26.8
2021-06;8;300;540;15;10;30;0.50;52638;370;0.5946;11442;2868;59.4;29;12;5;12;41.4;26.8
2021-06;9;150;1170;15;20;50;0.50;51649;179;0.7263;2276;-923;-35.4;11;2;4;5;18.2;29.6
2021-06;10;1140;1260;10;10;30;0.50;51494;300;0.6067;351;-3731;-73.6;24;5;6;13;20.8;26.8
2021-07;1;1050;1860;15;20;60;0.50;54554;112;0.7143;4835;-3305;-132.6;9;3;0;6;33.3;25.9
2021-07;2;300;570;20;10;30;0.50;53901;319;0.6050;-1637;1437;30.6;21;5;7;9;23.8;26.8
2021-07;3;1080;1890;15;15;40;0.50;53811;151;0.7285;3973;-2629;-78.2;13;5;1;7;38.5;28.5
2021-07;4;300;510;15;10;30;0.50;53096;366;0.5956;981;-6508;-132.2;23;5;4;14;21.7;26.8
2021-07;5;300;540;15;10;30;0.50;52142;361;0.5956;2868;-6508;-132.2;23;5;4;14;21.7;26.8
2021-07;6;180;1200;15;20;60;0.50;51129;143;0.6643;-399;-5221;-212.6;9;2;0;7;22.2;25.9
2021-07;7;1290;2070;10;10;30;0.50;50394;163;0.6626;2201;-1957;-38.2;13;3;3;7;23.1;26.8
2021-07;8;1170;2340;10;10;30;0.50;49905;154;0.6688;-896;-4642;-94.0;10;2;1;7;20.0;26.8
2021-07;9;1;420;15;10;30;0.50;49616;450;0.5822;-8062;-4904;-97.8;27;7;5;15;25.9;26.8
2021-07;10;1170;1410;15;20;60;0.50;49446;146;0.6575;5847;-5297;-215.4;11;3;0;8;27.3;25.9
2021-08;1;25;360;10;10;30;0.50;57018;479;0.5846;2714;-5780;-116.4;26;8;3;15;30.8;26.8
2021-08;2;300;570;20;10;30;0.50;56973;306;0.6111;1437;-1957;-38.2;13;2;4;7;15.4;26.8
2021-08;3;20;480;10;10;30;0.50;55181;428;0.5888;3981;3332;67.8;23;9;5;9;39.1;26.8
2021-08;4;1050;1860;15;20;60;0.50;53077;111;0.7117;-3305;-6127;-251.2;8;0;1;7;0.0;25.9
2021-08;5;1080;1890;15;15;40;0.50;50204;155;0.7161;-2629;-2104;-62.6;9;2;2;5;22.2;28.5
2021-08;6;1290;2070;10;10;30;0.50;50168;165;0.6606;-1957;-5521;-112.6;9;0;2;7;0.0;26.8
2021-08;7;1200;1470;25;10;30;0.50;50019;193;0.6425;6215;-896;-16.8;12;3;3;6;25.0;26.8
2021-08;8;1050;1380;15;20;50;0.50;49571;150;0.7467;-215;-1303;-51.2;8;4;0;4;50.0;29.6
2021-08;9;150;1290;15;15;40;0.50;48866;189;0.6878;8978;-3389;-101.8;12;4;1;7;33.3;28.5
2021-08;10;1080;1740;20;15;40;0.50;47835;160;0.7063;2884;-4635;-141.2;8;1;1;6;12.5;28.5
2021-09;1;15;480;10;10;30;0.50;48125;410;0.5854;10914;-2543;-49.4;21;5;5;11;23.8;26.8
2021-09;2;960;1470;15;20;60;0.50;46602;119;0.6807;642;4835;190.2;7;3;3;1;42.9;25.9
2021-09;3;1080;1890;15;15;40;0.50;45211;146;0.7123;-2104;1013;31.8;13;3;5;5;23.1;28.5
2021-09;4;300;570;20;10;30;0.50;43956;288;0.6007;-1957;-125;-1.0;15;3;5;7;20.0;26.8
2021-09;5;1050;1350;15;20;60;0.50;43239;127;0.6614;2676;642;27.4;9;3;2;4;33.3;25.9
2021-09;6;540;1020;15;25;70;0.50;43123;107;0.7196;2301;4264;210.2;7;5;1;1;71.4;27.1
2021-09;7;1080;1410;15;20;60;0.50;41984;124;0.6613;2676;3750;148.8;8;3;3;2;37.5;25.9
2021-09;8;1050;1860;15;20;60;0.50;41643;105;0.6857;-6127;-1272;-49.8;7;1;2;4;14.3;25.9
2021-09;9;990;1410;10;20;50;0.50;41284;142;0.7324;-2325;1884;76.0;10;4;3;3;40.0;29.6
2021-09;10;1350;1530;15;25;70;0.50;41124;101;0.7228;6266;374;20.2;7;1;3;3;14.3;27.1
2021-10;1;1290;1350;20;10;30;0.50;58192;229;0.6376;2688;1742;36.2;17;5;5;7;29.4;26.8
2021-10;2;1200;1470;25;10;30;0.50;47009;180;0.6444;2997;3151;63.2;12;2;6;4;16.7;26.8
2021-10;3;990;1350;10;25;70;0.50;45327;100;0.7400;5347;-3212;-162.0;5;1;0;4;20.0;27.1
2021-10;4;540;1020;15;25;70;0.50;44848;104;0.7308;4264;-4207;-213.4;6;0;1;5;0.0;27.1
2021-10;5;1080;1890;15;15;40;0.50;42569;146;0.7055;1013;-2367;-70.4;11;1;4;6;9.1;28.5
2021-10;6;15;7200;10;10;30;0.50;41274;113;0.6903;3617;-1810;-35.4;11;2;3;6;18.2;26.8
2021-10;7;1260;1470;20;10;30;0.50;40677;212;0.6179;6056;-1193;-22.4;16;4;4;8;25.0;26.8
2021-10;8;1170;1200;25;10;30;0.50;40220;203;0.6207;3306;6215;121.8;13;5;5;3;38.5;26.8
2021-10;9;300;570;20;10;30;0.50;39977;272;0.5993;-125;-1341;-25.2;18;7;2;9;38.9;26.8
2021-10;10;930;1440;20;10;30;0.50;39765;194;0.6237;5079;2047;41.8;13;6;2;5;46.2;26.8
2021-11;1;1200;1470;25;10;30;0.50;49270;173;0.6532;3151;-4928;-99.6;14;4;1;9;28.6;26.8
2021-11;2;600;1410;25;10;30;0.50;43161;162;0.6481;2201;-4785;-96.8;12;3;1;8;25.0;26.8
2021-11;3;810;1410;20;10;30;0.50;41065;195;0.6256;8200;-9500;-198.2;13;1;1;11;7.7;26.8
2021-11;4;1170;1200;25;10;30;0.50;41065;195;0.6256;6215;1742;36.2;17;4;6;7;23.5;26.8
2021-11;5;1290;1350;20;10;30;0.50;40713;225;0.6133;1742;-4331;-86.6;19;4;4;11;21.1;26.8
2021-11;6;1080;1710;20;10;30;0.50;40571;173;0.6358;956;-3006;-59.6;14;3;3;8;21.4;26.8
2021-11;7;990;1890;25;15;40;0.50;40069;125;0.7200;3439;-3389;-101.8;12;0;5;7;0.0;28.5
2021-11;8;1470;1500;25;20;60;0.50;40065;108;0.6759;2758;3667;146.0;10;4;3;3;40.0;25.9
2021-11;9;330;480;15;10;30;0.50;38793;310;0.5903;1437;-2981;-57.8;27;5;8;14;18.5;26.8
2021-11;10;1200;1410;15;20;60;0.50;38062;119;0.6555;-1351;-1430;-55.4;11;3;2;6;27.3;25.9
2021-12;1;1170;1200;25;10;30;0.50;45255;196;0.6327;1742;-7369;-150.8;22;5;3;14;22.7;26.8
2021-12;2;15;540;10;10;30;0.50;38274;355;0.5831;4476;2894;61.2;42;10;14;18;23.8;26.8
2021-12;3;1470;1500;25;20;60;0.50;37290;108;0.6667;3667;-320;-11.2;8;3;1;4;37.5;25.9
2021-12;4;720;2760;25;10;30;0.50;36822;129;0.6589;-1810;-3006;-59.6;14;6;0;8;42.9;26.8
2021-12;5;1200;1470;25;10;30;0.50;36721;170;0.6294;-4928;4764;94.8;18;8;4;6;44.4;26.8
2021-12;6;330;480;15;10;30;0.50;36656;304;0.5888;-2981;-4450;-87.6;34;10;6;18;29.4;26.8
2021-12;7;60;660;10;20;50;0.50;36356;169;0.6982;1941;-4961;-201.0;15;2;4;9;13.3;29.6
2021-12;8;90;630;25;20;60;0.50;36305;126;0.6429;6783;562;24.6;11;4;2;5;36.4;25.9
2021-12;9;120;270;25;20;60;0.50;35870;134;0.6343;5593;-2528;-99.6;14;4;2;8;28.6;25.9
2021-12;10;20;390;10;10;30;0.50;35841;392;0.5765;8907;3203;66.8;38;9;13;16;23.7;26.8
2022-01;1;4;600;10;10;30;0.50;53058;353;0.5977;20008;-2079;-39.2;28;7;7;14;25.0;26.8
2022-01;2;3;600;10;10;30;0.50;50250;351;0.5954;21306;-99;0.8;28;8;7;13;28.6;26.8
2022-01;3;15;540;10;10;30;0.50;50025;353;0.5949;2894;-2079;-39.2;28;7;7;14;25.0;26.8
2022-01;4;1200;1470;25;10;30;0.50;48116;170;0.6529;4764;2997;60.4;14;4;5;5;28.6;26.8
2022-01;5;25;510;10;10;30;0.50;47052;353;0.5921;14237;-6062;-122.0;30;5;8;17;16.7;26.8
2022-01;6;1470;1500;25;20;60;0.50;44621;103;0.6990;-320;2676;107.4;9;2;4;3;22.2;25.9
2022-01;7;15;480;10;10;30;0.50;44174;366;0.5874;5290;2868;59.4;29;8;9;12;27.6;26.8
2022-01;8;2;630;10;10;30;0.50;42382;356;0.5871;18903;-1020;-17.8;27;7;7;13;25.9;26.8
2022-01;9;90;630;25;20;60;0.50;40852;119;0.6639;562;5847;228.8;8;2;5;1;25.0;25.9
2022-01;10;6;570;10;10;30;0.50;39770;354;0.5847;20008;-3127;-60.6;29;6;8;15;20.7;26.8
2022-02;1;3;600;10;10;30;0.50;63753;343;0.6093;-99;16197;304.0;40;12;17;11;30.0;26.8
2022-02;2;4;600;10;10;30;0.50;58553;346;0.6040;-2079;16197;304.0;40;14;15;11;35.0;26.8
2022-02;3;15;540;10;10;30;0.50;50702;347;0.5965;-2079;1946;42.6;41;9;14;18;22.0;26.8
2022-02;4;2;600;10;10;30;0.50;47015;340;0.5941;51;16197;304.0;40;14;15;11;35.0;26.8
2022-02;5;1470;1500;25;20;60;0.50;46251;100;0.7100;2676;2512;101.8;13;5;3;5;38.5;25.9
2022-02;6;90;630;25;20;60;0.50;45550;112;0.6875;5847;-6501;-265.2;18;2;4;12;11.1;25.9
2022-02;7;1200;1470;25;10;30;0.50;45399;168;0.6488;2997;9370;180.4;14;6;6;2;42.9;26.8
2022-02;8;15;480;10;10;30;0.50;45042;358;0.5894;2868;12338;237.0;45;13;17;15;28.9;26.8
2022-02;9;2;630;10;10;30;0.50;44788;347;0.5908;-1020;17278;322.6;41;14;16;11;34.1;26.8
2022-02;10;6;570;10;10;30;0.50;44788;347;0.5908;-3127;4163;85.4;39;12;11;16;30.8;26.8
2022-03;1;3;600;10;10;30;0.50;65070;359;0.6072;16197;1998;46.2;67;18;19;30;26.9;26.8
2022-03;2;3;630;10;10;30;0.50;57368;356;0.6011;22251;3566;76.0;60;18;16;26;30.0;26.8
2022-03;3;4;600;10;10;30;0.50;56661;362;0.5994;16197;7312;147.6;66;20;19;27;30.3;26.8
2022-03;4;2;480;10;10;30;0.50;51990;389;0.5913;24349;-8703;-175.2;68;17;15;36;25.0;26.8
2022-03;5;1200;1470;25;10;30;0.50;51338;168;0.6607;9370;-1637;-30.8;22;8;3;11;36.4;26.8
2022-03;6;2;630;10;10;30;0.50;50514;362;0.5939;17278;-9272;-188.2;63;14;15;34;22.2;26.8
2022-03;7;15;480;10;10;30;0.50;49165;374;0.5909;12338;-1093;-15.2;68;17;19;32;25.0;26.8
2022-03;8;2;600;10;10;30;0.50;46831;355;0.5915;16197;127;9.0;65;19;16;30;29.2;26.8
2022-03;9;1;480;10;10;30;0.50;46283;400;0.5850;18369;-9113;-183.6;74;17;18;39;23.0;26.8
2022-03;10;3;510;10;10;30;0.50;45079;371;0.5876;22251;-7854;-156.6;69;12;21;36;17.4;26.8
2022-04;1;25;510;10;10;30;0.50;63674;397;0.5995;13782;-8039;-163.0;45;10;10;25;22.2;26.8
2022-04;2;150;1080;30;10;30;0.50;59981;174;0.6724;5421;8038;156.2;17;2;11;4;11.8;26.8
2022-04;3;3;600;10;10;30;0.50;59669;390;0.5974;1998;-2054;-37.4;41;15;6;20;36.6;26.8
2022-04;4;4;600;10;10;30;0.50;59430;392;0.5969;7312;3851;79.8;43;15;10;18;34.9;26.8
2022-04;5;3;630;10;10;30;0.50;51269;382;0.5916;3566;-4880;-96.0;40;13;6;21;32.5;26.8
2022-04;6;6;570;10;10;30;0.50;49202;387;0.5891;2304;4007;82.6;41;17;7;17;41.5;26.8
2022-04;7;2;600;10;10;30;0.50;47828;386;0.5881;127;-1292;-21.6;44;16;7;21;36.4;26.8
2022-04;8;5;600;10;10;30;0.50;47385;390;0.5872;16431;3851;79.8;43;16;9;18;37.2;26.8
2022-04;9;6;600;10;10;30;0.50;47347;377;0.5889;16781;11470;221.2;42;17;11;14;40.5;26.8
2022-04;10;20;330;10;10;30;0.50;47092;446;0.5807;9838;1641;37.0;45;16;9;20;35.6;26.8
2022-05;1;6;600;10;10;30;0.50;77849;393;0.6107;11470;4190;87.2;52;11;19;22;21.2;26.8
2022-05;2;4;600;10;10;30;0.50;65983;405;0.6000;3851;252;10.0;50;11;16;23;22.0;26.8
2022-05;3;3;600;10;10;30;0.50;61437;402;0.5970;-2054;3230;68.6;51;11;18;22;21.6;26.8
2022-05;4;6;570;10;10;30;0.50;59949;401;0.5960;4007;252;10.0;50;8;19;23;16.0;26.8
2022-05;5;5;600;10;10;30;0.50;58001;404;0.5941;3851;4346;90.0;50;13;16;21;26.0;26.8
2022-05;6;150;1080;30;10;30;0.50;56341;178;0.6629;8038;1133;25.0;25;11;3;11;44.0;26.8
2022-05;7;3;630;10;10;30;0.50;54598;393;0.5929;-4880;2432;52.8;48;9;18;21;18.8;26.8
2022-05;8;2;600;10;10;30;0.50;52029;402;0.5896;-1292;3230;68.6;51;12;17;22;23.5;26.8
2022-05;9;3;510;10;10;30;0.50;49502;411;0.5864;-2201;-3078;-57.0;55;12;16;27;21.8;26.8
2022-05;10;25;510;10;10;30;0.50;49054;415;0.5855;-8039;-9159;-187.2;48;9;12;27;18.8;26.8
2022-06;1;6;600;10;10;30;0.50;73846;410;0.6049;4190;9453;185.8;53;18;15;20;34.0;26.8
2022-06;2;150;1080;30;10;30;0.50;67854;190;0.6737;1133;5421;107.8;23;6;9;8;26.1;26.8
2022-06;3;4;600;10;10;30;0.50;57804;419;0.5919;252;5316;108.6;51;14;16;21;27.5;26.8
2022-06;4;3;600;10;10;30;0.50;57567;421;0.5914;3230;-821;-11.4;51;12;15;24;23.5;26.8
2022-06;5;5;600;10;10;30;0.50;55142;415;0.5904;4346;7284;145.8;53;16;16;21;30.2;26.8
2022-06;6;3;630;10;10;30;0.50;51346;408;0.5882;2432;-2786;-51.4;51;13;13;25;25.5;26.8
2022-06;7;150;1110;30;10;30;0.50;49532;184;0.6467;4293;2380;49.2;22;5;8;9;22.7;26.8
2022-06;8;150;1050;30;10;30;0.50;48637;192;0.6406;2227;7391;145.0;25;9;8;8;36.0;26.8
2022-06;9;6;570;10;10;30;0.50;47459;416;0.5841;252;-49;4.4;54;14;15;25;25.9;26.8
2022-06;10;450;570;25;20;60;0.50;46368;148;0.6486;1127;-1824;-69.4;21;1;9;11;4.8;25.9
2022-07;1;6;600;10;10;30;0.50;111150;431;0.6241;9453;-7438;-148.2;63;16;14;33;25.4;26.8
2022-07;2;5;600;10;10;30;0.50;86416;437;0.6087;7284;-9272;-188.2;63;16;13;34;25.4;26.8
2022-07;3;4;600;10;10;30;0.50;82722;437;0.6064;5316;-12963;-271.0;65;15;13;37;23.1;26.8
2022-07;4;3;600;10;10;30;0.50;66609;440;0.5955;-821;-10378;-212.4;66;13;17;36;19.7;26.8
2022-07;5;150;1080;30;10;30;0.50;63298;200;0.6600;5421;2868;59.4;29;6;11;12;20.7;26.8
2022-07;6;6;570;10;10;30;0.50;58596;439;0.5900;-49;-4689;-89.6;64;16;16;32;25.0;26.8
2022-07;7;3;630;10;10;30;0.50;55414;426;0.5892;-2786;-9408;-191.0;65;14;16;35;21.5;26.8
2022-07;8;150;1050;30;10;30;0.50;48898;203;0.6355;7391;3981;80.8;28;5;12;11;17.9;26.8
2022-07;9;5;570;10;10;30;0.50;47534;442;0.5814;2920;-6577;-129.6;64;18;13;33;28.1;26.8
2022-07;10;2;600;10;10;30;0.50;46175;441;0.5805;-1882;-15474;-329.6;64;13;13;38;20.3;26.8
2022-08;1;6;600;10;10;30;0.50;107746;466;0.6159;-7438;5951;119.8;43;9;17;17;20.9;26.8
2022-08;2;5;600;10;10;30;0.50;69045;474;0.5928;-9272;-2348;-43.0;45;9;14;22;20.0;26.8
2022-08;3;150;1080;30;10;30;0.50;56695;215;0.6419;2868;5580;110.6;21;6;8;7;28.6;26.8
2022-08;4;390;450;25;15;40;0.50;55755;251;0.6693;10650;-4699;-140.6;29;6;8;15;20.7;28.5
2022-08;5;450;570;25;20;60;0.50;55423;173;0.6474;8419;3253;132.0;20;5;7;8;25.0;25.9
2022-08;6;4;600;10;10;30;0.50;54369;475;0.5832;-12963;-5165;-101.6;44;11;10;23;25.0;26.8
2022-08;7;150;540;25;20;60;0.50;52100;177;0.6384;14942;-876;-30.8;22;7;4;11;31.8;25.9
2022-08;8;6;570;10;10;30;0.50;51311;475;0.5811;-4689;-1440;-24.4;46;7;17;22;15.2;26.8
2022-08;9;150;1110;30;10;30;0.50;51226;209;0.6364;7069;3487;70.6;21;5;8;8;23.8;26.8
2022-08;10;7;600;10;10;30;0.50;48758;471;0.5796;-3658;5951;119.8;43;12;14;17;27.9;26.8
2022-09;1;6;600;10;10;30;0.50;106245;489;0.6115;5951;-15092;-321.2;58;7;16;35;12.1;26.8
2022-09;2;150;1080;30;10;30;0.50;56970;226;0.6372;5580;-6928;-140.6;29;6;6;17;20.7;26.8
2022-09;3;450;570;25;20;60;0.50;56296;184;0.6413;3253;-4917;-196.4;26;6;5;15;23.1;25.9
2022-09;4;5;600;10;10;30;0.50;53025;500;0.5800;-2348;-13506;-284.0;60;7;18;35;11.7;26.8
2022-09;5;1230;2430;10;10;30;0.50;51792;164;0.6646;6215;-4785;-96.8;12;2;2;8;16.7;26.8
2022-09;6;150;540;25;20;60;0.50;51251;191;0.6283;-876;-4917;-196.4;26;8;3;15;30.8;25.9
2022-09;7;150;1110;30;10;30;0.50;48489;220;0.6273;3487;-6928;-140.6;29;6;6;17;20.7;26.8
2022-09;8;210;240;20;25;70;0.50;48379;190;0.6526;-2327;-2446;-117.0;30;8;7;15;26.7;27.1
2022-09;9;720;1080;15;15;40;0.50;48302;226;0.6681;12146;-89;0.8;28;10;6;12;35.7;28.5
2022-09;10;1200;2430;10;10;30;0.50;47193;165;0.6545;6215;2201;44.6;11;2;5;4;18.2;26.8
2022-10;1;6;600;10;10;30;0.50;72897;524;0.5897;-15092;-1562;-25.4;61;18;14;29;29.5;26.8
2022-10;2;1350;1650;10;10;30;0.50;65231;251;0.6375;9562;-8361;-172.2;23;7;1;15;30.4;26.8
2022-10;3;1800;1860;10;20;60;0.50;52222;175;0.6400;15218;-11170;-469.4;21;4;1;16;19.0;25.9
2022-10;4;1;210;30;20;60;0.50;51979;229;0.6114;7900;-2216;-83.4;31;7;8;16;22.6;25.9
2022-10;5;8;660;20;20;60;0.50;51615;235;0.6085;4000;-3922;-155.0;25;8;3;14;32.0;25.9
2022-10;6;3;690;20;20;60;0.50;50768;224;0.6116;2021;-9592;-397.8;27;5;4;18;18.5;25.9
2022-10;7;90;480;10;20;60;0.50;47663;251;0.5976;8072;804;38.0;30;10;6;14;33.3;25.9
2022-10;8;1230;2430;10;10;30;0.50;47193;165;0.6545;-4785;-1957;-38.2;13;2;4;7;15.4;26.8
2022-10;9;720;1080;15;15;40;0.50;46291;243;0.6584;-89;-357;-7.0;30;10;7;13;33.3;28.5
2022-10;10;690;1290;10;10;30;0.50;45913;270;0.6074;4948;-2836;-55.0;25;8;4;13;32.0;26.8
2022-11;1;6;600;10;10;30;0.50;69854;561;0.5847;-1562;4216;89.0;65;13;24;28;20.0;26.8
2022-11;2;810;870;15;20;60;0.50;66497;226;0.6327;7211;-3999;-157.8;27;5;7;15;18.5;25.9
2022-11;3;780;900;15;20;60;0.50;51372;214;0.6168;7297;-2137;-80.6;29;8;6;15;27.6;25.9
2022-11;4;15;450;10;10;30;0.50;50748;600;0.5717;5660;-23;6.2;67;15;21;31;22.4;26.8
2022-11;5;150;1050;10;25;70;0.50;50168;187;0.6578;4309;-80;1.4;24;4;9;11;16.7;27.1
2022-11;6;1980;2010;10;10;30;0.50;49424;305;0.6033;5105;-7647;-156.4;26;2;8;16;7.7;26.8
2022-11;7;720;1080;15;15;40;0.50;49303;262;0.6565;-357;-7391;-227.2;23;6;3;14;26.1;28.5
2022-11;8;1;480;10;10;30;0.50;48801;644;0.5683;8826;-1242;-18.0;70;17;20;33;24.3;26.8
2022-11;9;1230;2430;10;10;30;0.50;48785;164;0.6585;-1957;5079;100.4;14;5;5;4;35.7;26.8
2022-11;10;1350;1650;10;10;30;0.50;47675;254;0.6142;-8361;1285;27.8;23;5;8;10;21.7;26.8
2022-12;1;6;600;10;10;30;0.50;61808;599;0.5776;4216;-15875;-339.8;57;12;10;35;21.1;26.8
2022-12;2;810;870;15;20;60;0.50;57426;241;0.6141;-3999;-5599;-226.6;19;5;2;12;26.3;25.9
2022-12;3;210;1410;15;10;30;0.50;54093;304;0.6086;-249;-2226;-42.0;30;8;7;15;26.7;26.8
2022-12;4;1260;1740;20;10;30;0.50;54090;224;0.6339;5580;-2397;-46.6;19;7;2;10;36.8;26.8
2022-12;5;1680;1770;15;20;60;0.50;54061;195;0.6308;7555;-2606;-102.4;16;2;5;9;12.5;25.9
2022-12;6;6;420;10;10;30;0.50;53607;695;0.5683;12059;-17789;-385.4;61;15;8;38;24.6;26.8
2022-12;7;1230;2430;10;10;30;0.50;53434;163;0.6687;5079;2997;60.4;14;4;5;5;28.6;26.8
2022-12;8;5;420;10;10;30;0.50;53377;697;0.5681;7661;-13506;-284.0;60;17;8;35;28.3;26.8
2022-12;9;1680;1710;15;20;60;0.50;52833;215;0.6186;10699;-5599;-226.6;19;3;4;12;15.8;25.9
2022-12;10;780;1020;10;20;60;0.50;52466;221;0.6154;5256;-797;-28.0;20;6;4;10;30.0;25.9
2023-01;1;1350;1680;15;10;30;0.50;61189;244;0.6352;-4618;-7091;-145.2;18;4;2;12;22.2;26.8
2023-01;2;180;1560;15;15;40;0.50;55269;267;0.6629;-3690;-5675;-172.2;23;2;8;13;8.7;28.5
2023-01;3;810;870;15;20;60;0.50;52467;246;0.6057;-5599;-3845;-152.2;23;5;5;13;21.7;25.9
2023-01;4;1680;1710;15;20;60;0.50;52344;223;0.6143;-5599;-2606;-102.4;16;5;2;9;31.2;25.9
2023-01;5;1680;1770;15;20;60;0.50;52222;200;0.6250;-2606;-8280;-342.4;16;2;2;12;12.5;25.9
2023-01;6;150;1050;10;25;70;0.50;50297;209;0.6459;2683;-10263;-537.4;16;2;1;13;12.5;27.1
2023-01;7;780;900;15;20;60;0.50;49806;240;0.6042;-2762;-6576;-268.0;20;4;3;13;20.0;25.9
2023-01;8;180;270;15;25;70;0.50;49316;263;0.6236;-287;3578;179.0;15;6;4;5;40.0;27.1
2023-01;9;1410;1830;10;10;30;0.50;48750;231;0.6234;2534;-8085;-166.6;19;2;4;13;10.5;26.8
2023-01;10;420;480;15;10;30;0.50;48500;540;0.5741;6456;-14986;-320.2;43;6;9;28;14.0;26.8
2023-02;1;90;210;35;15;40;0.50;60430;311;0.6559;9540;-5167;-156.6;19;5;3;11;26.3;28.5
2023-02;2;150;330;25;10;30;0.50;54138;477;0.5828;13184;-1020;-17.8;27;8;6;13;29.6;26.8
2023-02;3;1230;2430;10;15;40;0.50;47835;160;0.7063;742;1557;47.4;9;4;2;3;44.4;28.5
2023-02;4;1;720;30;10;30;0.50;46760;409;0.5844;-3272;4948;99.4;29;10;8;11;34.5;26.8
2023-02;5;180;270;15;25;70;0.50;45780;269;0.6171;3578;-2327;-113.8;17;3;5;9;17.6;27.1
2023-02;6;540;1500;35;10;30;0.50;45074;211;0.6256;6882;-2860;-56.8;12;2;3;7;16.7;26.8
2023-02;7;780;1140;10;10;30;0.50;44932;319;0.5956;2073;-4475;-89.4;21;5;4;12;23.8;26.8
2023-02;8;270;1470;40;10;30;0.50;43953;208;0.6250;5079;-4785;-96.8;12;1;3;8;8.3;26.8
2023-02;9;150;330;30;10;30;0.50;42526;408;0.5809;11610;-1637;-30.8;22;5;6;11;22.7;26.8
2023-02;10;1410;1830;10;15;40;0.50;42253;216;0.6620;-312;2356;71.0;10;5;2;3;50.0;28.5
2023-03;1;150;330;25;10;30;0.50;60674;475;0.5874;-1020;-249;-2.0;30;5;11;14;16.7;26.8
2023-03;2;1;720;30;10;30;0.50;58041;417;0.5923;4948;-4019;-79.2;28;3;10;15;10.7;26.8
2023-03;3;2;720;30;10;30;0.50;53943;412;0.5898;7069;-5780;-116.4;26;2;9;15;7.7;26.8
2023-03;4;90;210;35;15;40;0.50;53439;310;0.6484;-5167;720;24.2;22;3;10;9;13.6;28.5
2023-03;5;8;720;30;10;30;0.50;52180;374;0.5936;3177;2073;43.6;26;4;11;11;15.4;26.8
2023-03;6;1530;1560;10;20;50;0.50;49962;266;0.6805;5925;-1191;-45.2;18;3;7;8;16.7;29.6
2023-03;7;7;750;30;10;30;0.50;49165;374;0.5909;3177;201;6.4;24;3;10;11;12.5;26.8
2023-03;8;8;660;30;10;30;0.50;48532;393;0.5878;4137;981;22.2;27;4;11;12;14.8;26.8
2023-03;9;1470;2010;15;10;30;0.50;46166;201;0.6318;-896;-1957;-38.2;13;1;5;7;7.7;26.8
2023-03;10;1;720;30;15;30;0.50;45779;396;0.7626;3705;-2649;-78.6;24;4;11;9;16.7;34.9
2023-04;1;7;750;30;10;30;0.50;64329;365;0.6055;201;-3441;-68.0;20;4;5;11;20.0;26.8
2023-04;2;8;720;30;10;30;0.50;64329;365;0.6055;2073;-3441;-68.0;20;4;5;11;20.0;26.8
2023-04;3;5;780;30;10;30;0.50;59868;375;0.6000;-871;-1489;-28.0;20;4;6;10;20.0;26.8
2023-04;4;4;750;30;10;30;0.50;59150;381;0.5984;51;-1489;-28.0;20;4;6;10;20.0;26.8
2023-04;5;6;750;30;10;30;0.50;58872;370;0.6000;1133;-3441;-68.0;20;4;5;11;20.0;26.8
2023-04;6;150;840;25;10;30;0.50;58553;346;0.6040;11610;1285;27.8;23;4;9;10;17.4;26.8
2023-04;7;210;480;25;10;30;0.50;58516;413;0.5932;9234;-9341;-193.6;24;4;4;16;16.7;26.8
2023-04;8;150;330;25;10;30;0.50;56000;461;0.5857;-249;3177;65.0;25;7;8;10;28.0;26.8
2023-04;9;9;690;30;10;30;0.50;54057;371;0.5957;1920;-1489;-28.0;20;4;6;10;20.0;26.8
2023-04;10;5;750;30;10;30;0.50;53826;373;0.5952;-871;-1489;-28.0;20;4;6;10;20.0;26.8
2023-05;1;150;840;25;10;30;0.50;63508;345;0.6087;1285;-3296;-65.2;18;4;4;10;22.2;26.8
2023-05;2;150;330;25;10;30;0.50;58636;452;0.5885;3177;-4019;-79.2;28;8;5;15;28.6;26.8
2023-05;3;7;750;30;10;30;0.50;56426;364;0.5989;-3441;-424;-6.6;19;6;4;9;31.6;26.8
2023-05;4;150;510;20;20;60;0.50;54555;262;0.6031;7727;1532;63.2;12;3;4;5;25.0;25.9
2023-05;5;270;450;10;20;60;0.50;53569;303;0.5908;6441;-4612;-185.2;18;6;1;11;33.3;25.9
2023-05;6;8;720;30;10;30;0.50;53326;364;0.5962;-3441;-4331;-86.6;19;5;3;11;26.3;26.8
2023-05;7;120;600;25;10;30;0.50;53135;379;0.5937;2380;-5497;-110.8;22;7;2;13;31.8;26.8
2023-05;8;1530;1710;15;20;60;0.50;52833;190;0.6316;2676;-3460;-138.2;13;3;2;8;23.1;25.9
2023-05;9;210;480;25;10;30;0.50;52525;411;0.5888;-9341;-3731;-73.6;24;7;4;13;29.2;26.8
2023-05;10;4;750;30;10;30;0.50;51724;378;0.5926;-1489;-4331;-86.6;19;5;3;11;26.3;26.8
2023-06;1;150;840;25;10;30;0.50;56817;334;0.6048;-3296;-424;-6.6;19;7;3;9;36.8;26.8
2023-06;2;150;330;25;10;30;0.50;56664;442;0.5882;-4019;-573;-9.4;21;4;7;10;19.0;26.8
2023-06;3;15;750;30;10;30;0.50;56347;338;0.6036;-3441;2688;54.8;18;4;7;7;22.2;26.8
2023-06;4;870;1590;15;20;60;0.50;55298;175;0.6457;4667;3501;140.4;14;5;4;5;35.7;25.9
2023-06;5;150;510;20;20;60;0.50;55175;252;0.6071;1532;-559;-19.6;14;5;2;7;35.7;25.9
2023-06;6;1170;1740;30;10;30;0.50;54244;196;0.6480;6056;-1045;-19.6;14;3;4;7;21.4;26.8
2023-06;7;150;1530;15;10;30;0.50;52903;301;0.6080;2073;-573;-9.4;21;8;3;10;38.1;26.8
2023-06;8;25;420;10;20;60;0.50;52711;292;0.5925;-718;1451;60.4;14;7;1;6;50.0;25.9
2023-06;9;120;600;25;10;30;0.50;52638;370;0.5946;-5497;3643;73.4;19;7;5;7;36.8;26.8
2023-06;10;1560;1710;15;20;60;0.50;52344;198;0.6263;401;-5372;-218.2;13;2;2;9;15.4;25.9
2023-07;1;15;750;30;10;30;0.50;58751;331;0.6073;2688;-4475;-89.4;21;4;5;12;19.0;26.8
2023-07;2;1;720;30;15;30;0.50;58286;351;0.7863;5267;-3820;-115.2;18;4;6;8;22.2;34.9
2023-07;3;15;660;30;10;30;0.50;57092;345;0.6029;5897;-5213;-105.2;18;2;5;11;11.1;26.8
2023-07;4;870;1590;15;20;60;0.50;56923;174;0.6494;3501;-3383;-135.4;11;1;3;7;9.1;25.9
2023-07;5;9;720;30;10;30;0.50;55645;344;0.6017;5738;-8085;-166.6;19;4;2;13;21.1;26.8
2023-07;6;5;690;30;15;30;0.50;55433;337;0.7864;6380;-1329;-38.8;17;4;7;6;23.5;34.9
2023-07;7;8;720;30;10;30;0.50;55411;346;0.6012;5738;-8932;-185.2;18;4;1;13;22.2;26.8
2023-07;8;8;750;30;10;30;0.50;54906;337;0.6024;5738;-8085;-166.6;19;5;1;13;26.3;26.8
2023-07;9;7;780;35;10;30;0.50;54556;300;0.6100;2997;-5945;-121.0;15;4;1;10;26.7;26.8
2023-07;10;6;780;35;10;30;0.50;54325;302;0.6093;5079;-6812;-139.6;14;2;2;10;14.3;26.8
2023-08;1;10;690;30;15;30;0.50;54931;313;0.7923;1077;-128;-2.2;23;8;8;7;34.8;34.9
2023-08;2;6;2130;20;25;70;0.50;53295;139;0.7050;5000;2132;107.4;9;3;3;3;33.3;27.1
2023-08;3;7;2130;20;25;70;0.50;53042;141;0.7021;7016;6091;297.4;9;4;4;1;44.4;27.1
2023-08;4;5;2160;20;25;70;0.50;52221;136;0.7059;7016;2132;107.4;9;3;3;3;33.3;27.1
2023-08;5;6;2160;20;25;70;0.50;51970;138;0.7029;7016;2132;107.4;9;3;3;3;33.3;27.1
2023-08;6;8;2130;20;25;70;0.50;51469;142;0.6972;7016;6091;297.4;9;4;4;1;44.4;27.1
2023-08;7;20;300;10;25;70;0.50;50738;240;0.6333;5567;3578;179.0;15;6;4;5;40.0;27.1
2023-08;8;300;330;15;20;60;0.50;49926;288;0.5903;9640;1289;54.8;18;5;5;8;27.8;25.9
2023-08;9;9;690;30;15;30;0.50;49660;312;0.7853;-881;928;29.2;22;8;8;6;36.4;34.9
2023-08;10;570;780;15;20;60;0.50;49207;225;0.6089;-3614;401;19.0;15;4;4;7;26.7;25.9
2023-09;1;6;2130;20;25;70;0.50;62831;135;0.7333;2132;-1517;-74.8;7;0;3;4;0.0;27.1
2023-09;2;7;2130;20;25;70;0.50;62562;137;0.7299;6091;-1517;-74.8;7;0;3;4;0.0;27.1
2023-09;3;8;2130;20;25;70;0.50;60891;138;0.7246;6091;-1517;-74.8;7;0;3;4;0.0;27.1
2023-09;4;5;2160;20;25;70;0.50;60028;133;0.7293;2132;-1517;-74.8;7;0;3;4;0.0;27.1
2023-09;5;6;2160;20;25;70;0.50;59764;135;0.7259;2132;-1517;-74.8;7;0;3;4;0.0;27.1
2023-09;6;7;2160;20;25;70;0.50;57861;138;0.7174;2132;-1517;-74.8;7;0;3;4;0.0;27.1
2023-09;7;6;2130;15;20;60;0.50;55921;165;0.6545;3584;-2372;-94.0;10;1;3;6;10.0;25.9
2023-09;8;7;1950;15;20;60;0.50;55423;173;0.6474;2512;562;24.6;11;3;3;5;27.3;25.9
2023-09;9;8;2130;20;20;60;0.50;54554;162;0.6543;4584;-5221;-212.6;9;1;1;7;11.1;25.9
2023-09;10;7;2130;20;20;60;0.50;54307;166;0.6506;4584;-5221;-212.6;9;1;1;7;11.1;25.9
2023-10;1;330;450;15;10;30;0.50;56703;455;0.5868;5263;-5615;-111.8;37;8;9;20;21.6;26.8
2023-10;2;9;2040;15;20;60;0.50;56296;159;0.6604;2676;5762;226.0;10;4;4;2;40.0;25.9
2023-10;3;5;2160;20;25;70;0.50;53483;126;0.7222;-1517;3022;151.0;10;3;4;3;30.0;27.1
2023-10;4;8;2130;20;25;70;0.50;52977;130;0.7154;-1517;3022;151.0;10;3;4;3;30.0;27.1
2023-10;5;7;1950;15;20;60;0.50;52710;167;0.6467;562;562;24.6;11;1;5;5;9.1;25.9
2023-10;6;6;2130;20;25;70;0.50;51905;127;0.7165;-1517;3022;151.0;10;3;4;3;30.0;27.1
2023-10;7;7;2130;20;25;70;0.50;51654;129;0.7132;-1517;3022;151.0;10;3;4;3;30.0;27.1
2023-10;8;90;720;15;20;60;0.50;51372;214;0.6168;3750;2430;99.0;15;4;5;6;26.7;25.9
2023-10;9;9;1920;15;20;60;0.50;49805;165;0.6424;2594;1532;63.2;12;3;4;5;25.0;25.9
2023-10;10;25;1770;15;15;40;0.50;49738;253;0.6601;-312;2059;63.4;19;7;5;7;36.8;28.5
2023-11;1;5;2160;20;25;70;0.50;59960;122;0.7459;3022;-3372;-169.8;7;0;2;5;0.0;27.1
2023-11;2;90;720;15;20;60;0.50;59838;203;0.6355;2430;5678;223.2;12;4;5;3;33.3;25.9
2023-11;3;9;2040;15;20;60;0.50;58437;150;0.6733;5762;-320;-11.2;8;2;2;4;25.0;25.9
2023-11;4;180;600;15;25;60;0.50;58109;193;0.7461;5061;1601;81.0;10;3;4;3;30.0;30.2
2023-11;5;15;2070;15;25;70;0.50;56688;124;0.7339;9070;-1517;-74.8;7;0;3;4;0.0;27.1
2023-11;6;15;1980;15;20;60;0.50;54802;158;0.6582;3667;-320;-11.2;8;0;4;4;0.0;25.9
2023-11;7;15;2040;15;20;60;0.50;53445;155;0.6581;4667;-320;-11.2;8;2;2;4;25.0;25.9
2023-11;8;90;1680;15;20;60;0.50;52832;165;0.6485;7813;2676;107.4;9;1;5;3;11.1;25.9
2023-11;9;10;2130;15;25;70;0.50;52407;123;0.7236;8127;-1517;-74.8;7;0;3;4;0.0;27.1
2023-11;10;6;2130;20;25;70;0.50;52407;123;0.7236;3022;-2368;-118.4;6;0;2;4;0.0;27.1
2023-12;1;90;1680;15;20;60;0.50;61639;150;0.6800;2676;-320;-11.2;8;2;2;4;25.0;25.9
2023-12;2;90;1530;15;20;60;0.50;59838;153;0.6732;6868;3750;148.8;8;2;4;2;25.0;25.9
2023-12;3;90;720;15;20;60;0.50;57426;191;0.6387;5678;481;21.8;13;0;7;6;0.0;25.9
2023-12;4;9;2040;15;20;60;0.50;56171;136;0.6838;-320;642;27.4;9;2;3;4;22.2;25.9
2023-12;5;180;600;15;25;60;0.50;55142;180;0.7500;1601;192;11.8;13;1;7;5;7.7;30.2
2023-12;6;25;2700;10;10;30;0.50;52977;247;0.6235;4764;-4785;-96.8;12;0;4;8;0.0;26.8
2023-12;7;90;1830;15;20;60;0.50;52710;142;0.6690;3750;2758;110.2;7;2;3;2;28.6;25.9
2023-12;8;4;2070;15;20;60;0.50;50045;136;0.6691;1695;3750;148.8;8;3;3;2;37.5;25.9
2023-12;9;120;1740;15;10;30;0.50;49946;247;0.6194;3798;956;20.4;14;4;4;6;28.6;26.8
2023-12;10;150;840;10;20;60;0.50;49685;192;0.6250;4667;3584;143.2;12;2;6;4;16.7;25.9
2024-01;1;120;1740;15;10;30;0.50;64900;227;0.6476;956;-573;-9.4;21;4;7;10;19.0;26.8
2024-01;2;90;1530;15;20;60;0.50;61897;146;0.6849;3750;-3305;-132.6;9;1;2;6;11.1;25.9
2024-01;3;210;600;10;20;60;0.50;60865;187;0.6471;6612;-2606;-102.4;16;4;3;9;25.0;25.9
2024-01;4;4;2070;15;20;60;0.50;59965;126;0.7063;3750;-4383;-176.8;12;4;0;8;33.3;25.9
2024-01;5;90;1680;15;20;60;0.50;58945;142;0.6831;-320;642;27.4;9;4;1;4;44.4;25.9
2024-01;6;20;270;20;30;80;0.50;58637;130;0.7538;6430;-6193;-381.2;8;0;1;7;0.0;27.9
2024-01;7;150;840;10;20;60;0.50;58057;181;0.6464;3584;-9157;-381.0;15;2;1;12;13.3;25.9
2024-01;8;240;390;15;25;70;0.50;57475;164;0.6890;7016;-4681;-236.8;12;3;1;8;25.0;27.1
2024-01;9;90;720;15;20;60;0.50;56546;180;0.6444;481;-4383;-176.8;12;2;2;8;16.7;25.9
2024-01;10;90;780;10;25;70;0.50;56047;152;0.6974;7016;-9031;-470.4;11;1;0;10;9.1;27.1
2024-02;1;120;1740;15;10;30;0.50;72151;223;0.6592;-573;956;20.4;14;6;2;6;42.9;26.8
2024-02;2;120;1770;15;10;30;0.50;70309;224;0.6562;1437;-274;-3.8;17;5;4;8;29.4;26.8
2024-02;3;210;600;10;20;60;0.50;64247;185;0.6541;-2606;1614;66.0;10;5;1;4;50.0;25.9
2024-02;4;30;1890;15;10;30;0.50;64201;246;0.6382;1285;-125;-1.0;15;2;6;7;13.3;26.8
2024-02;5;60;1560;15;15;40;0.50;63105;203;0.7044;1262;5615;165.4;14;7;4;3;50.0;28.5
2024-02;6;60;1860;15;10;30;0.50;60866;220;0.6455;6402;-1193;-22.4;16;4;4;8;25.0;26.8
2024-02;7;90;1680;15;20;60;0.50;57678;137;0.6861;642;-3305;-132.6;9;1;2;6;11.1;25.9
2024-02;8;300;1020;15;20;60;0.50;55672;169;0.6509;-3460;642;27.4;9;4;1;4;44.4;25.9
2024-02;9;60;690;15;20;60;0.50;54307;191;0.6335;-4536;2676;107.4;9;4;2;3;44.4;25.9
2024-02;10;25;1590;20;15;40;0.50;53194;195;0.6923;2333;494;16.0;10;4;2;4;40.0;28.5
2024-03;1;120;1770;15;10;30;0.50;73752;224;0.6607;-274;-1045;-19.6;14;1;6;7;7.1;26.8
2024-03;2;60;1560;15;15;40;0.50;72803;201;0.7214;5615;1285;39.6;11;3;4;4;27.3;28.5
2024-03;3;120;1740;15;10;30;0.50;72409;221;0.6606;956;25;1.8;13;2;5;6;15.4;26.8
2024-03;4;60;1860;15;10;30;0.50;62606;219;0.6484;-1193;6215;121.8;13;5;5;3;38.5;26.8
2024-03;5;120;1470;20;15;40;0.50;59815;184;0.7120;3973;494;16.0;10;2;4;4;20.0;28.5
2024-03;6;210;600;10;20;60;0.50;56672;178;0.6461;1614;-2372;-94.0;10;1;3;6;10.0;25.9
2024-03;7;10;1680;20;15;40;0.50;56452;193;0.6995;4791;-558;-15.4;11;3;3;5;27.3;28.5
2024-03;8;60;1830;15;10;30;0.50;54554;220;0.6364;1894;6215;121.8;13;3;7;3;23.1;26.8
2024-03;9;60;1440;20;15;40;0.50;53985;198;0.6919;5899;-1599;-46.8;12;3;3;6;25.0;28.5
2024-03;10;60;1470;20;20;50;0.50;53808;149;0.7584;5519;1884;76.0;10;3;4;3;30.0;29.6
2024-04;1;60;1560;15;15;40;0.50;68373;193;0.7202;1285;-312;-7.4;16;4;5;7;25.0;28.5
2024-04;2;120;1740;15;10;30;0.50;64611;216;0.6528;25;351;9.2;22;4;8;10;18.2;26.8
2024-04;3;120;1770;15;10;30;0.50;64118;220;0.6500;-1045;-3586;-70.8;22;3;7;12;13.6;26.8
2024-04;4;60;1860;15;10;30;0.50;63094;215;0.6512;6215;-424;-6.6;19;4;6;9;21.1;26.8
2024-04;5;60;1830;15;10;30;0.50;56695;215;0.6419;6215;653;14.8;18;3;7;8;16.7;26.8
2024-04;6;90;1380;15;15;40;0.50;54780;201;0.6915;3161;3950;118.4;19;4;9;6;21.1;28.5
2024-04;7;240;1590;10;10;30;0.50;53168;232;0.6293;3643;-1637;-30.8;22;7;4;11;31.8;26.8
2024-04;8;60;1470;20;20;50;0.50;52130;145;0.7586;1884;-5326;-216.8;12;2;2;8;16.7;29.6
2024-04;9;60;690;15;20;60;0.50;51130;168;0.6429;1614;-479;-16.8;12;4;2;6;33.3;25.9
2024-04;10;60;1590;15;15;40;0.50;50037;190;0.6895;1285;3416;102.6;16;5;6;5;31.2;28.5
2024-05;1;60;1560;15;15;40;0.50;58107;192;0.7031;-312;-1334;-39.0;10;2;3;5;20.0;28.5
2024-05;2;120;1740;15;10;30;0.50;55757;223;0.6368;351;-4928;-99.6;14;4;1;9;28.6;26.8
2024-05;3;60;2850;10;10;30;0.50;55212;201;0.6468;3643;4110;81.8;13;5;4;4;38.5;26.8
2024-05;4;60;2820;10;10;30;0.50;53781;200;0.6450;5738;1107;23.2;12;4;3;5;33.3;26.8
2024-05;5;270;1560;10;10;30;0.50;53398;230;0.6304;5580;-6951;-142.4;16;4;1;11;25.0;26.8
2024-05;6;240;1590;10;10;30;0.50;52480;238;0.6261;-1637;-1193;-22.4;16;4;4;8;25.0;26.8
2024-05;7;90;1380;15;15;40;0.50;51557;203;0.6847;3950;-2367;-70.4;11;3;2;6;27.3;28.5
2024-05;8;60;1590;15;15;40;0.50;50441;188;0.6915;3416;-2104;-62.6;9;2;2;5;22.2;28.5
2024-05;9;90;1950;15;10;30;0.50;49383;212;0.6321;4450;-2860;-56.8;12;1;4;7;8.3;26.8
2024-05;10;60;1860;15;10;30;0.50;48712;218;0.6284;-424;-2860;-56.8;12;2;3;7;16.7;26.8
2024-06;1;60;2850;10;10;30;0.50;54475;194;0.6495;4110;-3900;-78.2;13;2;3;8;15.4;26.8
2024-06;2;420;930;30;10;30;0.50;50206;178;0.6517;3306;3306;66.0;10;5;2;3;50.0;26.8
2024-06;3;60;690;15;20;60;0.50;46017;154;0.6429;4835;-1272;-49.8;7;1;2;4;14.3;25.9
2024-06;4;60;2820;10;10;30;0.50;44133;193;0.6321;1107;-3006;-59.6;14;2;4;8;14.3;26.8
2024-06;5;60;1560;15;15;40;0.50;43917;180;0.6833;-1334;-4143;-125.4;11;0;4;7;0.0;28.5
2024-06;6;90;1380;15;15;40;0.50;43854;194;0.6753;-2367;-2367;-70.4;11;2;3;6;18.2;28.5
2024-06;7;270;1680;10;10;30;0.50;42877;218;0.6193;8038;1894;39.0;15;2;7;6;13.3;26.8
2024-06;8;1080;1110;15;10;30;0.50;41103;288;0.5972;6882;-1341;-25.2;18;2;7;9;11.1;26.8
2024-06;9;420;930;25;15;40;0.50;40983;168;0.6845;1285;1557;47.4;9;3;3;3;33.3;28.5
2024-06;10;90;930;10;20;60;0.50;40852;144;0.6389;5847;-320;-11.2;8;2;2;4;25.0;25.9
2024-07;1;90;510;15;10;30;0.50;58909;303;0.6139;5738;-1341;-25.2;18;6;3;9;33.3;26.8
2024-07;2;150;1710;10;10;30;0.50;50810;226;0.6283;9206;-3755;-75.4;11;1;3;7;9.1;26.8
2024-07;3;420;930;30;10;30;0.50;49718;169;0.6568;3306;-2568;-51.2;8;1;2;5;12.5;26.8
2024-07;4;150;510;10;15;40;0.50;44404;239;0.6569;8418;-3648;-109.6;14;3;3;8;21.4;28.5
2024-07;5;240;1590;10;10;30;0.50;42449;222;0.6171;5897;2047;41.8;13;3;5;5;23.1;26.8
2024-07;6;270;1620;10;10;30;0.50;42235;224;0.6161;7042;-1810;-35.4;11;2;3;6;18.2;26.8
2024-07;7;210;300;15;10;30;0.50;41458;338;0.5888;3332;-12637;-268.0;20;1;3;16;5.0;26.8
2024-07;8;60;480;15;10;30;0.50;40751;318;0.5912;11080;-2251;-43.8;17;5;3;9;29.4;26.8
2024-07;9;30;1890;15;10;30;0.50;40256;216;0.6157;1894;-1810;-35.4;11;3;2;6;27.3;26.8
2024-07;10;180;570;15;20;50;0.50;39680;165;0.7091;9704;1493;60.2;7;1;4;2;14.3;29.6
2024-08;1;90;510;15;10;30;0.50;54517;287;0.6132;-1341;7391;145.0;25;6;11;8;24.0;26.8
2024-08;2;150;510;10;15;40;0.50;45214;228;0.6623;-3648;-3150;-93.8;17;4;4;9;23.5;28.5
2024-08;3;420;900;25;15;40;0.50;44401;157;0.7006;2631;-3129;-94.0;10;1;3;6;10.0;28.5
2024-08;4;180;570;15;20;50;0.50;42456;153;0.7255;1493;-1247;-48.2;13;5;2;6;38.5;29.6
2024-08;5;90;420;15;10;30;0.50;40294;309;0.5922;-3441;3332;67.8;23;4;10;9;17.4;26.8
2024-08;6;90;420;15;15;40;0.50;39291;218;0.6560;-1334;-3906;-117.4;16;3;4;9;18.8;28.5
2024-08;7;30;1890;15;10;30;0.50;38512;206;0.6165;-1810;4267;84.6;11;1;7;3;9.1;26.8
2024-08;8;150;690;10;15;40;0.50;38204;217;0.6544;2081;990;32.0;20;5;7;8;25.0;28.5
2024-08;9;420;930;30;10;30;0.50;37750;160;0.6375;-2568;1107;23.2;12;2;5;5;16.7;26.8
2024-08;10;120;510;20;15;40;0.50;37585;193;0.6632;7019;-580;-15.2;18;5;5;8;27.8;28.5
2024-09;1;90;510;15;10;30;0.50;49124;281;0.6085;7391;4948;99.4;29;7;11;11;24.1;26.8
2024-09;2;15;2280;10;10;30;0.50;47304;204;0.6324;3151;-2543;-49.4;21;8;2;11;38.1;26.8
2024-09;3;690;780;30;10;30;0.50;46972;167;0.6527;8363;-1193;-22.4;16;6;2;8;37.5;26.8
2024-09;4;510;810;30;10;30;0.50;46714;156;0.6603;4267;-5070;-102.4;16;2;4;10;12.5;26.8
2024-09;5;15;2250;10;10;30;0.50;44602;202;0.6287;3151;-2543;-49.4;21;8;2;11;38.1;26.8
2024-09;6;90;420;15;10;30;0.50;44425;297;0.5993;3332;5924;118.0;30;8;11;11;26.7;26.8
2024-09;7;120;930;10;20;50;0.50;43474;154;0.7273;5173;-4649;-188.2;13;2;3;8;15.4;29.6
2024-09;8;180;570;15;20;50;0.50;42375;148;0.7297;-1247;-1191;-45.2;18;7;3;8;38.9;29.6
2024-09;9;390;900;30;10;30;0.50;42268;157;0.6497;2997;3643;73.4;19;7;5;7;36.8;26.8
2024-09;10;240;1560;10;10;30;0.50;41986;213;0.6197;6882;1589;33.4;19;6;5;8;31.6;26.8
2024-10;1;90;420;15;10;30;0.50;57445;302;0.6126;5924;-5497;-110.8;22;4;5;13;18.2;26.8
2024-10;2;90;510;15;10;30;0.50;54749;285;0.6140;4948;-8361;-172.2;23;4;4;15;17.4;26.8
2024-10;3;390;780;25;10;30;0.50;49532;184;0.6467;6882;-6812;-139.6;14;1;3;10;7.1;26.8
2024-10;4;600;930;15;10;30;0.50;47379;230;0.6217;4921;-3151;-62.4;16;4;3;9;25.0;26.8
2024-10;5;240;1020;10;10;30;0.50;46754;249;0.6145;-722;-3586;-70.8;22;7;3;12;31.8;26.8
2024-10;6;690;780;30;10;30;0.50;45836;164;0.6524;-1193;-748;-14.0;10;4;1;5;40.0;26.8
2024-10;7;600;660;20;15;40;0.50;42762;186;0.6774;3950;-4400;-133.2;13;4;1;8;30.8;28.5
2024-10;8;90;600;10;15;40;0.50;42572;228;0.6579;5308;990;32.0;20;5;7;8;25.0;28.5
2024-10;9;420;930;25;15;40;0.50;42187;148;0.7027;6446;-7598;-235.4;11;1;1;9;9.1;28.5
2024-10;10;390;900;30;10;30;0.50;41842;161;0.6460;3643;-598;-11.2;8;2;2;4;25.0;26.8
2024-11;1;690;780;30;10;30;0.50;46935;154;0.6623;-748;-4475;-89.4;21;4;5;12;19.0;26.8
2024-11;2;390;900;30;10;30;0.50;46238;147;0.6667;-598;-722;-12.2;23;6;6;11;26.1;26.8
2024-11;3;15;2430;10;10;30;0.50;45255;196;0.6327;7364;201;6.4;24;4;9;11;16.7;26.8
2024-11;4;90;600;10;15;40;0.50;45246;221;0.6652;990;3370;103.0;30;8;11;11;26.7;28.5
2024-11;5;15;2460;10;10;30;0.50;41276;193;0.6269;7364;2227;46.4;24;5;9;10;20.8;26.8
2024-11;6;390;780;25;10;30;0.50;40571;173;0.6358;-6812;3332;67.8;23;5;9;9;21.7;26.8
2024-11;7;450;870;30;10;30;0.50;40289;149;0.6510;-2714;-4475;-89.4;21;4;5;12;19.0;26.8
2024-11;8;330;1020;30;10;30;0.50;38996;148;0.6486;-1662;-8223;-169.4;21;4;3;14;19.0;26.8
2024-11;9;660;750;30;10;30;0.50;38996;148;0.6486;326;-1637;-30.8;22;7;4;11;31.8;26.8
2024-11;10;330;1290;10;10;30;0.50;38547;219;0.6119;1894;-1785;-33.6;24;4;8;12;16.7;26.8
2024-12;1;390;570;25;10;30;0.50;52097;188;0.6489;12648;1285;27.8;23;7;6;10;30.4;26.8
2024-12;2;240;1560;10;10;30;0.50;45292;209;0.6268;6402;-7369;-150.8;22;3;5;14;13.6;26.8
2024-12;3;870;1260;10;15;40;0.50;45082;174;0.6897;8685;-7142;-219.4;21;5;3;13;23.8;28.5
2024-12;4;870;1260;10;10;30;0.50;44639;215;0.6233;5421;-7647;-156.4;26;7;3;16;26.9;26.8
2024-12;5;15;2430;10;10;30;0.50;44602;202;0.6287;201;-2836;-55.0;25;5;7;13;20.0;26.8
2024-12;6;390;900;30;10;30;0.50;44023;154;0.6558;-722;-2251;-43.8;17;4;4;9;23.5;26.8
2024-12;7;150;1710;10;10;30;0.50;43953;208;0.6250;7391;-8223;-169.4;21;3;4;14;14.3;26.8
2024-12;8;15;2460;10;10;30;0.50;43485;199;0.6281;2227;-1932;-36.4;26;6;7;13;23.1;26.8
2024-12;9;360;810;25;10;30;0.50;42340;183;0.6339;7391;-5497;-110.8;22;6;3;13;27.3;26.8
2024-12;10;90;600;10;15;40;0.50;42190;230;0.6565;3370;-335;-7.2;23;6;7;10;26.1;28.5
2025-01;1;150;660;15;10;30;0.50;55681;277;0.6173;1920;-4594;-90.4;36;8;9;19;22.2;26.8
2025-01;2;390;570;25;10;30;0.50;46826;195;0.6359;1285;4948;99.4;29;9;9;11;31.0;26.8
2025-01;3;1;2430;10;10;30;0.50;43558;225;0.6178;-99;-2690;-52.2;23;5;6;12;21.7;26.8
2025-01;4;15;2430;10;10;30;0.50;43306;214;0.6215;-2836;3487;70.6;21;7;6;8;33.3;26.8
2025-01;5;1;2460;10;10;30;0.50;42022;226;0.6150;-99;-573;-9.4;21;5;6;10;23.8;26.8
2025-01;6;15;2460;10;10;30;0.50;40677;212;0.6179;-1932;2534;52.0;20;7;5;8;35.0;26.8
2025-01;7;2130;2160;20;10;30;0.50;39275;172;0.6337;-274;-6086;-123.8;17;2;4;11;11.8;26.8
2025-01;8;2670;3120;10;10;30;0.50;37268;138;0.6522;7364;-5804;-118.2;13;2;2;9;15.4;26.8
2025-01;9;15;2400;10;10;30;0.50;36210;215;0.6093;201;3487;70.6;21;9;4;8;42.9;26.8
2025-01;10;1680;2340;30;10;30;0.50;35527;115;0.6696;3306;2047;41.8;13;2;6;5;15.4;26.8
2025-02;1;390;570;25;10;30;0.50;48898;203;0.6355;4948;-3731;-73.6;24;5;6;13;20.8;26.8
2025-02;2;3;270;20;10;30;0.50;44208;299;0.5987;3203;-5473;-109.0;35;8;8;19;22.9;26.8
2025-02;3;15;2430;10;10;30;0.50;43953;208;0.6250;3487;653;14.8;18;4;6;8;22.2;26.8
2025-02;4;1;330;20;10;30;0.50;42879;298;0.5973;2252;377;11.0;35;9;10;16;25.7;26.8
2025-02;5;510;570;15;15;40;0.50;41840;225;0.6578;2563;2310;71.4;24;10;5;9;41.7;28.5
2025-02;6;2;360;20;10;30;0.50;41563;297;0.5960;5290;1615;35.2;32;6;12;14;18.8;26.8
2025-02;7;15;2460;10;10;30;0.50;41312;206;0.6214;2534;-1193;-22.4;16;4;4;8;25.0;26.8
2025-02;8;330;1650;35;15;40;0.50;41265;105;0.7524;3694;-4891;-149.0;10;2;1;7;20.0;28.5
2025-02;9;8;450;10;20;50;0.50;40998;186;0.6989;6454;-3543;-140.8;22;3;8;11;13.6;29.6
2025-02;10;1;2460;10;10;30;0.50;40256;216;0.6157;-573;-3586;-70.8;22;6;4;12;27.3;26.8
2025-03;1;390;420;15;10;30;0.50;52293;333;0.6006;11108;5132;104.0;40;16;8;16;40.0;26.8
2025-03;2;1;390;20;10;30;0.50;50813;306;0.6046;7741;-1143;-18.8;42;16;6;20;38.1;26.8
2025-03;3;2;360;20;10;30;0.50;48752;311;0.6013;1615;-74;2.6;41;16;6;19;39.0;26.8
2025-03;4;2;390;20;10;30;0.50;48047;304;0.6020;7741;-2957;-56.0;40;15;5;20;37.5;26.8
2025-03;5;1;330;20;10;30;0.50;46720;316;0.5981;377;553;15.6;46;18;7;21;39.1;26.8
2025-03;6;390;570;25;10;30;0.50;43306;214;0.6215;-3731;2073;43.6;26;6;9;11;23.1;26.8
2025-03;7;150;660;15;10;30;0.50;43094;296;0.5980;6083;1615;35.2;32;9;9;14;28.1;26.8
2025-03;8;1;360;20;10;30;0.50;42701;313;0.5942;2560;-3247;-61.6;44;16;6;22;36.4;26.8
2025-03;9;3;450;20;10;30;0.50;42629;287;0.5993;-249;1158;26.8;38;14;7;17;36.8;26.8
2025-03;10;4;270;20;10;30;0.50;42274;317;0.5931;-2519;-2494;-45.8;47;15;9;23;31.9;26.8
2025-04;1;390;420;15;10;30;0.50;62042;357;0.6050;5132;-6857;-135.2;68;16;17;35;23.5;26.8
2025-04;2;480;570;15;10;30;0.50;52941;314;0.6051;6269;-7160;-142.6;59;17;11;31;28.8;26.8
2025-04;3;150;660;15;10;30;0.50;51988;309;0.6052;1615;-8314;-168.6;49;11;11;27;22.4;26.8
2025-04;4;1;390;20;10;30;0.50;50890;332;0.5994;-1143;4897;103.8;83;26;21;36;31.3;26.8
2025-04;5;25;510;15;10;30;0.50;50702;347;0.5965;7418;-9544;-193.8;67;21;10;36;31.3;26.8
2025-04;6;150;720;15;15;40;0.50;49101;222;0.6712;10106;-10067;-313.2;38;9;7;22;23.7;28.5
2025-04;7;330;360;15;10;30;0.50;48941;376;0.5904;2125;302;13.6;76;21;20;35;27.6;26.8
2025-04;8;390;570;25;10;30;0.50;48750;231;0.6234;2073;-5165;-101.6;44;8;13;23;18.2;26.8
2025-04;9;750;840;15;10;30;0.50;48454;287;0.6063;2560;-8589;-174.2;53;11;13;29;20.8;26.8
2025-04;10;5;330;20;10;30;0.50;48344;328;0.5976;5951;-5685;-109.2;78;21;18;39;26.9;26.8
2025-05;1;1;330;20;10;30;0.50;73846;410;0.6049;12960;-7600;-152.8;52;11;13;28;21.2;26.8
2025-05;2;1;390;20;10;30;0.50;66190;390;0.6026;4897;-6601;-131.4;51;11;13;27;21.6;26.8
2025-05;3;2;390;20;10;30;0.50;65402;383;0.6031;9345;-6601;-131.4;51;11;13;27;21.6;26.8
2025-05;4;3;240;20;10;30;0.50;61478;415;0.5952;15070;-6741;-134.2;53;13;12;28;24.5;26.8
2025-05;5;2;360;20;10;30;0.50;58952;396;0.5960;629;-7600;-152.8;52;11;13;28;21.2;26.8
2025-05;6;90;540;35;20;60;0.50;56797;126;0.6984;11588;-2606;-102.4;16;3;4;9;18.8;25.9
2025-05;7;1;240;20;10;30;0.50;55687;437;0.5881;19411;-5141;-99.8;57;12;16;29;21.1;26.8
2025-05;8;1;270;20;10;30;0.50;52106;428;0.5864;11583;-3078;-57.0;55;13;15;27;23.6;26.8
2025-05;9;6;240;20;10;30;0.50;52029;402;0.5896;2664;-4998;-97.0;55;15;12;28;27.3;26.8
2025-05;10;5;330;20;10;30;0.50;49876;381;0.5906;-5685;-2786;-51.4;51;15;11;25;29.4;26.8
2025-06;1;930;990;10;10;30;0.50;58275;335;0.6060;10250;-5615;-111.8;37;8;9;20;21.6;26.8
2025-06;2;1;330;20;10;30;0.50;57884;445;0.5888;-7600;553;15.6;46;17;8;21;37.0;26.8
2025-06;3;90;540;35;20;60;0.50;57678;137;0.6861;-2606;-4536;-182.4;16;1;5;10;6.2;25.9
2025-06;4;2;390;20;10;30;0.50;54909;417;0.5899;-6601;-4426;-85.8;47;15;8;24;31.9;26.8
2025-06;5;240;1320;25;20;60;0.50;54431;139;0.6763;6527;-559;-19.6;14;1;6;7;7.1;25.9
2025-06;6;1;390;20;10;30;0.50;52563;424;0.5873;-6601;-7323;-147.2;48;13;9;26;27.1;26.8
2025-06;7;240;1410;25;20;60;0.50;50285;132;0.6742;6612;-3460;-138.2;13;2;3;8;15.4;25.9
2025-06;8;240;1290;25;20;60;0.50;50285;132;0.6742;6527;401;19.0;15;2;6;7;13.3;25.9
2025-06;9;1560;1680;20;10;30;0.50;48007;211;0.6303;1285;-573;-9.4;21;6;5;10;28.6;26.8
2025-06;10;2;210;10;20;60;0.50;47900;247;0.5992;-2137;80;7.8;23;4;8;11;17.4;25.9
2025-07;1;1410;1800;25;15;40;0.50;55403;157;0.7261;6446;-44;0.4;14;4;4;6;28.6;28.5
2025-07;2;240;1320;25;20;60;0.50;52588;144;0.6667;-559;-3460;-138.2;13;4;1;8;30.8;25.9
2025-07;3;240;1290;25;20;60;0.50;51371;139;0.6691;401;-2528;-99.6;14;3;3;8;21.4;25.9
2025-07;4;1;330;20;10;30;0.50;49916;474;0.5802;553;-8337;-170.4;36;9;6;21;25.0;26.8
2025-07;5;780;810;15;10;30;0.50;49838;368;0.5924;15300;-7207;-146.2;33;8;6;19;24.2;26.8
2025-07;6;240;1410;25;20;60;0.50;47072;136;0.6618;-3460;-1509;-58.2;13;4;2;7;30.8;25.9
2025-07;7;1;270;20;10;30;0.50;46762;489;0.5767;7930;-8475;-173.2;38;11;5;22;28.9;26.8
2025-07;8;690;840;10;15;40;0.50;46162;271;0.6494;5568;-5188;-156.4;26;6;6;14;23.1;28.5
2025-07;9;15;4080;10;10;30;0.50;45910;190;0.6368;9206;956;20.4;14;3;5;6;21.4;26.8
2025-07;10;300;1260;20;20;60;0.50;45900;156;0.6410;2430;-2606;-102.4;16;3;4;9;18.8;25.9
2025-08;1;870;900;20;20;60;0.50;52955;188;0.6330;4416;3501;140.4;14;5;4;5;35.7;25.9
2025-08;2;330;360;15;10;30;0.50;51198;516;0.5775;9262;2894;61.2;42;14;10;18;33.3;26.8
2025-08;3;15;4080;10;10;30;0.50;50961;198;0.6414;956;-3151;-62.4;16;2;5;9;12.5;26.8
2025-08;4;990;1500;15;20;60;0.50;47426;155;0.6452;6612;-2450;-96.8;12;1;4;7;8.3;25.9
2025-08;5;1410;1800;25;15;40;0.50;47043;164;0.7012;-44;5332;157.6;16;4;8;4;25.0;28.5
2025-08;6;1200;1590;30;20;60;0.50;46017;129;0.6667;4667;3584;143.2;12;5;3;4;41.7;25.9
2025-08;7;930;1560;25;15;40;0.50;45831;177;0.6893;2862;-1356;-38.8;17;2;7;8;11.8;28.5
2025-08;8;1020;1470;15;10;30;0.50;45402;248;0.6129;9398;5421;107.8;23;9;6;8;39.1;26.8
2025-08;9;2430;2670;10;20;50;0.50;45286;141;0.7447;3346;3007;120.4;14;3;7;4;21.4;29.6
2025-08;10;1590;2820;10;10;30;0.50;44853;133;0.6767;8525;-125;-1.0;15;3;5;7;20.0;26.8
2025-09;1;870;900;20;20;60;0.50;57300;193;0.6373;3501;-559;-19.6;14;3;4;7;21.4;25.9
2025-09;2;1020;1470;15;10;30;0.50;56579;256;0.6250;5421;-3006;-59.6;14;0;6;8;0.0;26.8
2025-09;3;450;540;20;15;40;0.50;51867;304;0.6480;8103;4767;142.0;20;6;8;6;30.0;28.5
2025-09;4;1410;1800;25;15;40;0.50;51318;170;0.7059;5332;1013;31.8;13;4;4;5;30.8;28.5
2025-09;5;1050;1620;10;10;30;0.50;49459;238;0.6218;-2690;25;1.8;13;2;5;6;15.4;26.8
2025-09;6;330;360;15;10;30;0.50;49170;534;0.5749;2894;6909;136.6;31;8;12;11;25.8;26.8
2025-09;7;1200;1590;30;20;60;0.50;48611;135;0.6667;3584;723;30.2;7;3;1;3;42.9;25.9
2025-09;8;930;1560;25;15;40;0.50;46551;187;0.6845;-1356;-558;-15.4;11;3;3;5;27.3;28.5
2025-09;9;1080;1110;35;10;30;0.50;46203;214;0.6262;2047;2201;44.6;11;2;5;4;18.2;26.8
2025-09;10;180;1080;25;20;60;0.50;45550;162;0.6358;2512;2594;104.6;11;4;3;4;36.4;25.9
2025-10;1;870;900;20;20;60;0.50;57174;195;0.6359;-559;-5372;-218.2;13;1;3;9;7.7;25.9
2025-10;2;450;540;20;15;40;0.50;56702;308;0.6526;4767;-5167;-156.6;19;5;3;11;26.3;28.5
2025-10;3;330;360;15;10;30;0.50;53371;537;0.5773;6909;5924;118.0;30;10;9;11;33.3;26.8
2025-10;4;1200;1590;30;20;60;0.50;53322;132;0.6818;723;-6202;-254.0;10;1;1;8;10.0;25.9
2025-10;5;1410;1800;25;15;40;0.50;52509;171;0.7076;1013;1285;39.6;11;3;4;4;27.3;28.5
2025-10;6;900;1410;25;15;40;0.50;50407;195;0.6872;4791;-7846;-243.2;13;2;1;10;15.4;28.5
2025-10;7;1320;1560;25;20;60;0.50;47899;147;0.6531;3667;-399;-14.0;10;1;4;5;10.0;25.9
2025-10;8;2190;2730;30;10;30;0.50;47782;133;0.6842;5395;-2714;-54.0;10;1;3;6;10.0;26.8
2025-10;9;1410;1770;25;15;40;0.50;47011;171;0.6959;224;-825;-23.2;13;4;3;6;30.8;28.5
2025-10;10;4;2640;15;20;60;0.50;46602;144;0.6528;3750;3667;146.0;10;5;2;3;50.0;25.9
2025-11;1;330;360;15;10;30;0.50;57217;544;0.5790;5924;-11004;-230.8;22;3;3;16;13.6;26.8
2025-11;2;1;930;25;10;30;0.50;53479;336;0.6012;7552;-3006;-59.6;14;4;2;8;28.6;26.8
2025-11;3;5;1020;20;10;30;0.50;52142;361;0.5956;3023;-3151;-62.4;16;4;3;9;25.0;26.8
2025-11;4;20;540;20;10;30;0.50;51801;404;0.5891;8553;2842;57.6;16;6;4;6;37.5;26.8
2025-11;5;1050;1200;35;20;60;0.50;51371;139;0.6691;2676;-1193;-47.0;5;2;0;3;40.0;25.9
2025-11;6;1410;1800;25;15;40;0.50;50508;174;0.7011;1285;-2868;-86.2;8;1;2;5;12.5;28.5
2025-11;7;1020;1470;15;10;30;0.50;49272;253;0.6166;-1045;-1045;-19.6;14;5;2;7;35.7;26.8
2025-11;8;20;990;25;10;30;0.50;48269;302;0.6026;7714;-5662;-115.4;11;2;1;8;18.2;26.8
2025-11;9;20;930;25;10;30;0.50;48047;304;0.6020;4450;-4785;-96.8;12;2;2;8;16.7;26.8
2025-11;10;4;1050;20;10;30;0.50;47975;358;0.5922;3177;-3151;-62.4;16;4;3;9;25.0;26.8
2025-12;1;930;1560;25;15;40;0.50;48899;182;0.6923;8151;-290;-7.6;9;4;1;4;44.4;28.5
2025-12;2;25;2400;10;20;60;0.50;47899;147;0.6531;-240;-3305;-132.6;9;1;2;6;11.1;25.9
2025-12;3;870;900;20;20;60;0.50;46955;188;0.6223;1695;-6127;-251.2;8;1;0;7;12.5;25.9
2025-12;4;900;1410;20;15;40;0.50;44596;197;0.6751;3439;-558;-15.4;11;4;2;5;36.4;28.5
2025-12;5;1050;1200;35;20;60;0.50;44390;132;0.6591;-1193;-1193;-47.0;5;2;0;3;40.0;25.9
2025-12;6;1410;1800;25;15;40;0.50;44369;164;0.6951;-2868;-4635;-141.2;8;1;1;6;12.5;28.5
2025-12;7;960;1590;20;15;40;0.50;44273;185;0.6811;5355;2356;71.0;10;5;2;3;50.0;28.5
2025-12;8;3;2730;10;20;60;0.50;43813;142;0.6479;723;-2372;-94.0;10;2;2;6;20.0;25.9
2025-12;9;25;2340;10;20;60;0.50;43698;144;0.6458;-240;-3305;-132.6;9;1;2;6;11.1;25.9
2025-12;10;870;1470;20;15;40;0.50;42699;200;0.6700;1285;1557;47.4;9;5;1;3;55.6;28.5
2026-01;1;930;1560;25;15;40;0.50;52885;176;0.7045;-290;1285;39.6;11;2;5;4;18.2;28.5
2026-01;2;960;1590;20;15;40;0.50;47737;181;0.6906;2356;1013;31.8;13;3;5;5;23.1;28.5
2026-01;3;25;2400;10;20;60;0.50;46720;142;0.6549;-3305;1614;66.0;10;4;2;4;40.0;25.9
2026-01;4;990;1560;25;15;40;0.50;46223;175;0.6914;1557;-290;-7.6;9;1;4;4;11.1;28.5
2026-01;5;900;1410;25;15;40;0.50;45799;184;0.6848;2356;-3389;-101.8;12;2;3;7;16.7;28.5
2026-01;6;270;1320;20;20;60;0.50;45667;160;0.6375;-1272;7899;306.0;10;5;4;1;50.0;25.9
2026-01;7;1110;1200;20;15;40;0.50;45605;226;0.6637;2356;8127;236.2;17;6;8;3;35.3;28.5
2026-01;8;360;840;20;15;40;0.50;45508;247;0.6559;2884;4767;142.0;20;8;6;6;40.0;28.5
2026-01;9;1;930;25;10;30;0.50;44678;308;0.5974;1107;2380;49.2;22;5;8;9;22.7;26.8
2026-01;10;3;2550;15;20;60;0.50;44044;138;0.6522;723;2594;104.6;11;2;5;4;18.2;25.9
2026-02;1;1;930;25;10;30;0.50;52673;303;0.6073;2380;2842;57.6;16;7;3;6;43.8;26.8
2026-02;2;1110;1200;20;15;40;0.50;51863;222;0.6757;8127;-6139;-188.2;13;2;2;9;15.4;28.5
2026-02;3;3;1140;20;10;30;0.50;51721;298;0.6074;4607;2842;57.6;16;6;4;6;37.5;26.8
2026-02;4;930;1560;25;15;40;0.50;51318;170;0.7059;1285;-290;-7.6;9;3;2;4;33.3;28.5
2026-02;5;10;1050;25;10;30;0.50;50473;269;0.6134;-424;2047;41.8;13;5;3;5;38.5;26.8
2026-02;6;360;840;20;15;40;0.50;49002;243;0.6626;4767;2081;63.2;12;5;3;4;41.7;28.5
2026-02;7;450;690;20;15;40;0.50;48569;252;0.6587;11570;5899;173.2;12;6;4;2;50.0;28.5
2026-02;8;900;1710;15;10;30;0.50;47969;198;0.6364;9370;2997;60.4;14;5;4;5;35.7;26.8
2026-02;9;6;1290;15;15;40;0.50;47409;251;0.6574;6708;-2890;-86.0;15;3;4;8;20.0;28.5
2026-02;10;510;660;20;15;40;0.50;47344;265;0.6528;8394;4791;141.8;13;8;2;3;61.5;28.5
2026-03;1;510;660;20;15;40;0.50;65424;254;0.6811;4791;-10529;-329.0;35;5;9;21;14.3;28.5
2026-03;2;450;690;20;15;40;0.50;63326;243;0.6831;5899;158;8.8;33;10;9;14;30.3;28.5
2026-03;3;390;810;20;15;40;0.50;59925;245;0.6776;3973;-3949;-117.0;30;8;7;15;26.7;28.5
2026-03;4;450;810;20;10;30;0.50;57169;291;0.6151;7876;6588;131.0;35;13;9;13;37.1;26.8
2026-03;5;900;1710;15;10;30;0.50;56890;200;0.6500;2997;-6951;-142.4;16;1;4;11;6.2;26.8
2026-03;6;390;780;20;15;40;0.50;54574;243;0.6708;3161;-3193;-93.4;31;8;8;15;25.8;28.5
2026-03;7;10;600;20;10;30;0.50;54481;354;0.5989;11080;-7346;-149.0;35;10;5;20;28.6;26.8
2026-03;8;90;1440;20;10;30;0.50;54400;248;0.6250;7364;7552;147.8;23;7;9;7;30.4;26.8
2026-03;9;360;840;20;15;40;0.50;53402;235;0.6723;2081;-869;-22.8;27;9;6;12;33.3;28.5
2026-03;10;10;1050;25;10;30;0.50;53016;260;0.6192;2047;-11537;-242.0;30;9;1;20;30.0;26.8
2026-04;1;450;810;20;10;30;0.50;60869;300;0.6167;6588;-2397;-46.6;19;5;4;10;26.3;26.8
2026-04;2;90;1440;20;10;30;0.50;60465;250;0.6320;7552;-274;-3.8;17;2;7;8;11.8;26.8
2026-04;3;450;690;20;15;40;0.50;56560;254;0.6693;158;-5654;-172.4;16;4;2;10;25.0;28.5
2026-04;4;450;630;25;10;30;0.50;47345;297;0.6027;-1612;-2251;-43.8;17;3;5;9;17.6;26.8
2026-04;5;480;780;25;10;30;0.50;46791;262;0.6107;6909;-4928;-99.6;14;2;3;9;14.3;26.8
2026-04;6;270;540;25;15;40;0.50;46685;241;0.6598;15717;1808;55.4;14;6;3;5;42.9;28.5
2026-04;7;2310;2490;30;10;30;0.50;46018;149;0.6644;1742;-3900;-78.2;13;2;3;8;15.4;26.8
2026-04;8;510;540;20;10;30;0.50;45771;378;0.5873;3540;-722;-12.2;23;6;6;11;26.1;26.8
2026-04;9;1140;1170;20;20;50;0.50;45715;198;0.7020;3124;2612;104.6;11;4;4;3;36.4;29.6
2026-04;10;960;1470;15;20;50;0.50;45698;166;0.7229;5578;-923;-35.4;11;3;3;5;27.3;29.6
2026-05;1;1;2160;10;10;30;0.50;67605;272;0.6324;12282;-1489;-28.0;20;5;5;10;25.0;26.8
2026-05;2;90;1440;20;10;30;0.50;65686;234;0.6453;-274;-4044;-81.0;15;4;2;9;26.7;26.8
2026-05;3;2;2070;10;15;40;0.50;60568;201;0.7015;4509;-5146;-156.8;12;1;3;8;8.3;28.5
2026-05;4;2;2010;10;15;40;0.50;58037;206;0.6942;3416;-5146;-156.8;12;1;3;8;8.3;28.5
2026-05;5;1;2190;10;10;30;0.50;54710;272;0.6176;12282;-1489;-28.0;20;5;5;10;25.0;26.8
2026-05;6;2;2040;10;15;40;0.50;53951;205;0.6878;3416;-5146;-156.8;12;1;3;8;8.3;28.5
2026-05;7;720;750;15;20;60;0.50;53445;180;0.6389;3584;-1430;-55.4;11;4;1;6;36.4;25.9
2026-05;8;870;1470;25;20;60;0.50;49805;115;0.6957;4751;723;30.2;7;3;1;3;42.9;25.9
2026-05;9;960;1500;20;20;50;0.50;48425;144;0.7500;-923;-598;-22.6;9;2;3;4;22.2;29.6
2026-05;10;960;1500;15;20;50;0.50;46972;150;0.7400;1550;-5015;-204.0;10;1;2;7;10.0;29.6
2026-06;1;1;2160;10;10;30;0.50;59027;262;0.6260;-1489;-3441;-68.0;20;5;4;11;25.0;26.8
2026-06;2;90;1440;20;10;30;0.50;52671;223;0.6323;-4044;-3151;-62.4;16;4;3;9;25.0;26.8
2026-06;3;1;2190;10;10;30;0.50;49759;262;0.6145;-1489;-3441;-68.0;20;5;4;11;25.0;26.8
2026-06;4;2;2070;10;15;40;0.50;48866;189;0.6878;-5146;-558;-15.4;11;4;2;5;36.4;28.5
2026-06;5;450;810;20;10;30;0.50;48640;272;0.6103;-1045;1742;36.2;17;5;5;7;29.4;26.8
2026-06;6;2;2010;10;15;40;0.50;48069;193;0.6839;-5146;1285;39.6;11;5;2;4;45.5;28.5
2026-06;7;1050;1530;10;15;40;0.50;46945;185;0.6865;5332;4791;141.8;13;9;1;3;69.2;28.5
2026-06;8;990;1500;10;15;40;0.50;46191;182;0.6868;1808;-4400;-133.2;13;3;2;8;23.1;28.5
2026-06;9;510;540;20;10;30;0.50;46061;322;0.5963;-1341;-6508;-132.2;23;5;4;14;21.7;26.8
2026-06;10;870;1470;25;20;60;0.50;45783;108;0.6944;723;-2372;-94.0;10;3;1;6;30.0;25.9
2026-07;1;90;1440;20;10;30;0.50;55018;216;0.6389;-3151;-4044;-81.0;15;1;5;9;6.7;26.8
2026-07;2;1;2160;10;10;30;0.50;50661;254;0.6181;-3441;-3441;-68.0;20;2;7;11;10.0;26.8
2026-07;3;1050;1530;10;15;40;0.50;49701;178;0.6966;4791;-825;-23.2;13;5;2;6;38.5;28.5
2026-07;4;450;810;20;10;30;0.50;47012;260;0.6115;1742;804;17.6;16;5;4;7;31.2;26.8
2026-07;5;660;1740;10;15;40;0.50;43595;168;0.6905;5899;-1863;-54.6;14;4;3;7;28.6;28.5
2026-07;6;1;2190;10;10;30;0.50;43415;253;0.6087;-3441;-5355;-108.0;20;2;6;12;10.0;26.8
2026-07;7;1200;1440;10;10;30;0.50;43164;242;0.6116;-1341;-2251;-43.8;17;5;3;9;29.4;26.8
2026-07;8;1;1140;10;10;30;0.50;42952;324;0.5926;-2543;-1932;-36.4;26;5;8;13;19.2;26.8
2026-07;9;2040;2400;20;10;30;0.50;42910;151;0.6556;956;956;20.4;14;4;4;6;28.6;26.8
2026-07;10;7;1350;15;10;30;0.50;42130;265;0.6038;2688;-4331;-86.6;19;3;5;11;15.8;26.8
