weekMonday;minutes;confirmed
2011-02-07;5103;2979
2011-02-14;7194;3386
2011-02-21;7158;4071
2011-02-28;7191;3254
2011-03-07;7193;4116
2011-03-14;7138;3721
2011-03-21;7033;3127
2011-03-28;7109;4133
2011-04-04;7115;4572
2011-04-11;7126;4293
2011-04-18;6952;4635
2011-04-25;7125;3968
2011-05-02;7128;4400
2011-05-09;7139;4291
2011-05-16;7143;3779
2011-05-23;7138;4038
2011-05-30;7090;3574
2011-06-06;7100;3682
2011-06-13;7142;4079
2011-06-20;7144;4523
2011-06-27;7144;4508
2011-07-04;7098;3935
2011-07-11;7104;4395
2011-07-18;7162;3992
2011-07-25;7144;3107
2011-08-01;7168;4177
2011-08-08;7171;3923
2011-08-15;7129;4299
2011-08-22;7171;3922
2011-08-29;7154;3946
2011-09-05;7172;4704
2011-09-12;7180;4226
2011-09-19;7186;4052
2011-09-26;7180;4218
2011-10-03;7179;3690
2011-10-10;7153;3682
2011-10-17;7153;3845
2011-10-24;7185;3625
2011-10-31;7124;4058
2011-11-07;7138;3795
2011-11-14;7185;4502
2011-11-21;7132;4398
2011-11-28;7170;3575
2011-12-05;7182;3725
2011-12-12;7173;3743
2011-12-19;7172;4248
2011-12-26;6458;4391
2012-01-02;6629;3978
2012-01-09;7186;4231
2012-01-16;7185;4104
2012-01-23;7191;3862
2012-01-30;7191;4302
2012-02-06;7194;3755
2012-02-13;7174;4587
2012-02-20;7184;4411
2012-02-27;7197;4463
2012-03-05;7183;4284
2012-03-12;7132;3623
2012-03-19;7128;4712
2012-03-26;7178;3095
2012-04-02;7182;3439
2012-04-09;7187;4671
2012-04-16;7196;4275
2012-04-23;7182;3108
2012-04-30;7179;3242
2012-05-07;7199;3989
2012-05-14;7198;4100
2012-05-21;7167;4603
2012-05-28;7175;4071
2012-06-04;7197;4647
2012-06-11;7199;3654
2012-06-18;7197;3220
2012-06-25;7192;3942
2012-07-02;7188;4473
2012-07-09;7194;2381
2012-07-16;7192;4710
2012-07-23;7196;3589
2012-07-30;7196;5198
2012-08-06;7198;4025
2012-08-13;7184;3333
2012-08-20;7191;4199
2012-08-27;7188;4089
2012-09-03;7168;4381
2012-09-10;7193;3458
2012-09-17;7192;4308
2012-09-24;7186;2890
2012-10-01;7188;4459
2012-10-08;7189;4532
2012-10-15;7184;4860
2012-10-22;7180;4796
2012-10-29;7102;5096
2012-11-05;7180;2884
2012-11-12;7175;4901
2012-11-19;7171;5153
2012-11-26;7177;4065
2012-12-03;7175;5005
2012-12-10;7177;5477
2012-12-17;7171;5618
2012-12-24;5686;3931
2012-12-31;5742;3423
2013-01-07;7187;4377
2013-01-14;7189;3338
2013-01-21;7177;3764
2013-01-28;7182;3788
2013-02-04;7185;4665
2013-02-11;7169;3946
2013-02-18;7142;4074
2013-02-25;7181;3983
2013-03-04;7180;2843
2013-03-11;7120;3819
2013-03-18;7134;4234
2013-03-25;7094;3427
2013-04-01;7172;3730
2013-04-08;7180;3712
2013-04-15;7187;4059
2013-04-22;7165;3103
2013-04-29;7141;3977
2013-05-06;7129;5620
2013-05-13;7152;3826
2013-05-20;7171;3985
2013-05-27;7146;4591
2013-06-03;7166;2643
2013-06-10;7169;3230
2013-06-17;7163;3945
2013-06-24;7165;3841
2013-07-01;7150;5049
2013-07-08;7167;4871
2013-07-15;7156;3711
2013-07-22;7155;2646
2013-07-29;7151;2584
2013-08-05;7138;4788
2013-08-12;7124;4082
2013-08-19;7117;4737
2013-08-26;7112;5601
2013-09-02;7081;4641
2013-09-09;7099;3832
2013-09-16;7089;4283
2013-09-23;7046;3770
2013-09-30;7112;4949
2013-10-07;7140;2603
2013-10-14;7108;4267
2013-10-21;7113;3182
2013-10-28;7076;4039
2013-11-04;7125;4553
2013-11-11;7133;3138
2013-11-18;7146;4011
2013-11-25;7129;4145
2013-12-02;7142;4303
2013-12-09;7151;4738
2013-12-16;7140;2282
2013-12-23;5078;2765
2013-12-30;5537;4163
2014-01-06;7159;3243
2014-01-13;7125;3518
2014-01-20;7143;2972
2014-01-27;7158;3795
2014-02-03;7163;2393
2014-02-10;7099;5481
2014-02-17;7091;5605
2014-02-24;7119;3813
2014-03-03;7108;4184
2014-03-10;7046;4358
2014-03-17;7018;4036
2014-03-24;7072;4435
2014-03-31;7131;1424
2014-04-07;7137;6140
2014-04-14;7120;2141
2014-04-21;7107;2452
2014-04-28;7128;3869
2014-05-05;7137;5553
2014-05-12;7138;4961
2014-05-19;7136;3804
2014-05-26;7127;2989
2014-06-02;7116;2245
2014-06-09;7035;2963
2014-06-16;7059;3758
2014-06-23;6972;4358
2014-06-30;6955;5364
2014-07-07;6928;2510
2014-07-14;7043;3754
2014-07-21;6970;5574
2014-07-28;7024;4640
2014-08-04;7051;4204
2014-08-11;7035;3043
2014-08-18;7054;5607
2014-08-25;7114;3528
2014-09-01;7092;2975
2014-09-08;7151;4118
2014-09-15;7153;4162
2014-09-22;7156;4952
2014-09-29;7142;4211
2014-10-06;7167;4472
2014-10-13;7158;3771
2014-10-20;7163;3588
2014-10-27;7080;3464
2014-11-03;7109;4642
2014-11-10;7169;3268
2014-11-17;7157;4345
2014-11-24;7102;2869
2014-12-01;7160;4172
2014-12-08;7142;4290
2014-12-15;7170;4629
2014-12-22;5109;2240
2014-12-29;5493;3883
2015-01-05;7170;3055
2015-01-12;7158;4331
2015-01-19;7135;4450
2015-01-26;7165;3734
2015-02-02;7166;4245
2015-02-09;7143;3175
2015-02-16;7148;4792
2015-02-23;7151;2783
2015-03-02;7158;4261
2015-03-09;7108;4857
2015-03-16;7109;4350
2015-03-23;7104;4521
2015-03-30;7136;4826
2015-04-06;7149;4494
2015-04-13;7147;3868
2015-04-20;7174;4358
2015-04-27;7160;3917
2015-05-04;7157;4339
2015-05-11;7167;4327
2015-05-18;7168;4592
2015-05-25;7173;4069
2015-06-01;7165;3912
2015-06-08;7164;4686
2015-06-15;7166;3484
2015-06-22;7152;4125
2015-06-29;7170;3584
2015-07-06;7171;4642
2015-07-13;7170;3692
2015-07-20;7166;4099
2015-07-27;7160;4800
2015-08-03;7168;3207
2015-08-10;7170;4055
2015-08-17;7173;4369
2015-08-24;7178;4794
2015-08-31;7133;4666
2015-09-07;7174;3499
2015-09-14;7171;4097
2015-09-21;7163;4327
2015-09-28;7173;3177
2015-10-05;7165;5392
2015-10-12;7168;4120
2015-10-19;7163;4752
2015-10-26;7113;3845
2015-11-02;7165;4435
2015-11-09;7172;4397
2015-11-16;7168;3990
2015-11-23;7168;2404
2015-11-30;7142;4354
2015-12-07;7173;5550
2015-12-14;7175;3539
2015-12-21;5553;4020
2015-12-28;5548;4108
2016-01-04;7174;4458
2016-01-11;7172;3828
2016-01-18;7110;2966
2016-01-25;7163;4961
2016-02-01;7166;4841
2016-02-08;7157;4302
2016-02-15;7169;3768
2016-02-22;7172;3401
2016-02-29;7169;3745
2016-03-07;7148;3971
2016-03-14;7084;3824
2016-03-21;7021;4429
2016-03-28;7105;4505
2016-04-04;7136;3563
2016-04-11;7125;4594
2016-04-18;7118;5113
2016-04-25;7134;4751
2016-05-02;7136;5264
2016-05-09;7151;4312
2016-05-16;7128;2427
2016-05-23;7139;4726
2016-05-30;7117;4327
2016-06-06;7136;4169
2016-06-13;7160;4836
2016-06-20;7161;4304
2016-06-27;7166;3607
2016-07-04;7127;3156
2016-07-11;7141;3819
2016-07-18;7152;3604
2016-07-25;7136;3443
2016-08-01;7131;4944
2016-08-08;7133;5274
2016-08-15;7141;4353
2016-08-22;7127;3409
2016-08-29;7147;2897
2016-09-05;7121;5021
2016-09-12;7154;3455
2016-09-19;7157;3745
2016-09-26;7143;3341
2016-10-03;7154;5088
2016-10-10;7155;4985
2016-10-17;7129;3361
2016-10-24;7133;3137
2016-10-31;7098;3882
2016-11-07;7163;3627
2016-11-14;7173;4108
2016-11-21;7149;3210
2016-11-28;7164;3599
2016-12-05;7166;5058
2016-12-12;7163;3260
2016-12-19;7148;3659
2016-12-26;6652;3370
2017-01-02;7025;3996
2017-01-09;7169;4840
2017-01-16;7168;4774
2017-01-23;7175;2859
2017-01-30;7166;4543
2017-02-06;7171;4468
2017-02-13;7171;4326
2017-02-20;7166;4357
2017-02-27;7152;3656
2017-03-06;7159;3798
2017-03-13;7104;4203
2017-03-20;7089;2637
2017-03-27;7156;5807
2017-04-03;7135;3532
2017-04-10;7106;5055
2017-04-17;7123;4699
2017-04-24;7165;4209
2017-05-01;7137;2460
2017-05-08;7150;4523
2017-05-15;7122;5738
2017-05-22;7140;3291
2017-05-29;7084;4845
2017-06-05;7130;4559
2017-06-12;7113;5060
2017-06-19;7100;4034
2017-06-26;7105;4664
2017-07-03;7114;3714
2017-07-10;7126;4391
2017-07-17;7140;4316
2017-07-24;7139;4139
2017-07-31;7152;4178
2017-08-07;7136;3537
2017-08-14;7145;5148
2017-08-21;7116;3370
2017-08-28;7151;5231
2017-09-04;7134;4416
2017-09-11;7141;3719
2017-09-18;7134;3604
2017-09-25;7153;4730
2017-10-02;7152;3266
2017-10-09;7127;4737
2017-10-16;7122;3714
2017-10-23;7150;5131
2017-10-30;7101;2140
2017-11-06;7164;5075
2017-11-13;7139;5260
2017-11-20;7130;5383
2017-11-27;7163;3317
2017-12-04;7149;3896
2017-12-11;7144;3375
2017-12-18;7160;5507
2017-12-25;5348;4777
2018-01-01;5720;3819
2018-01-08;7159;5604
2018-01-15;7162;4650
2018-01-22;7160;4490
2018-01-29;7160;3515
2018-02-05;7167;3568
2018-02-12;7146;4615
2018-02-19;7149;3702
2018-02-26;7154;3855
2018-03-05;7164;2491
2018-03-12;7070;4034
2018-03-19;7064;4537
2018-03-26;7052;3412
2018-04-02;7104;3089
2018-04-09;7152;4532
2018-04-16;7111;3684
2018-04-23;7122;3298
2018-04-30;7141;4152
2018-05-07;7129;4343
2018-05-14;7135;4062
2018-05-21;7133;3897
2018-05-28;7127;4470
2018-06-04;7121;4829
2018-06-11;7119;2977
2018-06-18;7120;3681
2018-06-25;7139;3753
2018-07-02;7095;4520
2018-07-09;7136;4196
2018-07-16;7131;4076
2018-07-23;7135;3549
2018-07-30;7087;4660
2018-08-06;7084;4171
2018-08-13;7120;3612
2018-08-20;7113;3554
2018-08-27;7112;3634
2018-09-03;7049;3017
2018-09-10;7012;3254
2018-09-17;7072;3610
2018-09-24;7095;4020
2018-10-01;7084;4247
2018-10-08;7127;4466
2018-10-15;7114;3397
2018-10-22;7091;2422
2018-10-29;7059;4240
2018-11-05;7154;4972
2018-11-12;7156;4180
2018-11-19;7062;3988
2018-11-26;7112;4326
2018-12-03;7143;3656
2018-12-10;7153;4527
2018-12-17;7147;5457
2018-12-24;5183;2569
2018-12-31;5166;3079
2019-01-07;7147;4456
2019-01-14;7132;4141
2019-01-21;7132;3296
2019-01-28;7146;2655
2019-02-04;7108;6796
2019-02-11;7116;4300
2019-02-18;7096;2117
2019-02-25;7106;2990
2019-03-04;7127;5825
2019-03-11;7040;5333
2019-03-18;7042;5330
2019-03-25;7075;4061
2019-04-01;7051;3766
2019-04-08;7038;2345
2019-04-15;6865;4123
2019-04-22;6993;4157
2019-04-29;6958;3786
2019-05-06;7123;1934
2019-05-13;7046;4999
2019-05-20;7029;2027
2019-05-27;6932;5196
2019-06-03;7081;3286
2019-06-10;7023;4193
2019-06-17;7035;4887
2019-06-24;7086;2820
2019-07-01;6988;4158
2019-07-08;7021;3361
2019-07-15;7035;5721
2019-07-22;7012;3819
2019-07-29;7069;4724
2019-08-05;7137;2569
2019-08-12;7096;4360
2019-08-19;7001;1408
2019-08-26;7046;6750
2019-09-02;6982;3933
2019-09-09;7089;4737
2019-09-16;7140;5049
2019-09-23;7098;3176
2019-09-30;7078;3418
2019-10-07;7079;3557
2019-10-14;7096;4164
2019-10-21;7066;2196
2019-10-28;6996;3042
2019-11-04;7093;5066
2019-11-11;7039;3125
2019-11-18;6901;2271
2019-11-25;7025;862
2019-12-02;7028;3106
2019-12-09;7062;5023
2019-12-16;7096;3729
2019-12-23;5022;4484
2019-12-30;5141;1785
2020-01-06;7053;3424
2020-01-13;6980;3013
2020-01-20;6987;2573
2020-01-27;6982;3904
2020-02-03;6972;6788
2020-02-10;7054;6030
2020-02-17;7063;5102
2020-02-24;7156;4692
2020-03-02;7159;4575
2020-03-09;7111;3952
2020-03-16;7101;4243
2020-03-23;7099;4174
2020-03-30;7136;4149
2020-04-06;7130;2996
2020-04-13;7113;3840
2020-04-20;7102;3276
2020-04-27;7124;3971
2020-05-04;7123;3438
2020-05-11;7129;3259
2020-05-18;7124;4275
2020-05-25;7093;4496
2020-06-01;7128;4047
2020-06-08;7116;3340
2020-06-15;7140;3283
2020-06-22;7138;4865
2020-06-29;7127;3899
2020-07-06;7105;4025
2020-07-13;7121;3737
2020-07-20;7123;3129
2020-07-27;7121;4333
2020-08-03;7122;4086
2020-08-10;7092;4052
2020-08-17;7121;4682
2020-08-24;7115;3426
2020-08-31;7072;4233
2020-09-07;7095;5217
2020-09-14;7065;3428
2020-09-21;7121;4339
2020-09-28;7081;4065
2020-10-05;7091;3880
2020-10-12;7103;5286
2020-10-19;7096;4394
2020-10-26;7048;4340
2020-11-02;7125;4810
2020-11-09;7132;4551
2020-11-16;7100;2178
2020-11-23;7078;4149
2020-11-30;7135;3977
2020-12-07;7088;3626
2020-12-14;7107;3913
2020-12-21;5511;2557
2020-12-28;5470;3795
2021-01-04;7138;4923
2021-01-11;7094;4464
2021-01-18;7042;4270
2021-01-25;7088;4076
2021-02-01;7112;5228
2021-02-08;7019;2955
2021-02-15;7074;3886
2021-02-22;7110;3785
2021-03-01;7099;4809
2021-03-08;7076;4511
2021-03-15;7032;3598
2021-03-22;7036;5230
2021-03-29;6959;4203
2021-04-05;6997;4315
2021-04-12;7018;2447
2021-04-19;7022;3164
2021-04-26;7050;4219
2021-05-03;6980;4429
2021-05-10;7041;4189
2021-05-17;7028;4619
2021-05-24;7039;5201
2021-05-31;6892;4286
2021-06-07;6983;2657
2021-06-14;7028;4432
2021-06-21;7003;2398
2021-06-28;6986;4032
2021-07-05;7023;2273
2021-07-12;6978;5503
2021-07-19;7022;2789
2021-07-26;6999;2774
2021-08-02;6984;3486
2021-08-09;6938;5135
2021-08-16;6971;4286
2021-08-23;6941;4128
2021-08-30;6865;4568
2021-09-06;6945;3912
2021-09-13;6984;3129
2021-09-20;6975;2717
2021-09-27;6950;4796
2021-10-04;7025;2869
2021-10-11;6950;2285
2021-10-18;7008;2824
2021-10-25;6999;4021
2021-11-01;6986;2841
2021-11-08;7119;4687
2021-11-15;7123;5607
2021-11-22;6961;4854
2021-11-29;7110;2728
2021-12-06;7071;4461
2021-12-13;7074;3143
2021-12-20;6888;4565
2021-12-27;6835;3189
2022-01-03;7097;4107
2022-01-10;7081;4174
2022-01-17;7111;3727
2022-01-24;7114;4900
2022-01-31;7094;4040
2022-02-07;7105;3413
2022-02-14;7129;3827
2022-02-21;7136;4045
2022-02-28;7148;4928
2022-03-07;7145;3898
2022-03-14;7067;4402
2022-03-21;7067;3721
2022-03-28;7105;4973
2022-04-04;7103;3556
2022-04-11;7067;3213
2022-04-18;7111;4299
2022-04-25;7138;5137
2022-05-02;7096;3986
2022-05-09;7127;3500
2022-05-16;7115;4385
2022-05-23;7077;4389
2022-05-30;7115;5078
2022-06-06;7108;2861
2022-06-13;7115;4986
2022-06-20;7119;5055
2022-06-27;7124;4284
2022-07-04;7104;3632
2022-07-11;7130;4439
2022-07-18;7117;3496
2022-07-25;7125;3285
2022-08-01;7134;4606
2022-08-08;7117;5513
2022-08-15;7124;4024
2022-08-22;7125;3931
2022-08-29;7129;4568
2022-09-05;7132;3709
2022-09-12;7148;3384
2022-09-19;7153;5098
2022-09-26;7151;3818
2022-10-03;7146;4579
2022-10-10;7138;3261
2022-10-17;7152;3813
2022-10-24;7142;3661
2022-10-31;7076;4277
2022-11-07;7163;4220
2022-11-14;7150;3952
2022-11-21;7112;5183
2022-11-28;7163;4096
2022-12-05;7128;3182
2022-12-12;7141;4464
2022-12-19;7148;3279
2022-12-26;6667;2644
2023-01-02;6989;4288
2023-01-09;7120;4243
2023-01-16;7119;3290
2023-01-23;7101;2669
2023-01-30;7139;4402
2023-02-06;7146;4523
2023-02-13;7128;4750
2023-02-20;7125;4868
2023-02-27;7141;4509
2023-03-06;7117;5522
2023-03-13;7079;3671
2023-03-20;7086;5551
2023-03-27;7122;4698
2023-04-03;7076;4643
2023-04-10;7107;5894
2023-04-17;7079;3609
2023-04-24;7132;4682
2023-05-01;7141;3240
2023-05-08;7112;4551
2023-05-15;7106;4295
2023-05-22;7123;3677
2023-05-29;7107;3905
2023-06-05;7127;2947
2023-06-12;7159;3937
2023-06-19;7144;3889
2023-06-26;7141;4185
2023-07-03;7159;3719
2023-07-10;7167;4675
2023-07-17;7150;3693
2023-07-24;7142;4334
2023-07-31;7146;3891
2023-08-07;7117;5449
2023-08-14;7148;2772
2023-08-21;7132;3998
2023-08-28;7121;3107
2023-09-04;7009;3445
2023-09-11;7123;4159
2023-09-18;7106;4503
2023-09-25;7111;5539
2023-10-02;7132;3725
2023-10-09;7162;3410
2023-10-16;7138;4618
2023-10-23;7163;3908
2023-10-30;7100;5270
2023-11-06;7144;4286
2023-11-13;7138;3880
2023-11-20;7093;5104
2023-11-27;7159;4811
2023-12-04;7165;4232
2023-12-11;7155;5096
2023-12-18;7171;5321
2023-12-25;5362;3808
2024-01-01;5722;3827
2024-01-08;7103;3321
2024-01-15;7131;2935
2024-01-22;7165;3847
2024-01-29;7166;3195
2024-02-05;7149;2226
2024-02-12;7154;3901
2024-02-19;7145;4196
2024-02-26;7138;3737
2024-03-04;7170;4190
2024-03-11;7081;2327
2024-03-18;7080;3875
2024-03-25;7059;4568
2024-04-01;7109;4841
2024-04-08;7120;4710
2024-04-15;7151;3289
2024-04-22;7133;2904
2024-04-29;7156;4205
2024-05-06;7112;2854
2024-05-13;7113;4812
2024-05-20;7137;4538
2024-05-27;7072;4034
2024-06-03;7130;3684
2024-06-10;7139;4939
2024-06-17;7043;4277
2024-06-24;7104;5019
2024-07-01;7030;4246
2024-07-08;7082;4988
2024-07-15;7130;4385
2024-07-22;7140;4833
2024-07-29;7146;3525
2024-08-05;7157;3874
2024-08-12;7155;6378
2024-08-19;7164;5062
2024-08-26;7160;4217
2024-09-02;7093;3455
2024-09-09;7119;4276
2024-09-16;7161;5050
2024-09-23;7149;4429
2024-09-30;7166;5742
2024-10-07;7151;5004
2024-10-14;7132;5142
2024-10-21;7150;4319
2024-10-28;7155;2643
2024-11-04;7148;4656
2024-11-11;7167;4179
2024-11-18;7170;4969
2024-11-25;7133;3429
2024-12-02;7179;3831
2024-12-09;7176;3757
2024-12-16;7182;4086
2024-12-23;5069;2526
2024-12-30;5548;3546
2025-01-06;7186;5746
2025-01-13;7178;3609
2025-01-20;7184;3264
2025-01-27;7185;3747
2025-02-03;7188;3961
2025-02-10;7178;4294
2025-02-17;7143;4985
2025-02-24;7161;3937
2025-03-03;7178;4556
2025-03-10;7106;4168
2025-03-17;7088;4148
2025-03-24;7109;3307
2025-03-31;7179;3998
2025-04-07;7169;4625
2025-04-14;7161;4357
2025-04-21;7183;4176
2025-04-28;7167;4230
2025-05-05;7175;3250
2025-05-12;7179;5038
2025-05-19;7183;4493
2025-05-26;7145;4428
2025-06-02;7168;5004
2025-06-09;7140;3863
2025-06-16;7175;3449
2025-06-23;7168;3926
2025-06-30;7165;4234
2025-07-07;7172;3046
2025-07-14;7167;4456
2025-07-21;7168;3990
2025-07-28;7164;3900
2025-08-04;7180;3743
2025-08-11;7171;5280
2025-08-18;7140;4024
2025-08-25;7169;4538
2025-09-01;7133;3816
2025-09-08;7164;3037
2025-09-15;7129;4642
2025-09-22;7139;5642
2025-09-29;7148;2940
2025-10-06;7167;5505
2025-10-13;7166;4767
2025-10-20;7147;4391
2025-10-27;7111;4215
2025-11-03;7154;5004
2025-11-10;7169;4993
2025-11-17;7177;4155
2025-11-24;7131;3227
2025-12-01;7148;3061
2025-12-08;7178;4118
2025-12-15;7158;3903
2025-12-22;5083;3348
2025-12-29;5526;3663
2026-01-05;7153;4501
2026-01-12;7163;4632
2026-01-19;7147;5317
2026-01-26;7184;3526
2026-02-02;7182;3388
2026-02-09;7178;4659
2026-02-16;7108;5232
2026-02-23;7174;2894
2026-03-02;7186;4824
2026-03-09;7129;4528
2026-03-16;7115;3943
2026-03-23;7126;4615
2026-03-30;7112;4080
2026-04-06;7163;4627
2026-04-13;7174;4647
2026-04-20;7162;3874
2026-04-27;7140;4283
2026-05-04;7152;4415
2026-05-11;7154;5690
2026-05-18;7162;2919
2026-05-25;7138;2431
2026-06-01;7148;3104
2026-06-08;7160;2228
2026-06-15;7167;4792
2026-06-22;7166;4831
2026-06-29;7133;3680
2026-07-06;7146;2009
2026-07-13;7152;3967
2026-07-20;4941;20
