weekMonday;sim;score;rho;zoom;shiftHours;mirror;overlapPoints;weekPoints
2017-05-01;0.8140;0.8175;0.9092;0.60;-1;1;476;480
2019-10-21;0.8041;0.8108;0.9005;0.79;-2;0;472;480
2019-04-15;0.7977;0.8061;0.8978;0.62;2;0;470;478
2024-09-16;0.7900;0.8070;0.8983;0.82;5;1;460;480
2014-02-03;0.7794;0.7794;0.9180;0.60;0;1;480;480
2019-05-13;0.7791;0.7857;0.8864;0.69;-2;0;472;479
2023-12-18;0.7723;0.7755;0.8986;0.60;1;1;476;480
2013-07-22;0.7639;0.7737;0.9220;0.60;-3;1;468;480
2025-11-10;0.7613;0.7777;0.8820;0.60;5;1;460;480
2025-07-07;0.7585;0.7617;0.8728;0.68;1;0;476;480
2026-01-12;0.7560;0.7624;0.8731;0.68;-2;0;472;480
2023-10-16;0.7524;0.7524;0.8674;0.79;0;1;480;480
2019-08-26;0.7378;0.7480;0.8722;0.60;3;0;467;479
2018-07-23;0.7357;0.7388;0.8629;0.60;-1;0;476;480
2020-04-20;0.7291;0.7908;0.9056;0.60;18;0;408;480
2024-03-11;0.7268;0.7299;0.8543;0.72;0;0;476;476
2020-01-20;0.7239;0.7269;0.8526;0.75;-1;0;476;479
2021-08-02;0.7008;0.7726;0.8790;0.87;21;0;395;479
2021-08-30;0.6929;0.7736;0.8796;0.66;23;1;385;477
2020-08-24;0.6897;0.7445;0.8769;0.60;-17;1;412;480
2018-04-02;0.6897;0.6970;0.8352;0.60;2;0;470;478
2024-03-04;0.6877;0.7689;0.8801;0.60;24;1;384;480
2019-05-06;0.6850;0.6937;0.8329;0.96;-3;1;468;480
2022-04-11;0.6794;0.6859;0.8664;0.60;-2;0;471;479
2014-05-19;0.6792;0.7594;0.8714;0.77;24;0;384;480
2021-12-20;0.6780;0.7590;0.8746;0.60;24;1;383;467
2016-02-15;0.6770;0.6827;0.8514;0.60;2;0;472;480
2023-08-14;0.6734;0.7377;0.8589;0.62;20;0;400;480
2013-09-02;0.6676;0.6733;0.8251;0.60;-2;0;472;480
2025-11-17;0.6615;0.7320;0.8813;0.60;22;0;392;480
2026-06-29;0.6587;0.6643;0.8150;0.73;2;1;472;480
2020-02-10;0.6539;0.7236;0.8814;0.60;22;0;392;480
2024-10-28;0.6488;0.7254;0.8522;0.60;24;1;384;480
2019-04-08;0.6483;0.6930;0.8325;0.96;-15;1;420;477
2019-09-23;0.6475;0.7165;0.8629;0.60;22;0;392;480
2024-05-20;0.6466;0.7229;0.8503;0.83;24;0;384;480
2012-04-23;0.6450;0.7211;0.8676;0.60;-24;1;384;480
2014-07-21;0.6421;0.7106;0.8433;0.60;-22;0;392;480
2021-01-18;0.6416;0.6423;0.8346;0.60;0;1;479;479
2026-02-16;0.6404;0.7051;0.8836;0.60;21;0;396;480
2019-10-28;0.6385;0.6892;0.8457;0.60;17;1;412;476
2012-11-05;0.6375;0.7127;0.8748;0.60;24;0;384;480
2017-06-05;0.6367;0.6394;0.8073;0.60;1;0;476;480
2026-06-08;0.6361;0.6584;0.8114;0.90;-8;1;448;480
2017-01-23;0.6339;0.6365;0.7984;0.60;1;0;476;480
2021-11-22;0.6331;0.7087;0.8422;0.60;24;0;383;477
2021-08-23;0.6312;0.7057;0.8401;0.92;-24;1;384;478
2023-06-05;0.6238;0.6264;0.8152;0.60;-1;1;476;479
2019-06-10;0.6214;0.6815;0.8255;0.84;20;0;399;479
2014-02-24;0.6212;0.6946;0.8497;0.60;24;0;384;480
2024-08-19;0.6183;0.6913;0.8494;0.60;-24;1;384;480
2021-04-26;0.6160;0.6689;0.8179;0.65;18;1;407;479
2022-12-26;0.6144;0.6297;0.7935;0.75;0;1;457;457
2019-06-03;0.6144;0.6196;0.8508;0.60;-2;1;472;480
2017-10-30;0.6142;0.6365;0.7978;0.97;8;1;447;479
2023-11-06;0.6132;0.6348;0.7967;0.65;-8;0;448;480
2025-01-27;0.6124;0.6367;0.8486;0.60;-9;0;444;480
2013-07-29;0.6106;0.6292;0.7940;0.60;7;0;452;480
2016-07-11;0.6093;0.6778;0.8290;0.60;23;1;388;480
2019-07-08;0.6084;0.6776;0.8232;0.61;23;1;387;479
2013-11-11;0.6050;0.6764;0.8453;0.60;-24;1;384;480
2021-07-26;0.6031;0.6148;0.8562;0.60;4;1;462;478
2019-12-09;0.6006;0.6483;0.8695;0.60;17;1;412;480
2014-06-16;0.5989;0.6695;0.8291;0.60;24;1;384;480
2016-11-21;0.5950;0.6618;0.8740;0.60;23;0;388;480
2024-10-14;0.5946;0.5946;0.7880;0.60;0;0;480;480
2023-06-19;0.5941;0.6508;0.8233;0.60;20;1;400;480
2023-12-04;0.5919;0.6618;0.8162;0.60;-24;0;384;480
2024-11-25;0.5919;0.6618;0.8741;0.60;24;1;384;480
2021-06-28;0.5912;0.6559;0.8438;0.60;22;0;390;478
2024-10-07;0.5906;0.6503;0.8064;0.72;21;0;396;480
2021-05-10;0.5901;0.6539;0.8825;0.60;22;0;391;479
2021-01-25;0.5865;0.6558;0.8127;0.60;24;0;384;480
2023-09-18;0.5855;0.6259;0.7912;0.68;15;0;420;480
2023-05-08;0.5855;0.5962;0.8979;0.60;4;0;463;479
2018-11-19;0.5831;0.6460;0.8520;0.60;-22;0;391;479
2024-06-03;0.5821;0.6475;0.8070;0.60;-23;0;388;480
2021-06-07;0.5773;0.6421;0.8020;0.60;-23;0;388;479
2024-09-02;0.5770;0.6321;0.7950;0.68;20;1;400;480
2026-03-16;0.5766;0.5839;0.8663;0.60;-2;1;468;476
2024-07-08;0.5763;0.5787;0.7615;0.60;1;1;476;480
2016-09-19;0.5755;0.6123;0.7930;0.60;14;1;424;480
2021-09-13;0.5655;0.5764;0.7592;0.65;4;0;462;478
2019-05-20;0.5644;0.5741;0.7577;0.85;-4;1;464;480
2023-03-27;0.5643;0.5667;0.8743;0.60;1;1;476;480
2023-05-22;0.5630;0.5758;0.8065;0.60;5;0;459;479
2014-04-21;0.5626;0.5986;0.7737;0.92;-14;1;424;480
2024-07-01;0.5618;0.6281;0.8084;0.60;24;1;384;480
2013-05-20;0.5596;0.5596;0.8070;0.60;0;1;480;480
2019-12-16;0.5571;0.6196;0.7872;0.62;-23;0;388;480
2020-02-03;0.5550;0.6206;0.8341;0.60;24;0;384;480
2020-10-12;0.5541;0.5588;0.8400;0.60;2;0;472;480
2023-07-31;0.5534;0.6124;0.8331;0.60;22;0;392;480
2024-08-26;0.5518;0.6169;0.8489;0.60;24;0;384;480
2017-11-06;0.5513;0.5559;0.7476;0.60;-2;1;472;480
2016-07-18;0.5504;0.6154;0.7975;0.60;-24;0;384;480
2017-04-03;0.5492;0.5611;0.7490;1.04;5;0;460;480
2025-12-29;0.5477;0.7022;0.8380;0.97;-20;0;292;372
2021-06-21;0.5475;0.5504;0.7419;0.62;1;1;475;479
2020-01-13;0.5471;0.6117;0.7821;1.14;24;1;384;480
2024-01-22;0.5452;0.5475;0.7399;0.64;-1;0;476;480
2017-02-06;0.5428;0.5749;0.7952;0.60;-13;0;428;480
2014-08-25;0.5387;0.5387;0.7339;0.91;0;0;480;480
2019-01-28;0.5378;0.5805;0.7777;0.60;17;1;412;480
2018-09-17;0.5374;0.5425;0.8906;0.60;2;1;471;479
2014-06-02;0.5362;0.5526;0.7434;0.67;-7;1;452;480
2019-03-25;0.5360;0.5382;0.7809;0.60;1;0;476;476
2018-07-09;0.5353;0.5835;0.8516;0.60;19;0;404;480
2022-02-07;0.5352;0.5641;0.7511;0.63;-12;0;432;480
2019-10-07;0.5350;0.5587;0.7475;0.68;10;1;440;480
2016-10-24;0.5315;0.5794;0.7625;0.60;-19;1;404;480
2024-04-22;0.5285;0.5446;0.7540;0.60;7;1;452;480
2019-05-27;0.5284;0.5916;0.7836;0.60;24;0;383;479
2012-09-03;0.5272;0.5834;0.7850;0.60;22;1;392;480
2014-09-15;0.5272;0.5691;0.8214;0.60;17;0;412;480
2013-10-07;0.5257;0.5878;0.7910;0.60;24;0;384;480
2025-08-18;0.5254;0.5415;0.7582;0.60;7;0;452;480
2017-07-24;0.5247;0.5664;0.8148;0.60;17;1;412;480
2026-06-01;0.5231;0.5849;0.7996;0.60;-24;0;384;480
2024-01-08;0.5217;0.5766;0.7593;0.81;21;1;393;477
2023-08-21;0.5211;0.5233;0.8155;0.60;-1;0;476;479
2023-02-20;0.5206;0.5731;0.8204;0.60;21;0;396;480
2019-07-22;0.5202;0.5816;0.7635;0.60;-24;0;384;480
2019-07-01;0.5198;0.5242;0.7373;0.60;-2;0;472;480
2022-09-05;0.5195;0.5690;0.9012;0.60;20;1;400;480
2021-10-11;0.5191;0.5617;0.7504;0.60;17;1;410;478
2024-12-09;0.5173;0.5285;0.7663;0.60;-5;0;460;480
2016-05-30;0.5138;0.5745;0.7835;0.60;24;1;384;480
2024-02-19;0.5087;0.5265;0.7264;0.60;8;1;448;480
2012-11-19;0.5070;0.5668;0.8596;0.60;24;1;384;480
2016-10-03;0.5019;0.5105;0.7611;0.60;4;0;464;480
2013-09-30;0.4956;0.5540;0.8936;0.60;24;1;384;480
2019-10-14;0.4917;0.5469;0.8218;0.60;23;1;388;480
2023-07-17;0.4905;0.4905;0.8571;0.60;0;0;480;480
2020-07-13;0.4902;0.5397;0.7722;0.60;-21;1;396;479
2019-03-18;0.4882;0.5322;0.7703;0.60;19;1;404;476
2026-01-05;0.4859;0.4921;0.7062;0.60;3;0;468;480
2019-11-04;0.4858;0.5403;0.8015;0.60;-23;0;388;480
2018-09-10;0.4854;0.5426;0.8144;0.60;24;1;384;480
2018-07-02;0.4847;0.4972;0.7262;0.60;6;1;456;480
2017-08-21;0.4830;0.5407;0.7415;0.60;24;1;383;479
2019-12-30;0.4778;0.5736;0.7574;0.71;-4;0;333;349
2011-12-05;0.4770;0.4811;0.7567;0.60;-2;0;472;480
2014-07-28;0.4766;0.5329;0.7300;0.62;24;0;384;480
2026-04-20;0.4741;0.5167;0.7956;0.60;19;0;404;480
2018-12-24;0.4732;0.5549;0.7503;0.60;0;1;349;349
2017-04-10;0.4675;0.5046;0.7248;0.60;17;1;412;479
2014-01-13;0.4661;0.5211;0.7650;0.60;24;0;384;480
2020-11-23;0.4657;0.5207;0.7839;0.60;-24;1;384;480
2014-05-12;0.4653;0.4733;0.6997;0.60;4;0;464;480
2012-12-24;0.4650;0.5634;0.7562;0.60;14;1;327;383
2019-03-11;0.4644;0.5166;0.7290;0.60;-22;1;388;476
2019-12-23;0.4642;0.5500;0.7423;0.60;-1;1;342;345
2013-11-25;0.4634;0.4796;0.7611;0.60;-8;1;448;480
2019-08-12;0.4629;0.5077;0.8036;0.60;20;0;399;479
2016-08-22;0.4609;0.5153;0.7906;0.60;-24;0;384;480
2022-03-21;0.4608;0.5152;0.7187;0.60;24;0;384;476
2017-10-02;0.4600;0.4620;0.6873;0.60;-1;0;476;480
2021-08-09;0.4587;0.5129;0.7168;0.60;-24;1;384;478
2014-05-26;0.4582;0.5097;0.7139;0.63;23;0;388;480
2024-07-29;0.4578;0.4760;0.6899;0.66;9;0;444;480
2017-12-04;0.4539;0.4617;0.7999;0.60;4;0;464;480
2023-07-24;0.4525;0.4563;0.8690;0.60;-2;0;472;480
2024-12-02;0.4516;0.4573;0.7219;0.60;-3;1;468;480
2019-01-21;0.4513;0.4650;0.6821;0.60;7;0;452;480
2013-04-08;0.4499;0.4518;0.7869;0.60;1;1;476;480
2023-05-15;0.4485;0.4485;0.7762;0.60;0;0;480;480
2019-11-25;0.4417;0.4938;0.7186;1.50;24;0;384;480
2018-01-01;0.4399;0.5024;0.7088;0.60;4;1;368;384
2023-09-11;0.4396;0.4396;0.7655;0.60;0;0;480;480
2021-11-15;0.4381;0.4799;0.7371;0.60;-20;0;400;480
2021-10-04;0.4374;0.4896;0.7273;0.60;24;0;383;479
2023-09-04;0.4364;0.4387;0.7347;0.60;1;0;475;479
2019-12-02;0.4359;0.4473;0.6806;0.60;6;1;456;480
2016-11-28;0.4356;0.4530;0.7096;0.60;-9;1;444;480
2025-12-15;0.4347;0.4520;0.6723;0.74;-9;0;444;480
2024-02-26;0.4313;0.4444;0.6667;0.82;-7;0;452;480
2024-05-27;0.4300;0.4758;0.7037;0.60;22;0;392;480
2018-09-03;0.4284;0.4740;0.6986;0.60;22;1;392;480
2021-04-12;0.4269;0.4748;0.7526;0.60;-23;1;388;479
2016-09-12;0.4261;0.4691;0.6849;1.20;21;1;396;480
2022-08-22;0.4261;0.4739;0.7108;0.60;-23;1;388;479
2014-06-23;0.4201;0.4556;0.6750;0.83;-18;1;408;480
2021-09-06;0.4193;0.4688;0.6860;0.60;-24;0;384;479
2024-02-05;0.4192;0.4379;0.6617;0.78;-10;1;440;480
2014-09-08;0.4140;0.4628;0.6824;0.60;-24;1;384;480
2025-12-01;0.4133;0.4621;0.7036;0.60;24;1;384;480
2024-03-25;0.4118;0.4301;0.6625;0.60;-9;0;440;476
2025-10-27;0.4101;0.4427;0.7337;0.60;17;0;412;476
2019-01-14;0.4083;0.4565;0.7590;0.60;-24;0;384;480
2014-04-28;0.4075;0.4555;0.6907;0.60;24;1;384;480
2022-01-17;0.4068;0.4068;0.7295;0.60;0;0;480;480
2016-08-01;0.4068;0.4478;0.7277;0.60;21;0;396;480
2021-07-19;0.4063;0.4097;0.6401;0.97;-2;0;472;478
2017-06-12;0.4045;0.4079;0.6721;0.60;2;0;472;480
2022-01-03;0.4025;0.4500;0.6708;0.60;-24;1;384;480
2016-07-25;0.4011;0.4293;0.9143;0.60;15;1;419;479
2015-02-09;0.3991;0.4007;0.7854;0.60;-1;1;476;480
2021-12-13;0.3989;0.4230;0.6629;0.60;13;1;427;479
2019-07-29;0.3987;0.4288;0.8440;0.60;16;0;415;479
2018-12-17;0.3986;0.4072;0.8525;0.60;5;1;460;480
2016-06-27;0.3977;0.4401;0.7667;0.60;-22;1;392;480
2014-12-22;0.3962;0.4673;0.7246;0.60;-1;0;345;349
2019-09-30;0.3952;0.4334;0.7010;0.60;20;1;399;479
2026-05-04;0.3923;0.4298;0.7505;0.60;-20;1;400;480
2019-06-17;0.3909;0.4164;0.8131;0.60;14;1;423;479
2020-11-16;0.3903;0.4040;0.6356;0.83;-8;1;448;480
2015-11-23;0.3897;0.4357;0.6601;0.64;24;0;384;480
2016-09-26;0.3894;0.4104;0.6407;0.60;-12;0;432;480
2025-11-24;0.3885;0.4343;0.7024;0.60;-24;1;384;480
2019-02-04;0.3884;0.3951;0.7955;0.60;4;0;464;480
2014-03-31;0.3883;0.4275;0.6782;0.60;21;0;396;480
2014-06-09;0.3873;0.4330;0.6597;0.60;-24;0;384;479
2025-12-08;0.3864;0.4191;0.8463;0.60;18;1;408;480
2026-02-09;0.3837;0.4141;0.6440;0.60;-17;0;412;480
2018-10-15;0.3830;0.4282;0.8174;0.60;24;0;384;480
2024-07-15;0.3829;0.4280;0.6542;0.62;24;1;384;480
2018-04-16;0.3828;0.4194;0.7298;0.60;-20;0;400;479
2021-07-12;0.3825;0.3829;0.6581;0.60;0;0;479;479
2023-07-03;0.3824;0.4189;0.6483;0.60;20;0;400;480
2019-08-19;0.3819;0.4087;0.6393;1.32;15;0;419;479
2014-03-24;0.3816;0.3915;0.6910;0.60;6;0;456;476
2019-03-04;0.3814;0.3830;0.9192;0.60;-1;0;476;480
2020-05-11;0.3806;0.4128;0.6547;0.60;18;0;408;480
2019-02-11;0.3804;0.4253;0.6660;0.60;24;0;384;480
2021-12-27;0.3801;0.4206;0.6485;0.82;22;1;392;468
2017-08-14;0.3792;0.3857;0.7027;0.60;4;0;464;480
2013-01-21;0.3783;0.3988;0.6620;0.60;12;1;432;480
2026-04-13;0.3765;0.4167;0.6455;0.76;-22;1;392;480
2013-11-18;0.3760;0.4140;0.8280;0.60;21;0;396;480
2012-08-27;0.3760;0.4139;0.7229;0.60;-21;1;396;480
2022-10-10;0.3755;0.3819;0.6574;0.60;-4;1;464;480
2018-12-10;0.3746;0.3746;0.7167;0.60;0;0;480;480
2012-07-09;0.3745;0.3793;0.7690;0.60;3;0;468;480
2026-02-02;0.3744;0.4164;0.6585;0.60;23;0;388;480
2024-04-15;0.3732;0.4129;0.6492;0.60;-22;1;392;480
2012-11-12;0.3718;0.4157;0.6777;0.60;24;1;384;480
2018-04-30;0.3716;0.4133;0.8229;0.60;-23;0;388;480
2012-04-09;0.3712;0.4151;0.7438;0.60;24;1;384;480
2026-02-23;0.3699;0.4136;0.6431;0.73;-24;1;384;480
2013-09-23;0.3697;0.4070;0.6389;0.60;-21;1;396;480
2017-09-11;0.3669;0.4065;0.9102;0.60;22;0;391;479
2025-03-24;0.3659;0.4091;0.6525;0.60;24;0;384;476
2020-01-27;0.3657;0.4089;0.6489;0.60;-24;1;384;480
2024-09-09;0.3645;0.3789;0.6427;0.60;-9;1;444;480
2019-09-09;0.3637;0.3684;0.6293;0.60;-3;1;468;478
2021-11-01;0.3625;0.3719;0.6149;0.60;6;0;456;476
2017-06-19;0.3609;0.3954;0.6288;0.61;-20;1;400;480
2016-07-04;0.3605;0.3605;0.7053;0.60;0;0;480;480
2020-02-17;0.3584;0.3709;0.6090;0.61;8;0;448;480
2019-02-25;0.3582;0.3659;0.6049;0.76;5;1;460;480
2016-02-22;0.3552;0.3931;0.7040;0.60;-22;0;392;480
2021-02-01;0.3508;0.3583;0.8613;0.60;5;0;460;480
2020-01-06;0.3502;0.3916;0.7347;0.60;24;0;384;480
2020-12-14;0.3494;0.3600;0.8404;0.60;7;1;452;480
2016-10-17;0.3491;0.3863;0.6344;0.60;22;0;392;480
2025-01-20;0.3489;0.3748;0.7571;0.60;-16;1;416;480
2014-02-10;0.3484;0.3544;0.6656;0.60;4;1;464;480
2017-03-20;0.3481;0.3813;0.6223;0.60;-19;1;400;476
2015-12-28;0.3459;0.3930;0.7468;0.60;3;0;372;372
2020-10-19;0.3455;0.3804;0.7073;0.60;-21;1;396;479
2023-01-09;0.3454;0.3483;0.9097;0.60;-2;1;472;479
2020-07-27;0.3451;0.3858;0.7714;0.60;24;1;384;480
2020-07-06;0.3449;0.3861;0.6635;0.60;24;1;383;479
2026-07-13;0.3410;0.3699;0.6667;0.60;18;1;408;480
2016-06-06;0.3402;0.3430;0.6810;0.60;2;0;472;480
2019-11-18;0.3390;0.3714;0.6094;0.77;-20;0;400;479
2019-09-02;0.3385;0.3790;0.7719;0.60;24;1;383;479
2024-06-10;0.3347;0.3742;0.6981;0.60;24;1;384;480
2014-12-29;0.3342;0.4314;0.7950;0.60;21;0;288;372
2018-10-01;0.3331;0.3667;0.8321;0.60;21;0;396;480
2026-05-11;0.3292;0.3681;0.6982;0.60;24;0;384;480
2026-05-18;0.3279;0.3522;0.5935;0.61;-16;0;416;480
2020-04-13;0.3269;0.3665;0.7891;0.60;24;0;382;478
2014-06-30;0.3258;0.3265;0.6735;0.60;0;0;478;478
2015-09-07;0.3254;0.3529;0.8057;0.60;18;1;408;480
2018-04-23;0.3239;0.3626;0.8233;0.60;24;0;383;479
2016-03-21;0.3239;0.3308;0.7376;0.60;5;0;460;475
2015-12-21;0.3230;0.3669;0.7242;0.60;5;1;372;372
2016-04-25;0.3207;0.3319;0.8371;0.60;8;1;448;480
2013-03-11;0.3204;0.3582;0.7222;0.60;24;0;384;476
2018-08-20;0.3192;0.3568;0.7594;0.60;-24;1;384;479
2018-10-08;0.3191;0.3513;0.7810;0.60;21;1;396;480
2022-07-11;0.3191;0.3549;0.6179;0.60;-23;1;388;480
2014-08-18;0.3184;0.3559;0.8014;0.60;-24;0;384;480
2024-12-30;0.3155;0.3584;0.9278;0.60;0;0;372;372
2021-01-11;0.3146;0.3527;0.6063;0.60;24;0;382;478
2025-02-24;0.3144;0.3144;0.7746;0.60;0;0;480;480
2016-01-25;0.3140;0.3510;0.7896;0.60;24;1;384;480
2024-08-05;0.3139;0.3235;0.5688;0.66;-7;0;452;480
2024-12-23;0.3137;0.3942;0.6278;1.15;-9;1;304;340
2023-01-23;0.3116;0.3397;0.5828;0.61;19;1;404;480
2013-12-23;0.3105;0.4001;0.7822;0.60;-14;1;289;345
2025-08-04;0.3050;0.3410;0.8408;0.60;24;1;384;480
2012-06-25;0.3047;0.3406;0.6651;0.60;24;0;384;480
2021-12-06;0.3044;0.3390;0.6319;0.60;23;1;387;479
2017-05-29;0.3019;0.3376;0.7317;0.60;24;1;384;480
2020-08-10;0.3018;0.3379;0.7081;0.60;24;1;383;479
2023-10-30;0.3004;0.3137;0.6641;0.60;10;1;440;476
2023-04-17;0.2998;0.3317;0.5760;0.67;-22;1;392;480
2016-05-09;0.2977;0.2977;0.6190;0.60;0;0;480;480
2018-11-26;0.2976;0.3228;0.7523;0.60;18;1;408;480
2024-05-13;0.2946;0.3294;0.8083;0.60;24;1;384;480
2018-10-22;0.2936;0.3287;0.8795;0.60;24;0;383;479
2017-12-25;0.2930;0.3783;0.7301;0.60;18;1;288;360
2014-03-10;0.2916;0.3261;0.6471;0.60;24;1;384;476
2014-07-07;0.2904;0.3234;0.5693;0.60;23;1;387;479
2021-05-17;0.2886;0.2942;0.6422;0.60;4;1;462;478
2019-02-18;0.2832;0.3166;0.5648;0.60;-24;1;384;480
2021-02-22;0.2822;0.3003;0.6196;0.60;14;1;424;480
2015-10-05;0.2786;0.2871;0.7395;0.60;7;1;452;480
2018-01-29;0.2766;0.2813;0.7682;0.60;-4;1;464;480
2024-01-15;0.2763;0.2786;0.6400;0.60;2;0;472;480
2025-01-13;0.2740;0.2787;0.6613;0.60;-4;1;464;480
2016-05-23;0.2738;0.3030;0.6292;0.60;-22;0;392;480
2026-05-25;0.2708;0.2731;0.5226;0.75;-2;1;472;480
2022-05-23;0.2706;0.2732;0.7509;0.60;2;1;471;479
2026-01-19;0.2692;0.2715;0.8026;0.60;2;1;472;480
2025-05-19;0.2682;0.2867;0.7698;0.60;-15;1;420;480
2017-12-11;0.2671;0.2897;0.6460;0.60;18;1;408;480
2011-03-28;0.2640;0.2708;0.8065;0.60;6;1;456;480
2018-09-24;0.2630;0.2940;0.6593;0.60;24;0;384;480
2012-07-16;0.2629;0.2894;0.7374;0.60;-21;0;396;480
2013-09-09;0.2617;0.2926;0.5855;0.60;-24;1;384;480
2026-03-23;0.2598;0.2777;0.6681;0.60;-14;0;420;476
2016-01-18;0.2591;0.2744;0.6272;0.60;13;0;428;480
2011-02-14;0.2589;0.2808;0.8332;0.60;18;1;408;480
2017-01-09;0.2587;0.2765;0.8153;0.60;15;1;420;480
2020-12-07;0.2554;0.2856;0.5375;0.60;24;0;384;480
2025-10-20;0.2548;0.2638;0.5478;0.60;8;0;448;480
2013-12-09;0.2536;0.2835;0.6125;0.60;24;1;384;480
2014-08-11;0.2517;0.2814;0.5305;0.73;-24;1;384;480
2014-01-06;0.2502;0.2798;0.5482;0.60;24;0;384;480
2025-12-22;0.2498;0.2982;0.5955;0.60;1;1;337;341
2025-06-02;0.2481;0.2759;0.6132;0.60;23;1;388;480
2018-12-03;0.2474;0.2474;0.5167;0.60;0;1;480;480
2019-11-11;0.2436;0.2724;0.5219;0.76;24;0;384;480
2014-08-04;0.2414;0.2480;0.5570;0.60;6;0;455;479
2021-08-16;0.2406;0.2455;0.7461;0.60;4;0;461;477
2013-12-16;0.2359;0.2559;0.8766;0.60;18;0;408;480
2021-03-15;0.2354;0.2364;0.5173;0.60;1;0;476;476
2019-01-07;0.2349;0.2612;0.8480;0.60;23;1;388;480
2013-08-05;0.2347;0.2584;0.8012;0.60;21;1;396;480
2024-06-24;0.2340;0.2489;0.5053;0.60;-14;0;424;480
2021-05-31;0.2336;0.2338;0.6871;0.60;0;0;479;479
2024-07-22;0.2324;0.2405;0.5036;0.60;8;0;448;480
2017-02-27;0.2312;0.2585;0.6486;0.60;24;0;384;480
2017-10-16;0.2294;0.2504;0.6063;0.60;19;1;403;479
2024-03-18;0.2281;0.2300;0.6176;0.60;-1;0;472;476
2014-11-10;0.2264;0.2531;0.6062;0.60;-24;1;384;480
2025-04-28;0.2256;0.2423;0.7782;0.60;16;0;416;480
2020-04-27;0.2237;0.2504;0.6360;0.60;24;1;383;479
2020-04-06;0.2200;0.2200;0.8341;0.60;0;1;480;480
2017-03-06;0.2197;0.2457;0.5354;0.60;24;0;384;480
2021-09-20;0.2185;0.2443;0.4943;0.60;-24;0;384;478
2012-04-16;0.2173;0.2393;0.6474;0.60;-21;1;396;480
2024-06-17;0.2140;0.2322;0.4992;0.60;-18;0;408;479
2020-09-28;0.2131;0.2167;0.6741;0.60;4;1;464;480
2020-09-14;0.2125;0.2331;0.6654;0.60;20;0;399;479
2021-05-03;0.2116;0.2155;0.5971;0.60;4;1;463;479
2023-02-06;0.2078;0.2288;0.5393;0.60;-21;0;396;480
2024-11-18;0.2021;0.2259;0.6410;0.60;24;0;384;480
2022-12-19;0.1995;0.2021;0.4495;0.72;-3;0;468;480
2014-04-14;0.1974;0.2000;0.4472;0.64;-3;0;468;480
2021-02-08;0.1956;0.1956;0.6238;0.60;0;1;480;480
2022-04-18;0.1945;0.2181;0.6956;0.60;24;1;382;478
2024-09-23;0.1936;0.1970;0.5276;0.60;-4;1;464;480
2023-06-26;0.1931;0.2126;0.5709;0.60;21;0;396;480
2012-08-06;0.1929;0.1946;0.7967;0.60;2;0;472;480
2024-09-30;0.1884;0.2095;0.8568;0.60;-23;0;388;480
2011-08-22;0.1875;0.2024;0.6244;0.60;-17;1;412;480
2023-11-20;0.1847;0.2065;0.5168;0.60;24;0;384;480
2025-07-14;0.1826;0.1849;0.5986;0.60;3;0;468;480
2014-01-27;0.1804;0.1859;0.8710;0.60;7;0;452;480
2021-03-08;0.1775;0.1909;0.7573;0.60;16;1;415;479
2025-03-17;0.1768;0.1806;0.6424;0.60;5;0;460;476
2026-07-06;0.1767;0.1898;0.4357;0.66;16;1;416;480
2016-08-08;0.1767;0.1965;0.7080;0.60;-23;1;388;480
2023-02-13;0.1760;0.1872;0.6420;0.60;-14;0;424;480
2013-11-04;0.1730;0.1737;0.8318;0.60;1;0;476;480
2021-04-05;0.1706;0.1723;0.8250;0.60;-2;1;471;479
2023-04-24;0.1686;0.1885;0.5956;0.60;24;1;384;480
2021-05-24;0.1671;0.1845;0.5397;0.60;21;0;394;478
2021-09-27;0.1671;0.1871;0.8888;0.60;24;0;383;479
2026-04-27;0.1660;0.1856;0.4824;0.60;24;0;384;480
2025-05-05;0.1640;0.1797;0.7102;0.60;20;0;400;480
2015-02-16;0.1634;0.1641;0.5370;0.60;-1;0;476;480
2017-05-22;0.1617;0.1808;0.5449;0.60;-24;0;384;480
2022-08-15;0.1604;0.1633;0.8449;0.60;4;0;463;479
2018-05-21;0.1599;0.1790;0.6501;0.60;24;0;383;479
2020-12-28;0.1574;0.1928;0.8447;0.60;-13;1;320;370
2017-05-08;0.1539;0.1572;0.6383;0.60;5;0;460;480
2016-04-04;0.1538;0.1693;0.4265;0.60;21;1;396;480
2014-07-14;0.1492;0.1492;0.6818;0.60;0;0;480;480
2019-06-24;0.1450;0.1536;0.3960;0.60;13;0;428;480
2013-12-02;0.1433;0.1433;0.7660;0.60;0;1;480;480
2017-12-18;0.1426;0.1586;0.5897;0.60;-23;1;388;480
2024-08-12;0.1417;0.1584;0.6327;0.60;-24;1;384;480
2021-10-18;0.1410;0.1554;0.4921;0.60;21;1;395;479
2017-09-04;0.1408;0.1574;0.6600;0.60;24;1;384;480
2022-05-02;0.1385;0.1511;0.6466;0.60;19;1;403;479
2025-11-03;0.1379;0.1384;0.4920;0.60;-1;1;476;480
2019-04-01;0.1378;0.1487;0.4027;0.60;-17;1;412;479
2018-06-18;0.1352;0.1363;0.5520;0.60;-2;1;472;480
2024-05-06;0.1343;0.1349;0.3736;0.60;-1;1;476;480
2017-02-13;0.1337;0.1429;0.6453;0.60;15;1;420;480
2023-11-27;0.1317;0.1339;0.6220;0.60;4;0;464;480
2016-12-19;0.1310;0.1464;0.5604;0.60;-24;1;384;480
2015-10-26;0.1248;0.1352;0.8678;0.60;17;0;409;477
2018-02-19;0.1216;0.1307;0.6887;0.60;-16;0;416;480
2024-10-21;0.1211;0.1356;0.5366;0.60;24;0;383;479
2019-04-22;0.1200;0.1325;0.8288;0.60;21;0;394;478
2012-02-20;0.1190;0.1330;0.6233;0.60;24;1;384;480
2022-06-20;0.1189;0.1322;0.4910;0.60;23;1;388;480
2012-04-30;0.1189;0.1329;0.8133;0.60;24;0;384;480
2020-06-29;0.1145;0.1248;0.4176;0.60;19;1;404;480
2012-10-22;0.1138;0.1143;0.7642;0.60;-1;0;476;480
2017-11-20;0.1130;0.1238;0.8198;0.60;20;1;400;480
2012-10-01;0.1126;0.1151;0.9135;0.60;5;1;460;480
2020-09-21;0.1125;0.1258;0.8072;0.60;-24;0;384;480
2016-12-26;0.1079;0.1169;0.6551;0.60;12;1;409;457
2012-11-26;0.1077;0.1151;0.4967;0.60;15;1;420;480
2025-10-06;0.1043;0.1052;0.8154;0.60;2;0;472;480
2026-03-02;0.1015;0.1106;0.6366;0.60;-19;0;404;480
2025-08-11;0.0943;0.1038;0.6571;0.60;-21;1;396;480
2017-07-03;0.0931;0.0952;0.5260;0.60;-5;1;460;480
2013-04-01;0.0931;0.1041;0.5596;0.60;24;1;384;480
2013-03-04;0.0931;0.0959;0.6295;0.60;7;1;452;480
2013-06-24;0.0927;0.1037;0.7469;0.60;24;0;384;480
2023-10-02;0.0893;0.0973;0.6483;0.60;-19;1;404;480
2016-11-14;0.0891;0.0996;0.7533;0.60;24;0;384;480
2023-01-16;0.0882;0.0925;0.3934;0.60;-11;1;436;480
2022-02-14;0.0867;0.0914;0.4603;0.60;-12;1;432;480
2014-09-22;0.0822;0.0919;0.8469;0.60;24;0;384;480
2024-04-29;0.0812;0.0876;0.4338;0.60;17;1;412;480
2017-09-18;0.0799;0.0867;0.6952;0.60;18;0;408;480
2020-11-09;0.0790;0.0883;0.6834;0.60;24;0;384;480
2012-05-07;0.0719;0.0754;0.7577;0.60;-11;0;436;480
2016-10-10;0.0718;0.0790;0.7890;0.60;-21;0;396;480
2013-07-15;0.0717;0.0770;0.5483;0.60;-16;1;416;480
2023-05-29;0.0706;0.0709;0.4894;0.60;-1;1;476;479
2019-07-15;0.0684;0.0753;0.4012;0.60;-21;0;396;479
2021-04-19;0.0659;0.0711;0.3809;0.60;-17;1;412;479
2017-07-31;0.0654;0.0732;0.7505;0.60;24;1;384;480
2013-04-22;0.0649;0.0654;0.4169;0.60;-2;0;472;480
2020-10-05;0.0636;0.0642;0.4075;0.60;2;1;472;480
2024-01-01;0.0630;0.0705;0.6359;0.60;-20;0;383;383
2012-07-30;0.0627;0.0687;0.7209;0.60;20;0;400;480
2017-04-17;0.0611;0.0621;0.6762;0.60;4;1;464;480
2021-02-15;0.0604;0.0676;0.6785;0.60;24;0;383;479
2025-09-08;0.0507;0.0566;0.4713;0.60;-24;0;384;480
2012-08-13;0.0484;0.0484;0.4779;0.60;0;1;480;480
2020-12-21;0.0451;0.0582;0.6005;0.60;-21;0;288;371
2013-08-12;0.0444;0.0458;0.5620;0.60;-7;1;452;480
2025-09-29;0.0441;0.0476;0.2446;0.60;-17;1;412;480
2021-07-05;0.0396;0.0444;0.4831;0.60;24;0;382;478
2025-10-13;0.0392;0.0430;0.7005;0.60;20;1;400;480
2022-04-04;0.0315;0.0332;0.7328;0.60;-12;0;432;479
2016-04-18;0.0302;0.0330;0.5180;0.60;19;0;404;480
2024-01-29;0.0269;0.0274;0.4220;0.60;-5;1;460;480
2014-09-29;0.0244;0.0269;0.8065;0.60;-21;0;396;480
2024-04-01;0.0190;0.0210;0.7529;0.60;21;1;396;480
2014-12-08;0.0106;0.0118;0.8236;0.60;-22;1;392;480
2018-07-30;0.0104;0.0113;0.6844;0.60;19;0;403;479
2016-01-11;0.0094;0.0104;0.5907;0.60;-21;1;396;480
2015-11-09;0.0082;0.0083;0.3998;0.60;-5;1;460;480
2014-11-24;0.0034;0.0038;0.6654;0.60;24;1;384;479
2025-08-25;0.0022;0.0025;0.5114;0.60;-23;1;388;480
2019-08-05;0.0005;0.0005;0.4228;0.60;2;1;472;480
2023-12-25;-0.0033;-0.0043;0.6079;0.60;18;1;288;360
2025-07-21;-0.0034;-0.0038;0.4885;0.60;-24;1;384;480
2018-08-27;-0.0116;-0.0128;0.4753;0.60;-22;0;392;479
2025-02-17;-0.0209;-0.0234;0.4034;0.60;24;0;384;480
2012-09-24;-0.0226;-0.0252;0.5658;0.60;24;0;384;480
2016-05-16;-0.0230;-0.0257;0.7961;0.60;24;0;384;480
2020-09-07;-0.0237;-0.0245;0.4177;0.60;8;1;448;480
2023-05-01;-0.0277;-0.0310;0.5643;0.60;24;1;384;480
2025-04-14;-0.0336;-0.0358;0.4584;0.60;-14;1;424;480
2023-02-27;-0.0349;-0.0390;0.6147;0.60;24;1;384;480
2018-11-12;-0.0381;-0.0416;0.5777;0.60;19;1;404;480
2023-08-07;-0.0386;-0.0432;0.3098;0.60;24;1;384;480
2017-08-07;-0.0412;-0.0426;0.4058;0.60;8;0;448;480
2013-08-26;-0.0453;-0.0506;0.7903;0.60;24;0;384;480
2018-01-15;-0.0482;-0.0488;0.3613;0.60;3;1;468;480
2015-10-12;-0.0516;-0.0577;0.6396;0.60;24;1;384;480
2020-06-15;-0.0552;-0.0552;0.5943;0.60;0;0;480;480
2025-09-22;-0.0588;-0.0657;0.6616;0.60;24;0;384;480
2018-03-19;-0.0600;-0.0651;0.5848;0.60;18;1;408;476
2022-06-06;-0.0609;-0.0634;0.5933;0.60;9;0;443;479
2016-08-29;-0.0638;-0.0654;0.2811;0.60;-6;1;456;480
2021-03-01;-0.0741;-0.0829;0.4363;0.60;24;0;384;480
2017-04-24;-0.0746;-0.0821;0.3960;0.60;-21;1;396;480
2017-10-09;-0.0905;-0.1012;0.5686;0.60;-24;1;384;480
2023-09-25;-0.0918;-0.1026;0.7293;0.60;24;0;384;480
2015-09-28;-0.0971;-0.1085;0.5712;0.60;24;0;384;480
2013-12-30;-0.1144;-0.1336;0.7870;0.60;5;0;352;372
2023-04-03;-0.1151;-0.1156;0.5492;0.60;1;1;476;479
2013-06-10;-0.1152;-0.1187;0.7243;0.60;-7;1;452;480
2018-10-29;-0.1180;-0.1211;0.4491;0.60;6;1;456;476
2014-11-03;-0.1194;-0.1335;0.5956;0.60;24;0;384;478
2014-01-20;-0.1242;-0.1258;0.8973;0.60;3;1;468;480
2025-09-01;-0.1251;-0.1308;0.4033;0.60;10;0;439;479
2020-02-24;-0.1281;-0.1432;0.7374;0.60;24;1;384;480
2012-09-17;-0.1340;-0.1369;0.8476;0.60;5;0;460;480
2021-10-25;-0.1349;-0.1398;0.4020;0.60;8;1;447;479
2017-03-13;-0.1353;-0.1475;0.8043;0.60;19;1;404;476
2012-03-26;-0.1540;-0.1594;0.4225;0.60;-8;1;448;480
2025-06-30;-0.1567;-0.1743;0.1247;0.60;-23;0;388;480
2013-03-25;-0.1596;-0.1748;0.4934;0.60;-19;0;400;476
2021-11-08;-0.1613;-0.1803;0.8383;0.60;24;0;384;480
2017-01-16;-0.1649;-0.1707;0.4942;0.60;-8;1;448;480
2022-06-13;-0.1665;-0.1701;0.6436;0.60;-5;1;460;479
2017-07-10;-0.1697;-0.1897;0.4419;0.60;-24;1;384;480
2020-06-08;-0.1730;-0.1934;0.5492;0.60;24;1;384;480
2025-02-10;-0.1761;-0.1969;0.7143;0.60;24;1;384;480
2022-05-30;-0.1778;-0.1987;0.5950;0.60;24;0;384;480
2018-07-16;-0.1795;-0.1858;0.4930;0.60;8;0;448;480
2025-06-16;-0.1804;-0.1977;0.6216;0.60;20;0;400;480
2026-06-15;-0.1826;-0.2041;0.8253;0.60;24;0;384;480
2012-03-19;-0.1892;-0.1941;0.4319;0.60;-5;1;456;476
2025-01-06;-0.1967;-0.2188;0.7725;0.60;-23;0;388;480
2022-12-05;-0.1972;-0.2118;0.4636;0.60;-16;1;416;480
2021-11-29;-0.2005;-0.2242;0.1633;0.60;-24;0;384;480
2026-06-22;-0.2057;-0.2075;0.4753;0.60;2;0;472;480
2012-01-09;-0.2086;-0.2150;0.6124;0.60;7;1;452;480
2014-11-17;-0.2147;-0.2295;0.4318;0.60;15;1;420;480
2022-01-10;-0.2152;-0.2381;0.8630;0.60;22;1;392;480
2022-03-14;-0.2179;-0.2436;0.7839;0.60;24;1;384;476
2013-05-06;-0.2239;-0.2507;0.4742;0.60;24;1;383;479
2014-10-27;-0.2283;-0.2476;0.8731;0.60;18;0;408;476
2014-02-17;-0.2287;-0.2347;0.1802;0.60;-6;1;456;480
2019-09-16;-0.2296;-0.2443;0.2110;0.60;-14;1;424;480
2022-08-01;-0.2311;-0.2571;0.5859;0.60;-23;0;388;480
2021-01-04;-0.2318;-0.2318;0.3358;0.60;0;0;480;480
2018-06-04;-0.2318;-0.2595;0.7820;0.60;24;1;383;479
2016-09-05;-0.2337;-0.2387;0.6776;0.60;5;1;460;480
2017-01-30;-0.2340;-0.2616;0.5010;0.60;-24;1;384;480
2024-04-08;-0.2491;-0.2771;0.8814;0.60;23;0;388;480
2022-11-14;-0.2586;-0.2701;0.3549;0.60;-10;1;440;480
2013-01-28;-0.2591;-0.2897;0.8303;0.60;24;1;384;480
2016-06-13;-0.2603;-0.2648;0.3476;0.60;4;0;464;480
2020-08-03;-0.2621;-0.2930;0.7839;0.60;24;1;384;480
2020-08-17;-0.2654;-0.2893;0.5381;0.60;19;0;404;480
2023-06-12;-0.2657;-0.2970;0.7680;0.60;24;1;384;480
2011-06-06;-0.2744;-0.3067;0.6973;0.60;24;0;384;478
2016-05-02;-0.2748;-0.2759;0.6650;0.60;1;0;476;480
2022-08-08;-0.2779;-0.3108;0.8935;0.60;24;1;384;480
2024-11-11;-0.2874;-0.2923;0.7719;0.60;4;0;464;480
2011-04-11;-0.2890;-0.2995;0.2489;0.60;8;1;447;479
2011-05-23;-0.2908;-0.3170;0.7009;0.60;19;1;404;480
2011-02-28;-0.2911;-0.3255;0.8353;0.60;24;1;384;480
2022-05-16;-0.2928;-0.2928;0.8495;0.60;0;1;480;480
2011-04-04;-0.2969;-0.3319;0.7147;0.60;24;1;384;480
2016-02-29;-0.3019;-0.3032;0.5987;0.60;-1;1;476;480
2018-04-09;-0.3042;-0.3332;0.1587;0.60;-20;1;400;480
2012-02-27;-0.3082;-0.3445;0.8653;0.60;24;0;384;480
2023-10-23;-0.3085;-0.3193;0.5342;0.60;8;0;448;480
2023-10-09;-0.3123;-0.3123;0.4073;0.60;0;0;480;480
2019-04-29;-0.3214;-0.3598;0.2434;0.60;24;1;383;479
2017-07-17;-0.3254;-0.3268;0.9154;0.60;-1;1;476;480
2015-07-06;-0.3279;-0.3667;0.4552;0.60;24;1;384;480
2021-03-22;-0.3309;-0.3323;0.7275;0.60;1;0;476;476
2013-05-27;-0.3327;-0.3720;0.7119;0.60;24;1;384;480
2015-06-08;-0.3338;-0.3639;0.4001;0.60;-19;0;404;480
2018-12-31;-0.3354;-0.4308;0.4435;0.60;14;0;291;347
2020-05-04;-0.3428;-0.3775;0.4768;0.60;-21;0;396;480
2021-03-29;-0.3445;-0.3538;0.1433;0.60;-6;1;455;477
2018-08-06;-0.3446;-0.3858;0.1695;0.60;24;1;383;479
2011-12-19;-0.3518;-0.3594;0.3719;0.60;5;1;460;480
2012-10-29;-0.3559;-0.3979;0.2769;0.60;24;1;384;476
2017-11-27;-0.3661;-0.4094;0.3664;0.60;24;0;384;480
2025-03-10;-0.3670;-0.4021;0.2862;0.60;-19;1;400;476
2012-12-17;-0.3677;-0.3756;0.4179;0.60;5;1;460;480
2020-10-26;-0.3687;-0.4123;0.7574;0.60;24;0;384;476
2015-04-20;-0.3754;-0.3785;0.6768;0.60;-2;1;472;480
2022-10-17;-0.3766;-0.4046;0.4389;0.60;-16;0;416;480
2023-08-28;-0.3768;-0.4213;0.6147;0.60;24;1;384;480
2024-12-16;-0.3921;-0.4295;0.8996;0.60;20;0;400;480
2013-03-18;-0.3985;-0.4456;0.2633;0.60;24;1;384;477
2012-12-31;-0.4009;-0.5175;0.7037;0.60;24;0;288;384
2018-06-25;-0.4019;-0.4470;0.7785;0.60;23;0;388;480
2015-07-20;-0.4121;-0.4174;0.7925;0.60;3;1;468;480
2011-03-21;-0.4184;-0.4702;0.7786;0.60;-24;0;380;476
2025-05-12;-0.4198;-0.4446;0.5518;0.60;-13;1;428;480
2018-11-05;-0.4290;-0.4290;0.4255;0.60;0;0;480;480
2015-11-16;-0.4302;-0.4534;0.3323;0.60;12;1;432;480
2015-02-23;-0.4302;-0.4320;0.8556;0.60;1;0;476;480
2015-08-03;-0.4344;-0.4418;0.3445;0.60;4;0;464;480
2013-05-13;-0.4502;-0.5033;0.7032;0.60;24;0;384;480
2013-10-21;-0.4540;-0.4559;0.7204;0.60;1;1;476;480
2015-06-22;-0.4552;-0.5089;0.6026;0.60;-24;0;384;480
2018-03-12;-0.4606;-0.4625;0.3015;0.60;1;0;476;476
2020-03-02;-0.4658;-0.4738;0.8693;0.60;4;1;464;480
2018-05-14;-0.4730;-0.5261;0.7607;0.60;-23;0;388;480
2011-02-07;-0.4766;-0.5865;0.7910;0.60;6;0;317;341
2013-08-19;-0.4814;-0.4814;0.2196;0.60;0;1;480;480
2022-07-18;-0.4841;-0.4924;0.4818;0.60;4;1;464;480
2014-03-03;-0.4877;-0.4877;0.7220;0.60;0;1;480;480
2014-03-17;-0.4896;-0.5363;0.8499;0.60;20;0;400;476
2018-03-26;-0.4976;-0.5513;0.7522;0.60;22;0;391;477
2014-05-05;-0.5135;-0.5179;0.5926;0.60;-2;0;472;480
2016-10-31;-0.5201;-0.5785;0.7264;0.60;-23;1;388;477
2016-06-20;-0.5323;-0.5861;0.4432;0.60;21;1;396;480
2011-03-14;-0.5353;-0.5516;0.7338;0.60;7;1;452;476
2023-01-02;-0.5410;-0.5515;0.7541;0.60;4;0;462;478
2012-01-30;-0.5416;-0.5485;0.3353;0.60;3;0;468;480
2015-09-14;-0.5426;-0.5915;0.4411;0.60;19;1;404;480
2017-02-20;-0.5549;-0.5849;0.1977;0.60;-12;0;432;480
2025-02-03;-0.5613;-0.6088;0.3560;0.60;-18;1;408;480
2017-03-27;-0.5736;-0.6413;0.7953;0.60;24;0;384;480
2015-08-31;-0.5791;-0.6475;0.5549;0.60;24;0;384;480
2022-08-29;-0.5807;-0.6011;0.2209;0.60;-8;0;448;480
2024-02-12;-0.5828;-0.5953;0.0889;0.60;5;0;460;480
2013-02-11;-0.5868;-0.5968;0.4787;0.60;4;0;464;480
2020-05-18;-0.5882;-0.6444;0.1326;0.60;-20;0;400;480
2015-08-17;-0.5935;-0.6635;0.6384;0.60;24;1;384;480
2017-08-28;-0.5961;-0.6665;0.6670;0.60;24;0;384;480
2012-12-03;-0.6014;-0.6689;0.3795;0.60;23;0;388;480
2013-07-01;-0.6025;-0.6209;0.7302;0.60;7;0;452;480
2013-01-14;-0.6135;-0.6754;0.3753;0.60;-21;0;396;480
2018-08-13;-0.6183;-0.6458;0.0934;0.60;10;1;440;480
2026-03-09;-0.6191;-0.6886;0.5067;0.60;23;0;388;476
2016-08-15;-0.6213;-0.6292;0.7838;0.60;3;1;468;480
2015-01-05;-0.6362;-0.6471;0.7543;0.60;4;0;464;480
2020-06-22;-0.6526;-0.7010;0.3549;0.60;-16;0;416;480
2015-01-26;-0.6596;-0.7052;0.3563;0.60;-15;1;420;480
2022-12-12;-0.6804;-0.7239;0.4995;0.60;-14;1;424;480
2014-04-07;-0.6914;-0.7002;0.8231;0.60;3;1;468;480
2013-04-15;-0.7043;-0.7754;0.6446;0.60;21;0;396;480
2025-06-09;-0.7204;-0.8054;0.8359;0.60;24;1;384;480
2017-09-25;-0.7335;-0.7956;0.3051;0.60;-18;0;408;480
2022-07-25;-0.7353;-0.7446;0.2250;0.60;3;0;468;480
2015-09-21;-0.7440;-0.7842;0.3444;0.60;-12;0;432;480
2017-11-13;-0.7447;-0.7999;0.6427;0.60;-16;1;416;480
2011-10-17;-0.7452;-0.7929;0.4855;0.60;-14;1;424;480
2022-01-24;-0.7529;-0.8418;0.7614;0.60;24;0;384;480
2020-08-31;-0.7640;-0.8542;0.6948;0.60;24;0;384;480
2022-02-21;-0.7648;-0.7779;0.7970;0.60;4;0;464;480
2015-06-15;-0.7659;-0.8349;0.8577;0.60;19;1;404;480
2014-10-13;-0.7769;-0.8641;0.9163;0.60;23;1;388;480
2017-05-15;-0.7770;-0.8642;0.8654;0.60;-23;1;388;480
2012-06-04;-0.7846;-0.8772;0.8044;0.60;24;1;384;480
2020-05-25;-0.7985;-0.8939;0.7178;0.60;24;1;383;479
2014-12-01;-0.7990;-0.8887;0.7840;0.60;-23;0;388;480
2018-05-07;-0.8093;-0.8377;0.1629;0.60;-8;1;448;480
2015-07-27;-0.8178;-0.8870;0.7706;0.60;18;0;408;480
2023-04-10;-0.8224;-0.9195;0.7905;0.60;24;1;384;480
2012-03-12;-0.8256;-0.9231;0.4657;0.60;24;0;384;476
2011-03-07;-0.8310;-0.8452;0.8490;0.60;4;0;464;480
2015-03-02;-0.8325;-0.9307;0.8764;0.60;24;0;384;480
2013-02-25;-0.8334;-0.9130;0.3326;0.60;-20;0;400;480
2022-06-27;-0.8356;-0.9259;0.7499;0.60;22;0;391;479
2025-05-26;-0.8439;-0.9436;0.4993;0.60;24;0;384;480
2013-06-03;-0.8628;-0.9646;0.6739;0.60;24;1;384;480
2013-10-14;-0.8828;-0.8979;0.7313;0.60;4;1;464;480
2015-06-29;-0.9061;-1.0131;0.5942;0.60;-24;0;384;480
2018-01-08;-0.9145;-1.0224;0.2026;0.60;24;1;384;480
2025-06-23;-0.9388;-1.0336;0.6146;0.60;-21;1;396;480
2015-12-07;-0.9493;-1.0505;0.7275;0.60;-22;1;392;480
2022-02-28;-0.9639;-1.0777;0.5588;0.60;24;0;384;480
2012-06-11;-0.9654;-1.0272;0.6702;0.60;-14;1;424;480
2023-03-13;-0.9696;-1.0840;0.8661;0.60;24;0;384;476
2026-03-30;-0.9733;-0.9997;0.3430;0.60;-6;1;455;479
2017-10-23;-0.9791;-1.0946;0.1709;0.60;24;1;384;480
2023-01-30;-0.9792;-1.0727;0.6864;0.60;20;1;400;480
2015-05-25;-0.9876;-1.1042;0.3025;0.60;24;0;384;480
2012-06-18;-0.9893;-0.9893;0.6353;0.60;0;0;480;480
2020-11-02;-0.9894;-1.1061;0.7549;0.60;24;1;384;480
2022-10-31;-0.9945;-1.0203;0.7702;0.60;6;0;456;476
2022-05-09;-1.0101;-1.1293;0.5683;0.60;24;0;384;480
2011-11-28;-1.0145;-1.1343;0.8815;0.60;24;1;384;480
2012-07-23;-1.0179;-1.1380;0.7319;0.60;24;1;384;480
2020-06-01;-1.0303;-1.1519;0.7207;0.60;24;1;384;480
2016-04-11;-1.0330;-1.1549;0.8284;0.60;24;0;384;480
2012-03-05;-1.0482;-1.0850;0.4118;0.60;8;1;448;480
2015-03-23;-1.0583;-1.1260;0.3524;0.60;-13;0;424;476
2011-12-26;-1.0611;-1.2253;0.8968;0.60;22;0;360;448
2014-10-20;-1.0937;-1.2228;0.7277;0.60;24;0;384;480
2012-12-10;-1.1021;-1.2134;0.7751;0.60;-21;1;396;480
2013-02-04;-1.1332;-1.2670;0.6477;0.60;24;0;384;480
2018-02-26;-1.1792;-1.3184;0.6096;0.60;24;0;384;480
2016-02-08;-1.1815;-1.1966;0.6853;0.60;3;1;468;480
2018-03-05;-1.1926;-1.1926;0.2465;0.60;0;0;480;480
2011-02-21;-1.1970;-1.3383;0.6971;0.60;24;1;384;480
2025-09-15;-1.2025;-1.2917;0.1637;0.60;-16;0;416;480
2015-02-02;-1.2109;-1.2316;0.6266;0.60;4;1;464;480
2013-10-28;-1.2301;-1.3753;0.6788;0.60;24;0;384;476
2026-01-26;-1.2406;-1.2728;0.3645;0.60;6;1;456;480
2017-01-02;-1.2474;-1.3983;0.5900;0.60;24;1;382;478
2022-09-26;-1.2502;-1.3977;0.7127;0.60;24;1;384;480
2015-04-13;-1.2881;-1.4420;0.6799;0.60;24;1;383;479
2011-05-16;-1.2970;-1.3307;0.6321;0.60;-6;1;456;480
2022-11-28;-1.3118;-1.4667;0.5027;0.60;24;1;384;480
2015-12-14;-1.3243;-1.3528;0.7358;0.60;5;0;460;480
2012-05-14;-1.3322;-1.4108;0.6199;0.60;-13;0;428;480
2020-07-20;-1.3865;-1.4041;0.7468;0.60;3;1;468;480
2012-09-10;-1.3984;-1.5635;0.6904;0.60;24;1;384;480
2012-07-02;-1.4112;-1.5777;0.8107;0.60;24;0;384;480
2015-11-02;-1.4148;-1.5818;0.7925;0.60;24;0;384;480
2014-09-01;-1.4239;-1.5920;0.3900;0.60;24;0;384;480
2011-08-15;-1.4321;-1.5238;0.3103;0.60;-14;0;424;480
2022-11-21;-1.5048;-1.6652;0.7976;0.60;22;1;392;480
2018-02-05;-1.5092;-1.6873;0.8807;0.60;24;0;384;480
2013-06-17;-1.5124;-1.6245;0.8323;0.60;16;0;416;480
2011-05-30;-1.5500;-1.5903;0.8010;0.60;6;1;456;480
2016-03-07;-1.5625;-1.5691;0.8496;0.60;-1;1;476;480
2018-06-11;-1.5725;-1.7581;0.3058;0.60;24;0;384;480
2013-01-07;-1.6295;-1.8218;0.3660;0.60;24;1;384;480
2020-03-30;-1.6301;-1.8225;0.7896;0.60;24;0;384;480
2026-04-06;-1.6704;-1.6704;0.7490;0.60;0;1;480;480
2015-07-13;-1.6757;-1.7043;0.8413;0.60;4;0;464;480
2013-02-18;-1.6803;-1.8787;0.7578;0.60;24;0;384;480
2012-01-23;-1.6911;-1.7274;0.7873;0.60;5;1;460;480
2011-11-21;-1.6985;-1.8989;0.8314;0.60;24;0;384;480
2023-03-06;-1.7233;-1.7758;0.2846;0.60;7;0;452;480
2023-11-13;-1.7260;-1.9298;0.6977;0.60;-24;1;384;480
2015-08-10;-1.7489;-1.9064;0.6116;0.60;-19;1;404;480
2015-10-19;-1.7540;-1.9610;0.5504;0.60;24;0;384;480
2012-10-08;-1.7629;-1.8583;0.2699;0.60;12;0;432;480
2011-11-14;-1.7641;-1.9724;0.3550;0.60;-24;0;384;480
2018-05-28;-1.7910;-1.9921;0.4590;0.60;23;1;388;480
2015-01-12;-1.8570;-2.0762;0.5823;0.60;24;0;384;480
2022-09-12;-1.8679;-2.0776;0.5942;0.60;-23;0;388;480
2015-03-30;-1.8841;-1.9503;0.3162;0.60;8;1;448;480
2014-10-06;-1.8939;-1.9346;0.5647;0.60;5;1;460;480
2013-04-29;-1.9523;-1.9943;0.1168;0.60;-5;0;460;480
2022-01-31;-1.9834;-2.2204;0.7225;0.60;24;1;383;479
2025-04-21;-2.0049;-2.1853;0.6192;0.60;-19;0;404;480
2012-10-15;-2.0349;-2.2751;0.3117;0.60;-24;1;384;480
2023-12-11;-2.0441;-2.2853;0.7746;0.60;24;1;384;480
2011-09-26;-2.0790;-2.1424;0.4404;0.60;7;1;452;480
2022-09-19;-2.0947;-2.3420;0.7808;0.60;24;0;384;480
2011-08-08;-2.1002;-2.3360;0.6552;0.60;23;0;388;480
2020-11-30;-2.1294;-2.1474;0.7500;0.60;2;1;472;480
2014-12-15;-2.1983;-2.4577;0.7976;0.60;24;0;384;480
2015-05-18;-2.2348;-2.4985;0.8064;0.60;-24;0;384;480
2015-01-19;-2.2628;-2.5299;0.2749;0.60;24;0;384;480
2016-01-04;-2.2927;-2.3318;0.2729;0.60;4;1;464;480
2023-03-20;-2.3142;-2.5873;0.7828;0.60;24;1;384;476
2022-11-07;-2.3198;-2.5936;0.3457;0.60;24;1;384;480
2011-09-05;-2.3330;-2.6084;0.4519;0.60;24;0;384;480
2021-06-14;-2.3519;-2.6295;0.7670;0.60;24;0;384;480
2011-05-09;-2.3624;-2.6276;0.8859;0.60;23;0;388;480
2012-05-28;-2.4886;-2.7824;0.8134;0.60;24;0;384;480
2016-03-28;-2.5083;-2.5321;0.8204;0.60;2;1;471;479
2022-03-07;-2.5218;-2.8195;0.8305;0.60;24;1;384;480
2012-01-02;-2.5280;-2.9563;0.7136;0.60;24;0;351;447
2022-03-28;-2.5405;-2.7971;0.2889;0.60;-21;1;396;479
2011-07-25;-2.5718;-2.8754;0.6118;0.60;24;0;384;480
2012-02-13;-2.5983;-2.8899;0.7745;0.60;23;0;388;480
2016-11-07;-2.6163;-2.9251;0.9165;0.60;24;0;384;480
2023-07-10;-2.6651;-2.9797;0.8832;0.60;24;1;384;480
2011-06-20;-2.6800;-2.7740;0.4568;0.60;8;0;448;480
2018-01-22;-2.6869;-3.0041;0.8227;0.60;24;1;384;480
2024-11-04;-2.7639;-2.9270;0.6012;0.60;-13;0;428;480
2011-09-12;-2.8607;-3.1984;0.8115;0.60;24;1;384;480
2011-10-03;-2.8941;-3.2357;0.3751;0.60;24;1;384;480
2012-08-20;-2.9153;-3.2594;0.5706;0.60;-24;1;384;480
2012-02-06;-3.0025;-3.0279;0.5765;0.60;2;1;472;480
2016-12-05;-3.0145;-3.1343;0.5862;0.60;-9;0;444;480
2018-02-12;-3.0166;-3.3726;0.7616;0.60;24;1;384;480
2011-08-29;-3.0563;-3.4171;0.7372;0.60;24;0;384;480
2013-09-16;-3.0713;-3.3477;0.8856;0.60;19;1;404;480
2011-08-01;-3.0812;-3.0812;0.7640;0.60;0;0;480;480
2011-10-31;-3.1311;-3.4826;0.1743;0.60;-22;0;388;476
2020-03-09;-3.1519;-3.5240;0.7079;0.60;24;0;384;476
2016-12-12;-3.1608;-3.5339;0.6243;0.60;24;0;384;480
2015-05-04;-3.2142;-3.5936;0.7494;0.60;24;1;384;480
2011-09-19;-3.2157;-3.3741;0.8233;0.60;11;0;436;480
2016-03-14;-3.2210;-3.6012;0.6893;0.60;24;1;384;476
2025-04-07;-3.3685;-3.7661;0.4543;0.60;24;1;384;480
2022-10-03;-3.4128;-3.4128;0.2451;0.60;0;0;480;480
2022-10-24;-3.4198;-3.8037;0.4043;0.60;-23;1;388;480
2011-12-12;-3.5289;-3.9454;0.5966;0.60;-24;0;384;480
2011-10-10;-3.5792;-3.8633;0.7153;0.60;-17;1;412;480
2025-07-28;-3.6015;-3.8873;0.3921;0.60;-17;0;412;480
2022-04-25;-3.8972;-4.2907;0.5552;0.60;-21;0;396;480
2011-07-04;-3.9471;-4.3238;0.7915;0.60;-20;0;400;480
2011-07-18;-3.9767;-4.4461;0.7692;0.60;24;1;384;480
2015-03-16;-4.2670;-4.6743;0.7640;0.60;20;1;400;476
2025-03-31;-4.3242;-4.8347;0.7000;0.60;24;1;384;480
2012-01-16;-4.4181;-4.9395;0.7884;0.60;24;1;384;480
2015-05-11;-4.4454;-4.9701;0.8206;0.60;24;1;384;480
2017-06-26;-4.4722;-4.4957;0.7313;0.60;1;1;475;479
2020-03-23;-4.4933;-5.0236;0.7727;0.60;24;1;384;476
2011-05-02;-4.5610;-5.1060;0.2892;0.60;24;0;383;479
2011-10-24;-4.6753;-5.2271;0.5450;0.60;24;1;384;480
2011-06-27;-4.9525;-5.3983;0.6418;0.60;-19;1;404;480
2012-05-21;-4.9954;-5.5851;0.7571;0.60;24;0;384;480
2022-07-04;-5.4958;-6.0507;0.7093;0.60;-21;0;396;480
2011-11-07;-5.8159;-6.5024;0.8815;0.60;24;0;384;480
2015-11-30;-5.9761;-6.6814;0.4490;0.60;24;1;384;480
2015-04-06;-6.0294;-6.7411;0.7190;0.60;24;0;384;480
2012-04-02;-6.6332;-6.6610;0.7834;0.60;1;0;476;480
2011-07-11;-6.7526;-7.1427;0.3878;0.60;-12;1;429;477
2015-03-09;-6.7748;-7.6143;0.7802;0.60;-24;0;380;476
2011-04-25;-6.8228;-7.6281;0.7214;0.60;24;1;384;480
2013-07-08;-7.2727;-8.1311;0.7673;0.60;24;1;384;480
2015-08-24;-7.3048;-8.1671;0.7363;0.60;24;0;384;480
2016-02-01;-8.3949;-9.3858;0.8805;0.60;24;1;384;480
2011-06-13;-8.9401;-9.9953;0.8131;0.60;24;0;384;480
2015-04-27;-9.6282;-10.7646;0.8472;0.60;24;1;384;480
2011-04-18;-12.1446;-12.3656;0.5673;0.60;4;1;463;475
2015-06-01;-12.8507;-14.2201;0.4619;0.60;-22;1;392;480
2025-03-03;-14.6060;-15.8424;0.7204;0.60;-18;1;408;480
2020-03-16;-16.2453;-18.1628;0.7702;0.60;24;0;384;476
