rank;a1Minutes;a2Minutes;chainTrades;chainWins;chainLosses;chainFromUtc;chainToUtc;crossings;wins;winRate;chainShare
1;30;90;80;80;0;2020-01-31 02:49;2020-02-05 20:25;76604;38094;0.4973;0.00104
2;30;60;80;80;0;2014-08-15 17:17;2014-08-20 09:51;108291;53662;0.4955;0.00074
3;90;120;74;74;0;2020-01-31 00:04;2020-02-05 21:09;62888;31320;0.4980;0.00118
4;60;90;62;62;0;2019-07-18 23:46;2019-07-23 22:59;77068;38391;0.4981;0.00080
5;120;150;60;60;0;2020-01-31 00:08;2020-02-05 19:00;54586;27278;0.4997;0.00110
6;270;300;57;57;0;2019-02-01 16:48;2019-02-11 08:27;36024;18102;0.5025;0.00158
7;510;540;57;57;0;2014-02-12 09:10;2014-02-19 18:39;25244;12771;0.5059;0.00226
8;60;120;53;53;0;2020-01-30 23:48;2020-02-05 18:14;54718;27306;0.4990;0.00097
9;30;120;51;51;0;2020-01-31 19:12;2020-02-05 20:37;62673;31364;0.5004;0.00081
10;30;360;51;51;0;2019-08-25 23:55;2019-09-02 06:45;31517;15744;0.4995;0.00162
11;630;660;50;50;0;2020-01-29 07:53;2020-02-11 07:43;22626;11589;0.5122;0.00221
12;150;180;50;50;0;2024-07-09 11:43;2024-07-12 08:37;48780;24208;0.4963;0.00103
13;30;150;49;49;0;2014-08-15 15:51;2014-08-20 16:54;53888;26977;0.5006;0.00091
14;30;2040;49;49;0;2014-07-21 07:54;2014-08-05 06:32;11398;5916;0.5190;0.00430
15;30;180;48;48;0;2014-08-15 15:13;2014-08-20 16:54;48132;24215;0.5031;0.00100
16;90;150;48;48;0;2019-02-05 12:35;2019-02-11 13:15;44594;22196;0.4977;0.00108
17;30;240;48;48;0;2019-02-01 16:19;2019-02-07 07:38;40214;20178;0.5018;0.00119
18;30;2010;47;47;0;2014-07-21 07:54;2014-08-05 07:28;11546;5972;0.5172;0.00407
19;30;2280;47;47;0;2014-07-21 07:54;2014-08-05 06:24;10832;5605;0.5174;0.00434
20;30;390;46;46;0;2019-08-26 05:03;2019-09-02 06:45;29976;15092;0.5035;0.00153
21;30;270;46;46;0;2014-07-31 13:42;2014-08-05 07:38;37406;18632;0.4981;0.00123
22;240;300;46;46;0;2019-02-01 16:49;2019-02-11 09:53;27032;13563;0.5017;0.00170
23;450;480;45;45;0;2014-02-12 09:18;2014-02-19 18:11;27110;13652;0.5036;0.00166
24;30;2310;45;45;0;2014-07-21 07:55;2014-08-05 06:22;10722;5538;0.5165;0.00420
25;30;1980;45;45;0;2014-07-21 07:54;2014-08-05 07:30;11526;6002;0.5207;0.00390
26;30;2370;45;45;0;2014-07-21 07:55;2014-08-05 06:24;10620;5449;0.5131;0.00424
27;30;930;45;45;0;2020-01-29 19:28;2020-02-11 08:05;17891;9183;0.5133;0.00252
28;30;2160;45;45;0;2014-07-21 07:54;2014-08-05 06:29;11060;5731;0.5182;0.00407
29;30;420;45;45;0;2019-08-26 00:01;2019-09-02 06:44;28578;14373;0.5029;0.00157
30;360;390;45;45;0;2019-02-01 16:19;2019-02-08 07:29;30554;15386;0.5036;0.00147
31;30;2400;45;45;0;2014-07-21 07:55;2014-08-05 06:25;10500;5384;0.5128;0.00429
32;180;210;44;44;0;2019-02-05 12:22;2019-02-11 13:09;44615;22309;0.5000;0.00099
33;30;2250;43;43;0;2014-07-21 07:54;2014-08-05 06:25;10904;5646;0.5178;0.00394
34;30;2100;43;43;0;2014-07-21 07:54;2014-08-05 06:31;11222;5796;0.5165;0.00383
35;30;300;43;43;0;2014-07-31 15:22;2014-08-05 07:39;35062;17507;0.4993;0.00123
36;30;6960;43;43;0;2024-06-28 11:39;2024-08-09 03:54;5655;2841;0.5024;0.00760
37;210;240;43;43;0;2019-07-18 14:22;2019-07-24 06:21;41156;20656;0.5019;0.00104
38;30;2190;43;43;0;2014-07-21 07:54;2014-08-05 06:28;10966;5646;0.5149;0.00392
39;30;660;43;43;0;2014-06-25 21:46;2014-07-03 10:22;21883;11129;0.5086;0.00196
40;30;8640;43;43;0;2021-08-23 09:34;2021-10-11 14:43;5165;2562;0.4960;0.00833
41;240;270;43;43;0;2019-02-05 13:50;2019-02-11 14:08;38402;19147;0.4986;0.00112
42;30;2430;43;43;0;2014-07-21 07:55;2014-08-05 06:27;10428;5354;0.5134;0.00412
43;30;2340;43;43;0;2014-07-21 07:55;2014-08-05 06:23;10668;5531;0.5185;0.00403
44;390;420;43;43;0;2014-06-26 19:49;2014-07-03 09:08;29288;14790;0.5050;0.00147
45;1380;1410;42;42;0;2020-02-04 14:08;2020-02-19 13:44;14286;7425;0.5197;0.00294
46;30;2520;42;42;0;2014-07-21 07:54;2014-08-06 18:43;10222;5206;0.5093;0.00411
47;30;2220;41;41;0;2014-07-21 07:54;2014-08-05 06:27;10930;5625;0.5146;0.00375
48;30;990;41;41;0;2020-01-29 19:32;2020-02-11 09:30;17237;8890;0.5158;0.00238
49;30;210;41;41;0;2014-07-31 09:46;2014-08-05 07:34;43716;22001;0.5033;0.00094
50;30;960;41;41;0;2020-01-29 19:30;2020-02-11 09:30;17563;9028;0.5140;0.00233
51;540;570;41;41;0;2019-02-01 19:20;2019-02-11 09:00;24504;12394;0.5058;0.00167
52;30;540;41;41;0;2014-06-25 19:29;2014-07-03 10:33;24672;12442;0.5043;0.00166
53;120;180;41;41;0;2020-01-31 03:01;2020-02-06 01:13;38746;19305;0.4982;0.00106
54;2430;2490;41;41;0;2020-01-23 18:47;2020-02-24 08:55;7204;3669;0.5093;0.00569
55;60;750;41;41;0;2020-01-29 18:24;2020-02-11 09:38;14869;7546;0.5075;0.00276
56;30;840;40;40;0;2024-08-08 09:54;2024-08-15 11:15;19031;9730;0.5113;0.00210
57;1110;1140;40;40;0;2013-08-27 07:40;2013-09-04 15:51;16474;8545;0.5187;0.00243
58;60;690;39;39;0;2020-01-29 15:58;2020-02-11 09:38;15665;7922;0.5057;0.00249
59;1440;1470;39;39;0;2014-07-24 07:58;2014-08-07 04:12;13920;7163;0.5146;0.00280
60;30;1020;39;39;0;2023-11-27 19:18;2023-12-05 03:34;16827;8707;0.5174;0.00232
61;30;2490;39;39;0;2014-07-21 07:55;2014-08-05 06:31;10330;5241;0.5074;0.00378
62;30;1080;39;39;0;2020-01-29 19:40;2020-02-11 10:15;16425;8490;0.5169;0.00237
63;60;150;39;39;0;2014-08-15 15:39;2014-08-20 17:19;44372;22266;0.5018;0.00088
64;420;450;39;39;0;2014-06-26 20:19;2014-07-03 09:37;28114;14185;0.5046;0.00139
65;30;2130;39;39;0;2014-07-21 07:54;2014-08-05 06:30;11098;5752;0.5183;0.00351
66;30;2550;39;39;0;2014-07-21 07:54;2014-08-05 06:36;10168;5141;0.5056;0.00384
67;30;450;38;38;0;2019-02-01 16:16;2019-02-11 12:00;27558;13772;0.4997;0.00138
68;30;900;38;38;0;2020-01-31 02:46;2020-02-11 08:04;18167;9322;0.5131;0.00209
69;30;1410;38;38;0;2020-01-29 20:51;2020-02-14 09:35;14207;7264;0.5113;0.00267
70;360;450;38;38;0;2019-08-26 01:52;2019-09-02 16:20;17638;8830;0.5006;0.00215
71;30;5520;38;38;0;2024-06-28 13:04;2024-07-31 11:39;6333;3248;0.5129;0.00600
72;30;1050;37;37;0;2020-01-29 19:36;2020-02-11 09:34;16619;8572;0.5158;0.00223
73;300;330;37;37;0;2016-05-04 16:47;2016-05-06 17:14;33772;17163;0.5082;0.00110
74;150;270;37;37;0;2019-02-01 17:53;2019-02-11 13:10;24418;12221;0.5005;0.00152
75;330;360;37;37;0;2019-02-04 20:39;2019-02-08 07:36;32116;16224;0.5052;0.00115
76;30;2070;37;37;0;2014-07-21 07:54;2014-08-05 06:31;11344;5885;0.5188;0.00326
77;60;810;37;37;0;2020-01-29 18:40;2020-02-11 09:39;14205;7171;0.5048;0.00260
78;30;480;37;37;0;2014-07-31 15:09;2014-08-05 07:42;26394;13255;0.5022;0.00140
79;210;330;37;37;0;2019-02-01 17:06;2019-02-11 14:10;20478;10295;0.5027;0.00181
80;30;1560;37;37;0;2020-01-29 20:46;2020-02-18 07:50;13364;6855;0.5129;0.00277
81;270;330;37;37;0;2019-02-01 17:14;2019-02-08 06:38;25446;12709;0.4994;0.00145
82;30;510;37;37;0;2014-06-25 19:18;2014-07-03 10:32;25560;12858;0.5031;0.00145
83;30;630;37;37;0;2014-06-27 08:51;2014-07-03 10:28;22557;11377;0.5044;0.00164
84;30;1290;37;37;0;2020-01-29 19:52;2020-02-11 12:41;14916;7653;0.5131;0.00248
85;30;1230;37;37;0;2020-01-29 19:50;2020-02-11 12:30;15212;7845;0.5157;0.00243
86;30;3360;36;36;0;2014-07-21 07:50;2014-08-07 01:43;8647;4350;0.5031;0.00416
87;1050;1080;36;36;0;2013-08-28 01:45;2013-09-04 13:23;16859;8779;0.5207;0.00214
88;30;330;36;36;0;2019-02-01 16:20;2019-02-07 07:38;32991;16546;0.5015;0.00109
89;30;1350;36;36;0;2020-01-29 20:54;2020-02-14 09:27;14596;7505;0.5142;0.00247
90;30;7680;36;36;0;2021-08-13 10:11;2021-10-11 14:55;5253;2525;0.4807;0.00685
91;390;450;36;36;0;2019-08-26 02:04;2019-09-02 16:27;20680;10433;0.5045;0.00174
92;30;870;36;36;0;2020-01-31 02:43;2020-02-11 08:04;18539;9524;0.5137;0.00194
93;30;1380;36;36;0;2020-01-29 20:52;2020-02-14 09:32;14528;7508;0.5168;0.00248
94;30;2460;36;36;0;2014-07-21 07:55;2014-08-01 09:13;10384;5324;0.5127;0.00347
95;30;780;36;36;0;2024-08-08 09:50;2024-08-15 11:13;19813;10065;0.5080;0.00182
96;60;960;36;36;0;2020-01-29 07:18;2020-02-11 09:43;12799;6504;0.5082;0.00281
97;90;180;36;36;0;2014-08-15 15:22;2014-08-20 17:48;36354;18131;0.4987;0.00099
98;30;5280;36;36;0;2024-06-28 13:26;2024-07-31 11:31;6475;3306;0.5106;0.00556
99;1350;1380;36;36;0;2020-02-04 13:37;2020-02-18 01:14;14530;7540;0.5189;0.00248
100;2400;2490;35;35;0;2020-01-23 18:40;2020-02-24 08:31;5898;3032;0.5141;0.00593
101;210;270;35;35;0;2019-02-05 13:45;2019-02-11 13:51;29214;14626;0.5007;0.00120
102;30;1500;35;35;0;2020-01-29 20:47;2020-02-18 07:56;13644;6868;0.5034;0.00257
103;60;210;35;35;0;2020-02-06 09:01;2020-02-11 04:34;34180;17019;0.4979;0.00102
104;30;1680;35;35;0;2024-08-09 02:51;2024-08-21 14:25;12720;6619;0.5204;0.00275
105;330;390;35;35;0;2019-02-01 16:19;2019-02-08 07:26;22900;11522;0.5031;0.00153
106;30;1530;35;35;0;2020-01-29 20:46;2020-02-18 07:51;13494;6895;0.5110;0.00259
107;30;8400;35;35;0;2021-08-17 13:03;2021-10-11 14:46;5113;2489;0.4868;0.00685
108;60;2070;35;35;0;2014-07-21 08:18;2014-08-05 06:46;8032;4205;0.5235;0.00436
109;60;8640;35;35;0;2021-08-23 09:42;2021-10-11 07:37;3759;1886;0.5017;0.00931
110;210;300;35;35;0;2019-02-01 16:51;2019-02-08 04:23;23560;11798;0.5008;0.00149
111;60;570;35;35;0;2020-01-29 15:41;2020-02-11 01:56;17662;8904;0.5041;0.00198
112;30;1260;35;35;0;2020-01-29 19:51;2020-02-11 12:38;15066;7669;0.5090;0.00232
113;60;360;34;34;0;2019-02-01 16:36;2019-02-11 08:04;23569;11895;0.5047;0.00144
114;1560;1590;34;34;0;2016-09-29 15:41;2016-10-10 20:40;13248;6800;0.5133;0.00257
115;60;180;34;34;0;2014-08-15 15:17;2014-08-20 17:19;38410;19148;0.4985;0.00089
116;2430;2460;34;34;0;2020-01-29 10:15;2020-02-18 11:13;10140;5236;0.5164;0.00335
117;60;390;34;34;0;2019-02-01 16:36;2019-02-11 08:00;22381;11252;0.5027;0.00152
118;60;780;34;34;0;2020-01-31 01:49;2020-02-11 09:38;14547;7374;0.5069;0.00234
119;150;210;34;34;0;2019-10-15 17:48;2019-10-18 08:58;34715;17358;0.5000;0.00098
120;1320;1350;34;34;0;2020-02-04 13:07;2020-02-18 00:48;14782;7689;0.5202;0.00230
121;990;1020;34;34;0;2020-02-11 14:40;2020-02-18 09:25;17513;9151;0.5225;0.00194
122;2490;2520;34;34;0;2024-10-01 04:18;2024-10-21 06:52;10008;5056;0.5052;0.00340
123;30;600;34;34;0;2014-07-31 13:56;2014-08-05 07:40;23190;11717;0.5053;0.00147
124;30;1200;33;33;0;2020-01-29 19:49;2020-02-11 10:35;15502;7942;0.5123;0.00213
125;30;1800;33;33;0;2024-08-09 02:51;2024-08-16 09:55;12152;6315;0.5197;0.00272
126;60;2040;33;33;0;2014-07-21 08:18;2014-08-05 06:46;8146;4242;0.5207;0.00405
127;30;1110;33;33;0;2020-01-29 19:44;2020-02-11 10:22;16166;8309;0.5140;0.00204
128;30;1710;33;33;0;2024-08-09 02:51;2024-08-16 09:48;12552;6511;0.5187;0.00263
129;60;2010;33;33;0;2014-07-21 08:18;2014-08-05 06:47;8226;4294;0.5220;0.00401
130;180;300;33;33;0;2019-02-01 16:44;2019-02-11 13:40;22216;11186;0.5035;0.00149
131;60;930;33;33;0;2020-01-29 19:39;2020-02-11 09:42;13003;6606;0.5080;0.00254
132;60;270;33;33;0;2024-07-09 14:50;2024-07-14 21:05;28546;14336;0.5022;0.00116
133;120;660;33;33;0;2020-01-29 16:58;2020-02-11 10:22;12258;6189;0.5049;0.00269
134;1080;1110;33;33;0;2019-07-12 20:03;2019-07-22 21:19;16689;8664;0.5191;0.00198
135;30;750;33;33;0;2014-07-24 07:47;2014-07-30 01:04;20217;10202;0.5046;0.00163
136;30;4560;33;33;0;2024-08-09 10:00;2024-08-22 14:23;7217;3660;0.5071;0.00457
137;30;1740;33;33;0;2020-01-29 20:51;2020-02-17 11:53;12406;6448;0.5197;0.00266
138;30;690;33;33;0;2014-06-25 22:25;2014-07-03 09:41;21207;10805;0.5095;0.00156
139;30;2580;33;33;0;2014-07-21 07:54;2014-08-05 07:30;10004;5043;0.5041;0.00330
140;60;1110;33;33;0;2023-11-21 13:28;2023-12-05 04:13;11705;5979;0.5108;0.00282
141;30;1860;33;33;0;2024-08-09 02:52;2024-08-16 09:59;11926;6240;0.5232;0.00277
142;180;270;32;32;0;2019-02-01 16:37;2019-02-07 08:15;25690;12845;0.5000;0.00125
143;510;570;32;32;0;2014-02-12 21:13;2014-02-19 09:09;17974;9039;0.5029;0.00178
144;30;1620;32;32;0;2024-08-09 02:50;2024-08-21 11:53;12939;6692;0.5172;0.00247
145;300;360;32;32;0;2019-02-01 16:36;2019-02-08 07:12;24116;12079;0.5009;0.00133
146;30;810;32;32;0;2017-10-23 19:51;2017-10-30 13:12;19429;9902;0.5097;0.00165
147;120;240;32;32;0;2024-07-09 11:58;2024-07-12 08:27;27328;13562;0.4963;0.00117
148;1200;1260;32;32;0;2020-01-31 16:48;2020-02-17 23:02;11166;5820;0.5212;0.00287
149;60;420;32;32;0;2019-02-01 16:36;2019-02-11 07:58;21262;10702;0.5033;0.00151
150;120;210;32;32;0;2019-02-01 17:22;2019-02-07 07:51;31780;15883;0.4998;0.00101
151;1860;1890;32;32;0;2013-02-19 22:05;2013-02-27 06:37;11952;6099;0.5103;0.00268
152;2400;2460;32;32;0;2020-01-30 23:22;2020-02-24 08:25;7210;3687;0.5114;0.00444
153;990;1050;32;32;0;2020-02-07 13:01;2020-02-18 00:35;12323;6391;0.5186;0.00260
154;30;570;32;32;0;2014-09-03 18:58;2014-09-08 16:32;23842;12020;0.5042;0.00134
155;30;720;32;32;0;2017-10-23 19:45;2017-10-30 13:08;20649;10450;0.5061;0.00155
156;30;4800;32;32;0;2026-04-12 21:45;2026-04-21 02:03;7031;3605;0.5127;0.00455
157;30;2670;31;31;0;2014-07-21 07:54;2014-08-05 07:38;9954;5059;0.5082;0.00311
158;30;1650;31;31;0;2024-08-09 02:51;2024-08-16 09:44;12783;6614;0.5174;0.00243
159;2010;2040;31;31;0;2024-10-08 06:42;2024-10-20 23:00;11328;5658;0.4995;0.00274
160;2580;2610;31;31;0;2025-12-19 09:39;2025-12-30 18:12;9932;4982;0.5016;0.00312
161;30;1440;31;31;0;2023-02-21 15:43;2023-02-28 07:45;14026;7087;0.5053;0.00221
162;30;1590;31;31;0;2020-01-29 20:46;2020-02-17 11:50;13049;6712;0.5144;0.00238
163;60;7680;31;31;0;2021-08-04 14:43;2021-10-11 15:10;3867;1929;0.4988;0.00802
164;60;2130;31;31;0;2014-07-21 08:17;2014-08-05 06:43;7972;4154;0.5211;0.00389
165;30;1320;31;31;0;2023-02-21 15:41;2023-02-28 07:59;14730;7589;0.5152;0.00210
166;90;7680;31;31;0;2021-08-04 15:01;2021-10-11 15:14;3233;1637;0.5063;0.00959
167;1140;1170;31;31;0;2014-07-31 14:03;2014-08-11 09:54;16106;8348;0.5183;0.00192
168;30;1170;31;31;0;2020-01-29 19:48;2020-02-11 10:33;15802;8079;0.5113;0.00196
169;30;1770;31;31;0;2020-01-29 20:52;2020-02-17 11:54;12248;6369;0.5200;0.00253
170;1230;1260;31;31;0;2017-06-20 17:12;2017-07-03 09:58;15360;7959;0.5182;0.00202
171;30;8880;31;31;0;2021-08-23 09:33;2021-10-11 14:42;5051;2518;0.4985;0.00614
172;90;630;31;31;0;2020-01-29 16:24;2020-02-11 02:34;14122;7150;0.5063;0.00220
173;120;270;31;31;0;2020-01-29 15:54;2020-02-05 23:04;24364;12201;0.5008;0.00127
174;180;240;31;31;0;2024-07-09 11:12;2024-07-12 08:27;31500;15743;0.4998;0.00098
175;30;1830;31;31;0;2024-08-09 02:51;2024-08-16 09:57;12038;6280;0.5217;0.00258
176;660;690;31;31;0;2020-02-03 07:20;2020-02-11 04:38;22222;11342;0.5104;0.00140
177;30;6720;30;30;0;2024-07-26 16:29;2024-08-28 08:27;5781;2884;0.4989;0.00519
178;60;450;30;30;0;2019-02-01 16:34;2019-02-11 07:58;20366;10187;0.5002;0.00147
179;210;360;30;30;0;2019-02-01 17:07;2019-02-11 09:36;18228;9068;0.4975;0.00165
180;30;9120;30;30;0;2021-08-23 09:32;2021-10-13 14:28;4973;2534;0.5096;0.00603
181;90;210;30;30;0;2024-07-09 15:19;2024-07-12 08:13;31494;15677;0.4978;0.00095
182;90;8640;30;30;0;2021-08-17 13:36;2021-10-13 14:39;3027;1524;0.5035;0.00991
183;60;990;30;30;0;2020-01-29 07:20;2020-02-11 09:44;12633;6438;0.5096;0.00237
184;1950;1980;30;30;0;2024-10-08 04:31;2024-10-20 22:05;11514;5808;0.5044;0.00261
185;2820;2850;30;30;0;2019-12-20 16:46;2020-01-08 08:52;9188;4660;0.5072;0.00327
186;30;2700;30;30;0;2019-03-01 16:50;2019-03-20 09:47;9884;5043;0.5102;0.00304
187;60;4320;30;30;0;2023-11-13 16:32;2023-12-18 15:40;5353;2720;0.5081;0.00560
188;210;390;30;30;0;2019-02-01 17:05;2019-02-11 09:26;16662;8429;0.5059;0.00180
189;30;2850;30;30;0;2014-07-21 07:51;2014-08-06 20:50;9641;4937;0.5121;0.00311
190;330;570;30;30;0;2020-01-29 19:01;2020-02-13 13:59;11304;5699;0.5042;0.00265
191;30;5040;30;30;0;2026-04-07 06:54;2026-04-21 01:58;6683;3392;0.5076;0.00449
192;750;780;30;30;0;2019-10-15 20:09;2019-10-18 10:31;20674;10620;0.5137;0.00145
193;30;2790;30;30;0;2019-03-01 16:54;2019-03-20 09:48;9764;4939;0.5058;0.00307
194;90;390;30;30;0;2019-02-01 16:59;2019-02-11 08:17;19179;9617;0.5014;0.00156
195;2370;2400;30;30;0;2024-09-30 17:33;2024-10-09 13:56;10152;5130;0.5053;0.00296
196;150;360;30;30;0;2019-02-01 17:51;2019-02-11 14:10;18330;9261;0.5052;0.00164
197;570;600;30;30;0;2014-02-14 16:58;2014-02-19 01:41;23656;11826;0.4999;0.00127
198;120;330;30;30;0;2019-02-01 17:23;2019-02-11 13:41;20348;10209;0.5017;0.00147
199;30;1140;30;30;0;2023-11-28 06:53;2023-12-05 09:14;15978;8150;0.5101;0.00188
200;180;390;30;30;0;2019-02-01 18:25;2019-02-11 09:03;16690;8396;0.5031;0.00180
201;1110;1170;30;30;0;2013-08-27 07:49;2013-09-04 16:07;11560;5934;0.5133;0.00260
202;1890;1920;30;30;0;2024-10-08 03:28;2024-10-18 20:49;11928;6015;0.5043;0.00252
203;60;5040;30;30;0;2024-08-09 16:32;2024-09-18 21:05;4865;2528;0.5196;0.00617
204;330;690;30;30;0;2020-01-29 19:21;2020-02-14 20:13;9334;4689;0.5024;0.00321
205;2520;2550;30;30;0;2016-08-02 15:33;2016-08-22 08:55;10012;5101;0.5095;0.00300
206;420;480;30;30;0;2019-08-26 02:33;2019-09-02 16:56;19874;9982;0.5023;0.00151
207;60;300;30;30;0;2020-01-29 15:23;2020-02-06 01:09;26586;13264;0.4989;0.00113
208;60;1320;30;30;0;2020-01-29 21:11;2020-02-14 09:39;10606;5443;0.5132;0.00283
209;1020;1110;29;29;0;2020-02-03 10:46;2020-02-17 20:25;9868;5090;0.5158;0.00294
210;1530;1560;29;29;0;2020-02-12 12:50;2020-02-19 17:09;13586;6934;0.5104;0.00213
211;1620;1650;29;29;0;2016-09-29 15:32;2016-10-10 21:31;12974;6651;0.5126;0.00224
212;30;3120;29;29;0;2025-10-29 17:54;2025-11-21 09:20;9069;4578;0.5048;0.00320
213;150;750;29;29;0;2024-08-08 20:46;2024-08-20 12:16;10455;5304;0.5073;0.00277
214;2670;2700;29;29;0;2019-12-20 16:47;2020-01-08 06:25;9740;4824;0.4953;0.00298
215;900;930;29;29;0;2017-12-27 08:41;2018-01-04 10:25;18573;9654;0.5198;0.00156
216;1170;1200;29;29;0;2019-07-14 22:05;2019-07-22 22:47;15806;8196;0.5185;0.00183
217;690;720;29;29;0;2020-02-03 07:46;2020-02-10 13:59;21718;11063;0.5094;0.00134
218;180;360;29;29;0;2019-02-01 18:28;2019-02-11 14:01;18042;9098;0.5043;0.00161
219;30;1950;29;29;0;2024-08-09 02:52;2024-08-15 12:22;11600;6022;0.5191;0.00250
220;60;1350;29;29;0;2023-11-21 13:21;2023-12-05 11:07;10454;5331;0.5099;0.00277
221;2280;2310;29;29;0;2016-10-03 00:29;2016-10-14 09:03;10520;5367;0.5102;0.00276
222;30;2760;29;29;0;2014-07-21 07:53;2014-08-05 07:44;9820;4975;0.5066;0.00295
223;720;750;29;29;0;2020-02-03 08:13;2020-02-10 14:16;21198;10860;0.5123;0.00137
224;2610;2640;29;29;0;2024-09-30 11:00;2024-10-28 12:58;9832;4895;0.4979;0.00295
225;180;330;29;29;0;2019-02-01 18:29;2019-02-11 13:49;19764;9999;0.5059;0.00147
226;30;1920;29;29;0;2024-08-09 02:52;2024-08-16 10:06;11698;6078;0.5196;0.00248
227;30;2610;29;29;0;2014-07-21 07:54;2014-08-05 07:32;10074;5086;0.5049;0.00288
228;60;2100;29;29;0;2014-07-21 08:17;2014-08-05 06:44;8002;4200;0.5249;0.00362
229;90;420;29;29;0;2020-01-31 08:39;2020-02-11 02:00;18310;9268;0.5062;0.00158
230;150;480;29;29;0;2020-01-29 16:41;2020-02-11 10:37;14308;7271;0.5082;0.00203
231;2340;2370;29;29;0;2014-07-21 07:09;2014-07-25 14:39;10316;5199;0.5040;0.00281
232;60;840;29;29;0;2020-01-29 19:22;2020-02-11 09:40;13819;7006;0.5070;0.00210
233;60;1170;29;29;0;2023-11-21 13:27;2023-12-04 10:02;11368;5812;0.5113;0.00255
234;2400;2430;29;29;0;2014-07-21 08:10;2014-07-25 15:54;10106;5191;0.5137;0.00287
235;30;1890;29;29;0;2024-08-09 02:52;2024-08-16 10:01;11772;6102;0.5183;0.00246
236;30;2640;29;29;0;2014-07-21 07:54;2014-08-05 07:35;10030;5059;0.5044;0.00289
237;90;570;29;29;0;2020-01-29 16:06;2020-02-11 02:12;15038;7590;0.5047;0.00193
238;2370;2430;29;29;0;2020-01-30 23:46;2020-02-24 07:56;7234;3711;0.5130;0.00401
239;960;990;28;28;0;2020-02-12 08:22;2020-02-18 08:56;17761;9237;0.5201;0.00158
240;30;4080;28;28;0;2023-11-30 06:10;2023-12-18 08:29;7651;3890;0.5084;0.00366
241;150;390;28;28;0;2019-02-01 17:54;2019-02-11 08:50;16988;8555;0.5036;0.00165
242;480;510;28;28;0;2016-09-29 16:20;2016-10-04 01:04;26058;13106;0.5030;0.00107
243;1710;1740;28;28;0;2014-05-02 00:13;2014-05-14 20:58;12488;6241;0.4998;0.00224
244;60;4080;28;28;0;2023-11-17 10:20;2023-12-18 08:53;5585;2852;0.5107;0.00501
245;30;2730;28;28;0;2019-03-01 16:50;2019-03-20 09:47;9892;5020;0.5075;0.00283
246;60;1020;28;28;0;2020-01-29 07:21;2020-02-11 09:47;12413;6273;0.5054;0.00226
247;60;480;28;28;0;2019-02-01 16:31;2019-02-11 07:57;19598;9814;0.5008;0.00143
248;2430;2520;28;28;0;2020-01-31 00:28;2020-02-24 09:00;5886;3020;0.5131;0.00476
249;60;240;28;28;0;2014-04-04 18:44;2014-04-10 07:31;30972;15567;0.5026;0.00090
250;60;720;28;28;0;2020-01-29 18:10;2020-02-07 06:52;15241;7681;0.5040;0.00184
251;60;1380;28;28;0;2020-01-29 07:20;2020-02-14 09:50;10320;5218;0.5056;0.00271
252;1470;1500;28;28;0;2026-01-02 18:13;2026-01-15 07:16;13758;7008;0.5094;0.00204
253;90;270;28;28;0;2019-02-01 16:59;2019-02-07 08:00;25472;12649;0.4966;0.00110
254;360;420;28;28;0;2019-02-01 17:43;2019-02-08 06:40;21764;10900;0.5008;0.00129
255;30;2820;28;28;0;2014-07-21 07:52;2014-08-06 20:46;9720;4965;0.5108;0.00288
256;1680;1710;28;28;0;2020-02-12 07:43;2020-02-18 06:39;12636;6404;0.5068;0.00222
257;2310;2340;28;28;0;2015-05-14 00:38;2015-05-22 20:44;10372;5230;0.5042;0.00270
258;90;240;28;28;0;2019-02-01 16:59;2019-02-07 07:59;28004;13933;0.4975;0.00100
259;180;420;28;28;0;2019-02-01 16:39;2019-02-11 08:50;15448;7730;0.5004;0.00181
260;30;6000;28;28;0;2024-06-28 11:33;2024-07-28 21:24;6121;3032;0.4953;0.00457
261;1020;1050;28;28;0;2024-07-16 19:39;2024-07-23 10:31;17251;8978;0.5204;0.00162
262;30;4320;28;28;0;2023-11-21 19:31;2023-12-18 10:39;7423;3804;0.5125;0.00377
263;120;480;27;27;0;2020-01-29 16:15;2020-02-11 10:22;15268;7719;0.5056;0.00177
264;780;810;27;27;0;2024-12-24 03:32;2024-12-27 07:28;20171;10371;0.5142;0.00134
265;120;600;27;27;0;2020-01-29 16:39;2020-02-11 10:23;13126;6614;0.5039;0.00206
266;150;660;27;27;0;2020-01-29 17:21;2020-02-11 10:36;11422;5763;0.5046;0.00236
267;600;630;27;27;0;2024-03-31 23:02;2024-04-04 22:42;23176;11739;0.5065;0.00116
268;90;480;27;27;0;2020-01-29 15:49;2020-02-11 02:03;16756;8488;0.5066;0.00161
269;150;690;27;27;0;2020-01-29 17:32;2020-02-11 10:37;10943;5478;0.5006;0.00247
270;1410;1440;27;27;0;2013-08-25 23:29;2013-08-28 07:47;14124;7270;0.5147;0.00191
271;60;870;27;27;0;2020-01-29 19:28;2020-02-11 09:41;13521;6814;0.5040;0.00200
272;90;660;27;27;0;2020-01-29 16:31;2020-02-11 02:46;13651;6899;0.5054;0.00198
273;210;6480;27;27;0;2024-06-28 01:03;2024-09-25 17:43;2423;1208;0.4986;0.01114
274;30;1470;27;27;0;2024-08-09 02:46;2024-08-16 09:33;13835;7003;0.5062;0.00195
275;90;810;27;27;0;2020-01-29 19:08;2020-02-11 09:59;11973;6059;0.5061;0.00226
276;60;900;27;27;0;2020-01-29 19:32;2020-02-11 09:42;13241;6696;0.5057;0.00204
277;90;540;27;27;0;2020-01-29 15:56;2020-02-11 02:12;15578;7903;0.5073;0.00173
278;1980;2070;27;27;0;2014-07-21 05:11;2014-08-07 04:48;6586;3284;0.4986;0.00410
279;90;690;27;27;0;2020-01-29 18:01;2020-02-11 03:16;13243;6718;0.5073;0.00204
280;240;390;27;27;0;2019-08-23 10:21;2019-09-02 07:06;16962;8537;0.5033;0.00159
281;90;510;27;27;0;2020-01-29 15:51;2020-02-11 02:07;16138;8191;0.5076;0.00167
282;1470;1530;27;27;0;2020-01-29 13:57;2020-02-19 15:32;9772;4950;0.5065;0.00276
283;30;7920;27;27;0;2024-06-28 12:49;2024-08-12 14:01;5205;2554;0.4907;0.00519
284;240;330;27;27;0;2019-02-01 17:05;2019-02-08 04:50;22106;11108;0.5025;0.00122
285;600;690;27;27;0;2020-01-29 07:56;2020-02-10 13:08;13526;6899;0.5101;0.00200
286;930;960;27;27;0;2023-03-20 10:24;2023-03-23 18:20;18223;9535;0.5232;0.00148
287;1200;1230;27;27;0;2019-07-14 22:44;2019-07-22 23:17;15616;8031;0.5143;0.00173
288;1590;1620;27;27;0;2021-05-11 11:33;2021-05-26 10:13;13176;6726;0.5105;0.00205
289;60;2400;27;27;0;2014-07-21 08:18;2014-08-05 06:35;7578;3883;0.5124;0.00356
290;90;600;27;27;0;2020-01-29 16:14;2020-02-11 02:24;14558;7358;0.5054;0.00185
291;1650;1680;27;27;0;2020-02-12 08:08;2020-02-19 18:24;12774;6457;0.5055;0.00211
292;2220;2250;27;27;0;2016-10-02 23:32;2016-10-14 04:02;10606;5336;0.5031;0.00255
293;150;510;27;27;0;2020-01-29 16:45;2020-02-11 10:39;13692;6979;0.5097;0.00197
294;330;450;27;27;0;2019-08-26 01:40;2019-09-02 17:10;16026;8052;0.5024;0.00168
295;810;840;27;27;0;2023-04-10 09:42;2023-04-19 02:46;19585;10112;0.5163;0.00138
296;90;720;27;27;0;2020-01-29 18:12;2020-02-11 03:34;12931;6584;0.5092;0.00209
297;480;600;27;27;0;2014-02-11 10:51;2014-02-19 09:10;13126;6578;0.5011;0.00206
298;2190;2220;27;27;0;2016-10-02 23:03;2016-10-14 03:32;10710;5421;0.5062;0.00252
299;2790;2820;27;27;0;2019-12-20 17:42;2020-01-08 08:23;9410;4741;0.5038;0.00287
300;90;2880;27;27;0;2025-10-29 15:55;2025-11-21 05:24;5697;2860;0.5020;0.00474
301;480;570;26;26;0;2014-02-12 09:33;2014-02-19 08:57;15140;7668;0.5065;0.00172
302;120;6480;26;26;0;2024-06-28 01:18;2024-08-13 11:24;3131;1557;0.4973;0.00830
303;300;390;26;26;0;2014-06-26 18:45;2014-07-03 12:28;19604;9752;0.4974;0.00133
304;2610;2670;26;26;0;2024-09-30 11:19;2024-10-30 14:21;6990;3551;0.5080;0.00372
305;60;1080;26;26;0;2020-01-29 07:24;2020-02-11 10:04;11883;6043;0.5085;0.00219
306;120;390;26;26;0;2019-02-01 17:25;2019-02-11 08:31;17851;8961;0.5020;0.00146
307;60;1410;26;26;0;2020-01-29 07:19;2020-02-14 09:54;10178;5192;0.5101;0.00255
308;1380;1440;26;26;0;2020-01-29 12:23;2020-02-19 14:51;10116;5257;0.5197;0.00257
309;1860;1920;26;26;0;2020-01-29 20:35;2020-02-18 09:30;8416;4227;0.5023;0.00309
310;1170;1230;26;26;0;2013-08-30 10:12;2013-09-10 12:08;11254;5803;0.5156;0.00231
311;60;510;26;26;0;2019-02-01 16:28;2019-02-11 07:58;18810;9484;0.5042;0.00138
312;30;2880;26;26;0;2014-07-21 07:51;2014-08-06 20:55;9575;4892;0.5109;0.00272
313;1800;1830;26;26;0;2024-10-08 01:56;2024-10-18 19:20;12096;6175;0.5105;0.00215
314;30;8160;26;26;0;2021-08-13 11:32;2021-10-11 14:49;5205;2474;0.4753;0.00500
315;30;12720;26;26;0;2021-08-05 12:48;2021-08-25 13:07;3956;2088;0.5278;0.00657
316;150;240;26;26;0;2014-07-31 09:44;2014-08-05 07:52;28270;14161;0.5009;0.00092
317;870;900;26;26;0;2020-02-13 12:48;2020-02-18 07:27;18957;9888;0.5216;0.00137
318;840;870;26;26;0;2020-02-13 10:01;2020-02-18 06:57;19292;9968;0.5167;0.00135
319;960;1050;26;26;0;2020-02-10 10:06;2020-02-18 00:13;10293;5382;0.5229;0.00253
320;1350;1410;26;26;0;2020-02-04 13:53;2020-02-18 01:28;10394;5408;0.5203;0.00250
321;210;420;26;26;0;2019-02-01 16:35;2019-02-11 05:21;15316;7654;0.4997;0.00170
322;30;3600;26;26;0;2014-07-21 07:51;2014-08-07 05:47;8359;4183;0.5004;0.00311
323;1650;1710;26;26;0;2020-11-23 12:59;2020-12-07 07:42;9094;4566;0.5021;0.00286
324;240;360;26;26;0;2024-07-09 08:17;2024-07-12 06:18;19082;9601;0.5031;0.00136
325;240;6480;26;26;0;2024-06-28 16:23;2024-09-25 18:04;2293;1165;0.5081;0.01134
326;1500;1530;26;26;0;2014-07-24 08:56;2014-08-05 07:31;13674;7001;0.5120;0.00190
327;2280;2340;26;26;0;2024-09-30 16:59;2024-10-13 23:07;7380;3759;0.5093;0.00352
328;60;1290;25;25;0;2023-11-21 13:24;2023-12-04 10:04;10786;5524;0.5121;0.00232
329;150;600;25;25;0;2020-01-29 16:58;2020-02-11 02:57;12188;6131;0.5030;0.00205
330;660;870;25;25;0;2020-10-23 11:45;2020-11-10 05:36;8559;4396;0.5136;0.00292
331;2490;2550;25;25;0;2016-08-02 15:13;2016-08-23 17:22;7134;3648;0.5114;0.00350
332;180;510;25;25;0;2020-01-29 17:04;2020-02-11 03:13;13054;6624;0.5074;0.00192
333;690;750;25;25;0;2019-10-15 21:26;2019-10-18 10:56;15358;7896;0.5141;0.00163
334;120;2070;25;25;0;2014-07-21 09:16;2014-08-05 06:47;5942;3098;0.5214;0.00421
335;60;2460;25;25;0;2014-07-21 08:19;2014-08-07 13:51;7388;3765;0.5096;0.00338
336;90;330;25;25;0;2019-08-27 07:15;2019-09-02 16:15;21792;11001;0.5048;0.00115
337;2640;2670;25;25;0;2019-12-20 16:21;2020-01-08 05:55;9754;4892;0.5015;0.00256
338;1080;1140;25;25;0;2013-08-27 07:19;2013-09-04 02:54;11704;6052;0.5171;0.00214
339;1530;1650;25;25;0;2026-01-02 16:57;2026-01-15 08:40;6804;3445;0.5063;0.00367
340;390;480;25;25;0;2019-08-26 02:21;2019-09-02 04:57;16844;8423;0.5001;0.00148
341;60;8400;25;25;0;2021-08-17 13:21;2021-10-11 07:37;3707;1836;0.4953;0.00674
342;540;630;25;25;0;2021-09-24 00:49;2021-09-29 07:25;14184;7179;0.5061;0.00176
343;1950;2070;25;25;0;2014-07-21 04:31;2014-08-07 04:17;5736;2869;0.5002;0.00436
344;30;6240;25;25;0;2020-01-14 13:10;2020-02-05 00:57;5959;2958;0.4964;0.00420
345;60;2340;25;25;0;2014-07-21 08:18;2014-08-05 06:29;7670;3982;0.5192;0.00326
346;60;2190;25;25;0;2014-07-21 08:17;2014-08-05 06:41;7832;4097;0.5231;0.00319
347;120;570;25;25;0;2020-01-29 16:29;2020-02-11 10:25;13544;6880;0.5080;0.00185
348;1260;1290;25;25;0;2024-07-16 22:32;2024-07-22 12:43;15138;7793;0.5148;0.00165
349;60;2430;25;25;0;2014-07-21 08:19;2014-08-07 13:51;7500;3857;0.5143;0.00333
350;120;510;25;25;0;2019-02-01 18:46;2019-02-11 08:23;14584;7386;0.5064;0.00171
351;1290;1350;25;25;0;2020-02-03 14:37;2020-02-18 00:33;10610;5460;0.5146;0.00236
352;90;2190;25;25;0;2014-07-21 08:49;2014-08-05 06:32;6566;3403;0.5183;0.00381
353;120;840;25;25;0;2020-01-29 19:27;2020-02-11 10:23;10441;5314;0.5090;0.00239
354;120;360;25;25;0;2019-08-27 07:26;2019-09-02 16:27;18997;9553;0.5029;0.00132
355;60;1200;25;25;0;2023-11-17 10:13;2023-12-04 10:01;11196;5699;0.5090;0.00223
356;150;900;25;25;0;2020-01-29 19:48;2020-02-11 10:41;9191;4640;0.5048;0.00272
357;930;990;25;25;0;2024-07-16 18:36;2024-07-22 08:40;12867;6752;0.5248;0.00194
358;1770;1860;25;25;0;2014-07-18 13:16;2014-08-07 00:38;7082;3568;0.5038;0.00353
359;2160;2190;25;25;0;2016-08-09 01:37;2016-08-18 04:30;10778;5458;0.5064;0.00232
360;30;9840;25;25;0;2019-11-05 06:16;2019-12-11 13:41;4698;2368;0.5040;0.00532
361;180;480;25;25;0;2020-01-29 17:00;2020-02-11 03:06;13684;6911;0.5050;0.00183
362;1800;1920;25;25;0;2014-07-18 13:43;2014-08-07 01:18;6068;3086;0.5086;0.00412
363;60;330;25;25;0;2020-01-29 15:24;2020-02-05 23:22;25054;12528;0.5000;0.00100
364;90;300;25;25;0;2024-07-09 11:25;2024-07-14 21:09;23480;11670;0.4970;0.00106
365;60;2160;25;25;0;2014-07-21 08:17;2014-08-05 06:42;7910;4119;0.5207;0.00316
366;150;570;25;25;0;2020-01-29 16:52;2020-02-11 10:43;12628;6418;0.5082;0.00198
367;630;690;25;25;0;2020-02-03 07:09;2020-02-10 13:30;16044;8269;0.5154;0.00156
368;2370;2460;25;25;0;2020-01-30 23:48;2020-02-24 08:02;5928;3056;0.5155;0.00422
369;60;1230;25;25;0;2023-11-17 10:17;2023-12-04 10:01;11036;5664;0.5132;0.00227
370;150;540;25;25;0;2020-01-29 16:48;2020-02-11 10:43;13132;6643;0.5059;0.00190
371;300;960;25;25;0;2020-01-29 07:21;2020-02-17 15:34;7203;3620;0.5026;0.00347
372;570;660;25;25;0;2021-09-24 01:19;2021-09-29 07:29;13784;7019;0.5092;0.00181
373;60;2550;25;25;0;2014-07-21 08:17;2014-08-05 06:49;7288;3696;0.5071;0.00343
374;60;2220;25;25;0;2014-07-21 08:17;2014-08-05 06:40;7876;4089;0.5192;0.00317
375;120;300;25;25;0;2024-07-09 11:25;2024-07-12 08:25;22054;11044;0.5008;0.00113
376;240;450;24;24;0;2019-08-23 14:44;2019-09-02 06:59;14282;7104;0.4974;0.00168
377;210;450;24;24;0;2019-08-23 14:27;2019-09-02 06:47;14334;7184;0.5012;0.00167
378;390;510;24;24;0;2019-08-26 02:39;2019-09-02 17:14;14646;7273;0.4966;0.00164
379;2550;2580;24;24;0;2016-08-02 16:01;2016-08-18 06:07;9988;5009;0.5015;0.00240
380;30;11040;24;24;0;2014-07-15 11:23;2014-08-05 07:38;4390;2237;0.5096;0.00547
381;1140;1290;24;24;0;2020-01-28 12:26;2020-02-17 23:07;7364;3740;0.5079;0.00326
382;1740;1830;24;24;0;2014-07-21 04:58;2014-08-05 09:07;7152;3575;0.4999;0.00336
383;30;12240;24;24;0;2025-12-09 17:44;2025-12-22 07:48;4094;2129;0.5200;0.00586
384;480;540;24;24;0;2016-09-29 16:39;2016-10-04 01:12;18580;9356;0.5036;0.00129
385;2520;2580;24;24;0;2024-09-30 09:48;2024-10-21 07:40;7124;3609;0.5066;0.00337
386;30;5760;24;24;0;2024-06-28 11:34;2024-07-26 11:57;6239;3160;0.5065;0.00385
387;30;10320;24;24;0;2014-07-15 11:23;2014-08-05 07:49;4579;2301;0.5025;0.00524
388;660;720;24;24;0;2020-02-03 07:36;2020-02-11 10:55;15608;7997;0.5124;0.00154
389;2130;2160;24;24;0;2016-08-09 05:07;2016-08-18 04:03;10798;5421;0.5020;0.00222
390;60;8880;24;24;0;2021-08-17 13:20;2021-10-13 14:21;3591;1830;0.5096;0.00668
391;600;660;24;24;0;2019-02-01 20:37;2019-02-11 08:21;16366;8396;0.5130;0.00147
392;840;930;24;24;0;2025-09-14 23:30;2025-09-29 17:51;11211;5781;0.5157;0.00214
393;2340;2550;24;24;0;2024-08-28 04:18;2024-09-18 23:06;4012;2043;0.5092;0.00598
394;30;10080;24;24;0;2014-07-15 11:23;2014-08-05 07:51;4641;2344;0.5051;0.00517
395;90;1290;24;24;0;2020-01-29 07:26;2020-02-11 11:17;8924;4525;0.5071;0.00269
396;240;4320;24;24;0;2023-11-13 12:52;2023-12-21 11:23;2913;1489;0.5112;0.00824
397;1140;1230;24;24;0;2016-03-21 05:22;2016-03-31 10:05;9358;4815;0.5145;0.00256
398;60;1800;24;24;0;2026-07-14 09:10;2026-07-21 11:45;8698;4454;0.5121;0.00276
399;240;420;24;24;0;2019-02-01 16:23;2019-02-08 05:58;15522;7764;0.5002;0.00155
400;390;3600;24;24;0;2024-06-28 04:53;2024-08-12 10:19;2611;1318;0.5048;0.00919
401;1740;1770;24;24;0;2016-09-29 14:54;2016-10-10 23:14;12332;6239;0.5059;0.00195
402;30;12000;24;24;0;2025-12-09 17:42;2025-12-22 07:54;4112;2118;0.5151;0.00584
403;60;2370;24;24;0;2020-02-20 16:45;2020-03-15 23:52;7640;3945;0.5164;0.00314
404;90;450;24;24;0;2019-02-01 16:56;2019-02-11 08:14;17388;8795;0.5058;0.00138
405;60;540;24;24;0;2019-02-01 16:24;2019-02-11 08:00;18234;9193;0.5042;0.00132
406;60;1050;24;24;0;2020-01-29 07:22;2020-02-11 09:54;12141;6178;0.5089;0.00198
407;30;3840;24;24;0;2014-07-21 07:50;2014-08-07 13:09;7881;3958;0.5022;0.00305
408;210;4320;24;24;0;2023-11-13 12:49;2023-12-21 11:25;3049;1579;0.5179;0.00787
409;1110;1260;24;24;0;2016-01-21 20:42;2016-02-16 18:33;7404;3788;0.5116;0.00324
410;2100;2130;24;24;0;2016-08-09 10:08;2016-08-18 03:36;11028;5481;0.4970;0.00218
411;120;1740;24;24;0;2026-02-11 13:22;2026-02-20 14:59;6546;3401;0.5196;0.00367
412;1530;1590;24;24;0;2026-01-02 07:17;2026-01-15 08:27;9524;4873;0.5117;0.00252
413;2250;2280;24;24;0;2016-08-04 02:19;2016-08-18 02:55;10512;5415;0.5151;0.00228
414;2700;2730;24;24;0;2024-03-21 02:39;2024-04-07 23:57;9626;4837;0.5025;0.00249
415;90;1170;24;24;0;2020-01-29 07:32;2020-02-11 10:40;9468;4790;0.5059;0.00253
416;1380;1830;24;24;0;2024-08-27 18:24;2024-09-27 18:33;3772;1939;0.5141;0.00636
417;30;7200;24;24;0;2021-09-15 08:10;2021-10-11 15:05;5611;2744;0.4890;0.00428
418;300;630;24;24;0;2020-01-29 18:49;2020-02-13 13:48;10202;5153;0.5051;0.00235
419;1290;1320;24;24;0;2024-06-06 23:13;2024-06-24 05:26;15020;7760;0.5166;0.00160
420;1950;2010;24;24;0;2024-10-09 01:37;2024-10-20 22:16;8192;4121;0.5031;0.00293
421;150;420;24;24;0;2014-06-26 17:11;2014-07-03 11:02;15876;8023;0.5054;0.00151
422;150;300;24;24;0;2014-07-31 14:51;2014-08-05 07:55;21698;10895;0.5021;0.00111
423;2760;2790;24;24;0;2024-06-06 13:41;2024-06-13 03:28;9442;4700;0.4978;0.00254
424;90;990;24;24;0;2012-11-30 21:40;2012-12-14 01:47;10595;5444;0.5138;0.00227
425;240;600;24;24;0;2020-01-31 10:59;2020-02-13 13:07;10894;5487;0.5037;0.00220
426;570;750;24;24;0;2020-01-29 08:03;2020-02-13 08:04;9886;5065;0.5123;0.00243
427;90;750;23;23;0;2020-01-29 18:37;2020-02-11 03:53;12597;6379;0.5064;0.00183
428;300;870;23;23;0;2020-01-31 03:27;2020-02-18 08:40;7751;3903;0.5035;0.00297
429;420;510;23;23;0;2019-08-26 02:51;2019-09-02 05:19;16188;8119;0.5015;0.00142
430;1650;1770;23;23;0;2014-07-21 03:47;2014-08-06 22:03;6448;3229;0.5008;0.00357
431;90;6720;23;23;0;2024-06-28 11:53;2024-08-28 05:53;3409;1643;0.4820;0.00675
432;1020;1320;23;23;0;2020-01-28 12:14;2020-02-19 16:05;5624;2892;0.5142;0.00409
433;1500;1560;23;23;0;2020-01-29 14:29;2020-02-19 16:03;9598;4865;0.5069;0.00240
434;1530;1620;23;23;0;2026-01-02 16:43;2026-01-15 08:36;7826;4036;0.5157;0.00294
435;2460;2490;23;23;0;2020-02-04 10:04;2020-02-18 06:43;10086;5187;0.5143;0.00228
436;90;930;23;23;0;2020-01-29 19:45;2020-02-11 10:09;10897;5613;0.5151;0.00211
437;480;810;23;23;0;2020-01-29 07:45;2020-02-13 15:13;8098;4031;0.4978;0.00284
438;60;2280;23;23;0;2014-07-21 08:17;2014-08-05 06:35;7780;4040;0.5193;0.00296
439;180;660;23;23;0;2020-01-29 17:40;2020-02-11 10:31;10796;5472;0.5069;0.00213
440;450;510;23;23;0;2019-02-01 19:05;2019-02-08 06:31;19214;9663;0.5029;0.00120
441;2040;2100;23;23;0;2014-07-21 03:55;2014-07-29 02:19;7812;3866;0.4949;0.00294
442;2850;2880;23;23;0;2019-12-20 17:18;2020-01-07 05:20;9156;4630;0.5057;0.00251
443;60;2490;23;23;0;2014-07-21 08:18;2014-08-05 06:44;7380;3748;0.5079;0.00312
444;120;690;23;23;0;2020-01-29 18:05;2020-02-11 03:18;11897;5942;0.4995;0.00193
445;1320;1380;23;23;0;2026-01-06 17:01;2026-01-15 05:15;10422;5338;0.5122;0.00221
446;1770;1890;23;23;0;2014-07-18 13:18;2014-08-04 21:50;6166;3138;0.5089;0.00373
447;120;810;23;23;0;2020-01-29 19:20;2020-02-11 10:22;10719;5461;0.5095;0.00215
448;150;720;23;23;0;2020-01-29 18:32;2020-02-11 03:44;10725;5369;0.5006;0.00214
449;210;480;23;23;0;2019-08-23 14:29;2019-09-02 17:12;13340;6697;0.5020;0.00172
450;300;450;23;23;0;2016-10-03 07:54;2016-10-12 00:16;15096;7485;0.4958;0.00152
451;1470;1590;23;23;0;2021-05-05 13:23;2021-05-26 09:16;6974;3565;0.5112;0.00330
452;60;2250;23;23;0;2014-07-21 08:17;2014-08-05 06:37;7872;4102;0.5211;0.00292
453;510;810;23;23;0;2020-01-29 07:56;2020-02-13 15:17;8182;4109;0.5022;0.00281
454;60;1500;23;23;0;2014-02-11 15:43;2014-02-21 14:39;9751;4971;0.5098;0.00236
455;960;1080;23;23;0;2020-02-03 10:39;2020-02-17 20:01;8990;4714;0.5244;0.00256
456;1350;1830;23;23;0;2024-08-27 18:11;2024-09-30 06:27;3730;1880;0.5040;0.00617
457;1620;1680;23;23;0;2016-09-29 15:46;2016-10-10 21:46;9200;4666;0.5072;0.00250
458;2370;2490;23;23;0;2020-01-23 18:27;2020-02-21 18:58;5194;2640;0.5083;0.00443
459;150;450;23;23;0;2019-02-01 16:23;2019-02-11 08:32;15006;7554;0.5034;0.00153
460;180;570;23;23;0;2020-01-29 17:15;2020-02-11 03:18;12008;6058;0.5045;0.00192
461;360;480;23;23;0;2019-08-26 02:09;2019-09-02 04:25;15298;7664;0.5010;0.00150
462;1440;2220;23;23;0;2014-07-22 04:59;2014-08-18 19:33;2856;1452;0.5084;0.00805
463;1920;2070;23;23;0;2014-07-21 04:13;2014-08-07 03:52;5170;2630;0.5087;0.00445
464;1440;2190;23;23;0;2014-07-22 04:46;2014-08-18 19:22;2898;1484;0.5121;0.00794
465;1680;1770;23;23;0;2014-07-21 04:10;2014-08-07 05:53;7292;3699;0.5073;0.00315
466;1710;1830;23;23;0;2014-07-21 04:42;2014-08-06 22:56;6244;3167;0.5072;0.00368
467;1560;1620;23;23;0;2024-09-03 10:29;2024-09-17 22:24;9432;4822;0.5112;0.00244
468;180;2310;23;23;0;2014-07-21 09:59;2014-08-14 01:36;4656;2390;0.5133;0.00494
469;720;780;23;23;0;2017-06-26 17:00;2017-07-04 03:44;14922;7701;0.5161;0.00154
470;1020;1080;23;23;0;2024-07-16 19:50;2024-07-22 10:05;12108;6323;0.5222;0.00190
471;1140;1740;23;23;0;2024-09-03 10:11;2024-10-09 00:54;3757;1895;0.5044;0.00612
472;60;1980;23;23;0;2014-07-21 08:18;2014-08-05 06:47;8260;4261;0.5159;0.00278
473;120;780;23;23;0;2020-01-29 19:09;2020-02-11 10:22;11001;5585;0.5077;0.00209
474;2670;2730;23;23;0;2025-12-09 15:26;2025-12-17 09:22;6948;3483;0.5013;0.00331
475;60;1140;23;23;0;2014-02-11 14:19;2014-02-20 07:57;11518;5892;0.5115;0.00200
476;60;1650;23;23;0;2021-08-30 13:57;2021-09-07 11:50;9349;4767;0.5099;0.00246
477;90;4320;23;23;0;2023-11-13 12:18;2023-12-18 11:09;4483;2258;0.5037;0.00513
478;1770;1800;23;23;0;2024-10-08 17:52;2024-10-15 23:45;12234;6147;0.5025;0.00188
479;2340;2400;23;23;0;2016-09-29 15:31;2016-10-14 06:18;7340;3696;0.5035;0.00313
480;180;600;23;23;0;2020-01-29 17:20;2020-02-11 03:22;11512;5752;0.4997;0.00200
481;300;900;23;23;0;2020-01-31 03:34;2020-02-17 15:34;7533;3792;0.5034;0.00305
482;570;630;23;23;0;2019-02-01 20:11;2019-02-11 09:40;16918;8629;0.5100;0.00136
483;960;1110;23;23;0;2020-02-03 11:14;2020-02-17 20:24;8078;4194;0.5192;0.00285
484;180;540;23;23;0;2020-01-29 17:10;2020-02-11 03:14;12442;6275;0.5043;0.00185
485;180;7440;23;23;0;2024-06-28 01:15;2024-09-23 08:29;2341;1187;0.5070;0.00982
486;1050;1110;23;23;0;2013-08-29 08:50;2013-09-04 13:46;11930;6138;0.5145;0.00193
487;1980;2010;23;23;0;2014-05-02 04:35;2014-05-15 12:14;11460;5733;0.5003;0.00201
488;330;420;22;22;0;2019-02-01 17:18;2019-02-08 06:19;18580;9331;0.5022;0.00118
489;1140;2100;22;22;0;2024-08-27 18:54;2024-09-30 19:56;2912;1450;0.4979;0.00755
490;1830;1860;22;22;0;2026-01-02 20:45;2026-01-15 12:24;12036;6126;0.5090;0.00183
491;1140;2070;22;22;0;2024-08-27 18:43;2024-09-30 19:44;2974;1495;0.5027;0.00740
492;1680;1800;22;22;0;2014-07-21 04:15;2014-08-05 08:35;6372;3242;0.5088;0.00345
493;270;390;22;22;0;2026-05-11 08:31;2026-05-14 08:42;17968;8980;0.4998;0.00122
494;420;540;22;22;0;2014-02-12 12:46;2014-02-19 18:05;14074;7111;0.5053;0.00156
495;1050;2070;22;22;0;2024-08-27 18:27;2024-09-30 19:40;2952;1489;0.5044;0.00745
496;30;7440;22;22;0;2021-09-15 08:44;2021-10-11 14:58;5319;2586;0.4862;0.00414
497;60;6000;22;22;0;2024-06-28 11:36;2024-07-31 13:02;4365;2221;0.5088;0.00504
498;90;1260;22;22;0;2023-02-20 15:31;2023-02-28 05:29;9036;4607;0.5098;0.00243
499;120;990;22;22;0;2020-01-31 03:18;2020-02-11 10:30;9443;4796;0.5079;0.00233
500;420;600;22;22;0;2023-06-22 10:06;2023-06-28 12:30;11576;5856;0.5059;0.00190
