fitRank;avgPeriodMinutes;diffLevel1;diffLevel2;lossLimit;profLimit;orderStartDelta;fitPips;fitWorstLoss;testPips;testWorstLoss;testEntries;testWins;testLosses;testWinRate;testMaxLossRun;testCancelled;testDuplicates
1;1440;-50;0;100;70;50;4144.0;-333.5;669.3;-786.1;201;123;78;0.6119;5;531;19
2;4320;-50;20;60;90;10;4194.3;-371.2;-1451.4;-2492.7;402;153;249;0.3806;6;51;18
3;1440;-50;0;90;80;50;4276.7;-419.8;547.6;-931.8;232;127;105;0.5474;7;469;38
4;1440;-50;0;90;100;50;4279.2;-466.8;-1399.7;-1953.2;271;122;149;0.4502;8;366;56
5;1440;-50;0;80;80;50;4086.7;-414.7;395.5;-853.2;235;121;114;0.5149;8;469;35
6;4320;-40;20;60;90;10;4019.8;-399.8;-975.7;-2461.2;451;176;275;0.3902;8;59;51
7;4320;-50;20;60;100;10;4095.7;-452.6;-1400.0;-2761.3;400;143;257;0.3575;8;40;27
8;4320;-40;20;60;100;10;3852.6;-364.2;-1075.0;-2508.2;450;164;286;0.3644;10;46;60
9;4320;0;0;30;80;10;3980.8;-437.5;943.9;-1134.2;1123;322;801;0.2867;13;415;2135
10;4320;-50;20;50;90;10;3880.1;-388.9;-16.3;-1587.3;409;148;261;0.3619;8;51;11
11;1440;-20;40;40;50;10;3936.3;-447.1;905.6;-759.5;692;323;369;0.4668;8;142;23
12;1440;-20;20;100;80;30;3973.6;-467.0;2084.2;-1231.1;394;232;162;0.5888;3;497;214
13;4320;-40;0;40;100;10;3814.6;-389.1;-161.0;-1514.8;630;182;448;0.2889;9;63;104
14;4320;-20;20;40;60;10;3558.1;-273.3;354.4;-1124.9;608;251;357;0.4128;7;133;82
15;2880;-40;20;40;110;10;3975.6;-498.9;-1901.3;-2664.8;559;139;420;0.2487;13;57;37
16;4320;-50;30;70;80;10;3805.6;-417.5;330.8;-916.1;356;170;186;0.4775;5;43;16
17;4320;-40;20;40;90;10;3600.9;-343.8;629.8;-1907.9;486;157;329;0.3230;13;59;16
18;2880;-40;20;40;100;10;3770.7;-434.7;-2013.4;-2660.8;562;149;413;0.2651;13;68;31
19;4320;-50;20;60;110;10;3708.5;-412.6;-1487.9;-3129.2;397;133;264;0.3350;7;33;32
20;4320;-40;30;70;90;10;3776.0;-457.7;642.8;-1302.9;396;179;217;0.4520;6;38;44
21;1440;-30;40;40;50;10;3676.0;-408.7;863.7;-779.0;609;285;324;0.4680;8;128;11
22;1440;0;40;20;60;20;3579.5;-362.0;625.6;-698.3;592;161;431;0.2720;19;298;18
23;1440;-50;0;80;90;50;3734.8;-441.2;-636.9;-1563.7;267;123;144;0.4607;8;407;43
24;4320;-10;20;40;70;10;3657.5;-402.6;1738.0;-839.3;660;260;400;0.3939;9;146;260
25;1440;-20;40;30;60;20;3781.7;-471.0;1145.7;-630.3;549;200;349;0.3643;13;258;15
26;1440;-30;40;30;60;20;3543.2;-354.5;555.6;-722.9;492;174;318;0.3537;17;240;5
27;12960;-40;0;100;100;40;3239.1;-204.2;-1179.1;-1654.6;113;51;62;0.4513;7;182;40
28;4320;-40;30;70;80;10;3784.6;-477.7;811.4;-714.6;398;193;205;0.4849;5;47;35
29;1440;0;40;30;60;20;3824.2;-499.6;1192.4;-559.2;568;207;361;0.3644;12;298;42
30;4320;-10;20;40;60;10;3494.0;-336.1;905.4;-830.6;678;285;393;0.4204;7;174;228
31;4320;0;20;40;70;10;3753.2;-470.8;2131.8;-814.0;726;288;438;0.3967;9;200;525
32;4320;-50;30;60;80;10;3471.4;-331.9;1023.8;-739.2;366;166;200;0.4536;6;43;6
33;4320;-20;20;40;70;10;3516.7;-361.9;1609.3;-943.8;601;237;364;0.3943;9;112;104
34;1440;-30;40;30;70;20;3507.8;-358.7;-188.6;-1574.3;498;151;347;0.3032;19;195;16
35;4320;-50;20;40;90;10;3588.7;-400.3;708.1;-1459.0;417;136;281;0.3261;11;51;3
36;1440;-30;40;20;60;20;3439.7;-326.2;873.5;-693.8;495;139;356;0.2808;20;240;2
37;2880;-40;20;40;80;10;3450.7;-331.9;-1637.6;-2300.4;568;179;389;0.3151;13;79;18
38;1440;-50;0;90;90;50;3705.5;-460.5;-814.1;-1595.1;263;128;135;0.4867;7;407;47
39;4320;-50;20;40;60;10;3277.1;-247.7;-80.0;-1586.4;400;162;238;0.4050;9;70;1
40;4320;-50;20;60;80;10;3474.3;-350.5;-1362.1;-2524.1;403;165;238;0.4094;6;53;15
41;4320;-50;0;40;120;10;3689.2;-458.9;-524.0;-1192.4;520;129;391;0.2481;14;39;39
42;2880;-50;20;40;100;10;3585.3;-407.0;-1051.1;-2427.9;473;130;343;0.2748;21;55;14
43;1440;-50;0;90;70;50;3354.0;-293.5;649.3;-759.2;201;118;83;0.5871;5;531;19
44;4320;-40;30;70;70;10;3483.9;-359.1;1121.4;-898.8;398;209;189;0.5251;5;51;31
45;2880;-40;20;40;120;10;3739.8;-494.0;-1829.2;-2939.7;556;130;426;0.2338;13;50;42
46;1440;-10;40;20;60;20;3561.6;-409.0;796.8;-646.8;576;159;417;0.2760;14;285;16
47;2880;-40;20;30;110;20;3506.9;-381.9;-1271.4;-2031.9;502;101;401;0.2012;25;114;20
48;4320;-50;20;40;80;10;3350.1;-303.8;749.5;-1396.9;415;147;268;0.3542;11;53;3
49;4320;-50;20;40;110;30;3520.3;-389.6;-2089.1;-2499.4;313;71;242;0.2268;23;134;14
50;2880;-40;20;30;120;20;3479.7;-371.9;-1461.4;-2175.6;502;93;409;0.1853;25;98;22
51;2880;-20;20;40;80;10;3566.0;-415.4;-546.8;-1763.2;724;241;483;0.3329;10;122;152
52;4320;0;20;40;60;10;3485.7;-376.8;1393.6;-738.7;752;320;432;0.4255;9;244;486
53;4320;-20;20;40;80;10;3558.1;-413.3;1457.2;-1211.5;604;217;387;0.3593;10;87;116
54;1440;-20;40;30;70;20;3633.3;-451.7;445.7;-1450.6;549;173;376;0.3151;14;208;29
55;4320;-20;20;40;90;10;3512.3;-392.4;1312.1;-1399.4;597;197;400;0.3300;13;80;126
56;1440;-30;40;20;70;20;3312.9;-296.1;305.1;-1179.9;507;120;387;0.2367;23;195;7
57;1440;10;40;20;70;20;3217.5;-252.9;389.7;-861.3;529;126;403;0.2382;21;234;61
58;4320;-50;30;70;70;10;3437.0;-364.7;732.2;-1101.1;354;184;170;0.5198;5;47;14
59;2880;-50;30;40;100;20;3351.1;-330.5;-287.4;-1836.8;382;109;273;0.2853;16;93;8
60;1440;-30;40;60;60;20;3558.6;-436.1;-82.0;-1650.0;460;232;228;0.5043;6;240;36
61;4320;-40;20;60;80;10;3347.0;-331.9;-878.5;-2227.4;455;191;264;0.4198;8;61;45
62;4320;-40;20;40;80;10;3348.8;-334.0;538.4;-1857.2;488;170;318;0.3484;11;61;12
63;1440;-30;10;100;50;40;3392.2;-357.7;126.8;-804.6;176;119;57;0.6761;4;1103;22
64;4320;-40;0;50;100;10;3511.2;-420.3;-1146.9;-1845.0;567;184;383;0.3245;9;63;167
65;12960;-30;10;100;120;40;3063.3;-201.4;-32.1;-1183.4;103;47;56;0.4563;7;148;37
66;1440;-30;40;30;50;10;3531.8;-440.3;1168.8;-635.7;616;251;365;0.4075;8;128;4
67;1440;-30;40;50;60;20;3489.5;-421.9;396.8;-1288.4;476;223;253;0.4685;9;240;21
68;10080;-10;0;100;70;10;3372.0;-364.9;968.2;-978.8;274;168;106;0.6131;4;270;315
69;1440;-40;50;50;50;20;3246.3;-311.2;274.6;-1147.6;322;166;156;0.5155;7;177;1
70;1440;-50;0;80;70;50;3174.0;-276.3;498.6;-769.2;202;112;90;0.5545;5;531;18
71;4320;-10;20;40;80;10;3605.9;-494.7;1742.9;-940.8;653;236;417;0.3614;10;115;277
72;4320;-40;20;40;60;10;3316.5;-351.2;93.1;-1579.4;467;191;276;0.4090;8;87;8
73;4320;-50;20;60;120;10;3479.9;-435.4;-1114.4;-2614.9;392;126;266;0.3214;8;31;38
74;12960;-40;0;100;130;40;3199.1;-302.1;-943.3;-1686.9;119;48;71;0.4034;8;129;55
75;4320;-50;20;40;70;10;3110.8;-264.0;664.4;-1551.0;408;157;251;0.3848;10;61;2
76;11520;-40;10;100;140;50;3185.4;-302.1;-1213.5;-2403.4;105;39;66;0.3714;15;124;36
77;1440;0;40;20;70;20;3240.9;-330.3;255.6;-1026.0;592;139;453;0.2348;20;231;28
78;4320;-40;20;50;100;10;3367.2;-394.8;-329.7;-1959.6;471;157;314;0.3333;12;46;39
79;1440;-40;50;40;50;20;3284.9;-355.4;983.9;-849.5;323;157;166;0.4861;7;177;0
80;4320;-40;0;40;80;10;3311.8;-370.5;-89.4;-1044.2;642;217;425;0.3380;8;78;83
81;4320;-10;10;30;90;10;3528.6;-482.9;1253.9;-1021.7;823;221;602;0.2685;9;149;522
82;10080;-50;0;80;150;50;3393.7;-415.6;-1061.0;-2098.1;130;41;89;0.3154;16;132;38
83;1440;10;40;30;70;20;3431.5;-435.9;1035.1;-1143.6;507;166;341;0.3274;12;234;83
84;2880;-40;20;30;90;20;3177.6;-309.8;-1343.5;-1898.4;505;118;387;0.2337;25;139;10
85;4320;-50;20;50;100;20;3387.9;-416.1;-1599.9;-2308.2;357;110;247;0.3081;14;94;18
86;1440;-30;50;40;50;20;3219.0;-331.9;941.5;-906.2;355;171;184;0.4817;7;213;2
87;10080;-20;0;100;80;20;3523.1;-488.4;328.4;-918.9;188;107;81;0.5691;6;244;142
88;10080;-20;0;90;80;20;3360.3;-408.4;-63.0;-1057.7;190;101;89;0.5316;6;244;140
89;1440;0;40;20;120;20;3505.1;-481.0;708.4;-1006.6;588;92;496;0.1565;24;75;43
90;1440;0;40;20;110;20;3524.4;-491.0;397.0;-971.9;590;97;493;0.1644;24;90;41
91;4320;-40;20;50;100;20;3267.6;-365.4;-1077.9;-2114.1;397;127;270;0.3199;16;108;47
92;2880;-50;30;50;90;10;3513.1;-492.6;104.1;-2025.2;437;159;278;0.3638;8;43;10
93;4320;-20;0;20;110;20;3148.4;-310.5;704.1;-607.7;437;75;362;0.1716;24;245;90
94;11520;-40;0;100;140;40;3447.2;-464.9;-1253.8;-2497.4;134;51;83;0.3806;10;121;61
95;4320;-50;30;60;80;20;3085.7;-284.9;-150.0;-1210.2;300;129;171;0.4300;5;103;12
96;1440;10;40;20;60;20;3222.6;-353.6;406.9;-692.8;533;143;390;0.2683;20;315;51
97;1440;10;40;30;60;20;3397.3;-444.5;1168.8;-677.8;516;189;327;0.3663;11;315;68
98;1440;-30;50;50;50;20;3221.1;-360.5;504.3;-1157.1;351;183;168;0.5214;7;213;6
99;1440;-20;40;20;60;20;3284.7;-393.9;908.7;-731.3;559;156;403;0.2791;16;258;5
100;2880;-30;20;30;110;20;3310.5;-412.6;-125.5;-1140.5;565;123;442;0.2177;16;134;55
101;2880;-40;10;30;120;10;3385.2;-450.8;-2674.3;-3383.4;649;115;534;0.1772;28;59;36
102;4320;-50;20;50;80;10;3400.8;-458.9;-117.0;-1825.2;410;159;251;0.3878;8;53;8
103;4320;-40;30;80;80;10;3303.0;-411.9;1335.4;-574.7;378;199;179;0.5265;4;47;55
104;2880;-40;20;20;110;20;3159.2;-340.3;123.7;-1323.1;509;82;427;0.1611;32;114;13
105;1440;-40;10;100;60;50;3358.8;-444.2;-580.8;-920.9;144;87;57;0.6042;4;813;14
106;2880;-30;20;30;90;20;3197.0;-371.2;-132.5;-1390.2;575;146;429;0.2539;17;170;38
107;4320;-10;20;30;90;10;3380.9;-463.3;1446.7;-812.4;719;196;523;0.2726;17;101;212
108;4320;-10;20;50;100;20;3375.6;-464.7;-112.2;-970.8;446;150;296;0.3363;9;191;239
109;1440;-20;50;60;60;30;3299.4;-437.5;461.9;-1504.4;283;147;136;0.5194;7;289;15
110;10080;-10;0;100;60;10;3186.4;-384.9;384.7;-1199.5;279;178;101;0.6380;3;312;296
111;4320;20;30;20;70;10;2814.3;-199.8;2023.2;-378.0;324;97;227;0.2994;11;279;87
112;4320;0;0;30;90;10;3318.8;-452.2;452.4;-1047.4;1068;277;791;0.2594;17;352;2190
113;4320;-40;30;80;90;10;3203.0;-394.9;1340.3;-739.5;371;184;187;0.4960;4;38;69
114;1440;-30;10;100;60;40;3279.3;-437.5;762.9;-1182.7;253;164;89;0.6482;4;921;40
115;2880;-50;30;40;110;20;3259.7;-432.6;-219.5;-1670.3;385;103;282;0.2675;16;78;14
116;1440;-10;40;20;130;20;3305.1;-455.4;1685.4;-1113.0;578;91;487;0.1574;27;75;35
117;4320;-20;0;30;110;20;3149.4;-378.2;818.6;-850.9;402;94;308;0.2338;15;245;125
118;1440;-40;50;80;50;20;3224.7;-417.0;-236.3;-2018.7;309;190;119;0.6149;5;177;13
119;10080;-50;0;70;150;50;3223.0;-416.3;-972.4;-1986.7;132;38;94;0.2879;16;132;36
120;4320;-10;10;30;100;10;3318.4;-464.3;1087.9;-1161.7;803;198;605;0.2466;13;131;542
121;4320;-50;20;50;60;10;2977.1;-295.6;-598.6;-1952.9;398;178;220;0.4472;6;70;3
122;4320;-20;20;50;60;10;3054.9;-335.0;-316.2;-1543.7;566;258;308;0.4558;5;133;124
123;2880;-40;20;30;80;20;3012.5;-314.7;-47.2;-1228.6;496;138;358;0.2782;13;156;7
124;4320;-20;30;70;70;10;3164.7;-391.3;933.8;-1112.3;466;242;224;0.5193;6;72;115
125;2880;-40;20;20;120;20;3289.9;-460.3;103.7;-1213.1;509;76;433;0.1493;32;98;15
126;10080;-20;0;90;120;20;3094.5;-362.8;-485.3;-1304.9;179;75;104;0.4190;6;150;174
127;4320;-50;30;40;110;40;3150.7;-391.9;-973.8;-1510.8;234;57;177;0.2436;15;158;8
128;4320;-50;20;60;70;10;3073.6;-355.6;-750.0;-2270.6;400;181;219;0.4525;6;61;10
129;1440;-40;30;20;90;10;3189.4;-416.4;-1616.4;-2059.6;652;108;544;0.1656;24;74;7
130;12960;-30;10;100;90;40;2796.8;-224.2;324.9;-1288.2;93;51;42;0.5484;7;210;25
131;1440;-40;40;30;50;10;3212.9;-434.5;817.4;-728.5;518;209;309;0.4035;7;106;0
132;2880;-50;30;40;120;20;3168.3;-412.6;-228.1;-1718.9;383;96;287;0.2507;16;73;17
133;4320;-40;20;40;70;10;3088.8;-374.0;577.5;-1790.8;475;181;294;0.3811;9;76;11
134;5760;-10;20;20;70;10;3068.1;-364.5;-149.4;-1374.3;742;169;573;0.2278;22;125;42
135;4320;-50;30;90;90;10;3318.9;-491.3;1122.5;-591.8;325;170;155;0.5231;4;35;54
136;4320;-50;20;50;70;10;3001.5;-334.5;-13.5;-1993.8;405;171;234;0.4222;7;61;5
137;2880;-20;40;40;70;10;3258.2;-463.1;1558.7;-1544.4;559;221;338;0.3953;15;70;25
138;1440;0;40;20;90;20;3323.7;-496.8;374.9;-772.3;593;115;478;0.1939;23;131;36
139;4320;-40;20;40;110;30;3006.3;-338.4;-1072.9;-2072.7;347;87;260;0.2507;20;151;33
140;10080;-50;0;70;120;50;3216.5;-446.3;-1330.3;-2019.5;129;41;88;0.3178;14;173;29
141;4320;0;0;20;80;10;3267.6;-472.9;1062.0;-1424.6;1340;288;1052;0.2149;16;415;1918
142;10080;-20;0;100;70;20;3312.4;-497.0;417.0;-1042.7;190;115;75;0.6053;6;277;129
143;4320;0;0;40;80;10;3211.3;-446.9;472.6;-1045.0;982;337;645;0.3432;10;415;2276
144;11520;-40;0;90;140;40;3126.5;-404.9;-605.2;-1917.4;136;51;85;0.3750;10;121;60
145;10080;-50;0;80;120;50;3207.2;-445.6;-1448.9;-1978.8;127;44;83;0.3465;11;173;31
146;1440;-30;40;50;90;30;3301.1;-492.6;-356.2;-1910.5;366;130;236;0.3552;9;219;49
147;10080;-20;0;100;120;20;3248.0;-466.3;-104.6;-1434.2;178;81;97;0.4551;6;150;175
148;1440;-40;30;20;130;10;3278.7;-482.1;-1155.0;-2088.0;650;82;568;0.1262;25;47;15
149;1440;-30;50;30;50;20;2909.0;-299.6;400.1;-1232.0;357;142;215;0.3978;9;213;0
150;1440;-40;0;100;70;50;2913.9;-302.1;881.5;-817.5;155;97;58;0.6258;5;779;8
151;4320;-10;20;30;60;10;3185.5;-438.2;258.5;-1015.0;745;257;488;0.3450;12;174;161
152;2880;-50;100;80;150;10;3115.3;-403.5;585.3;-819.1;121;45;76;0.3719;10;6;0
153;1440;-40;50;70;50;20;3130.5;-411.2;-261.2;-1778.9;316;184;132;0.5823;6;177;6
154;1440;-40;40;30;60;20;3190.3;-442.4;184.6;-754.7;422;146;276;0.3460;16;198;1
155;1440;-10;40;20;120;20;3225.1;-460.3;1055.4;-1059.5;578;93;485;0.1609;27;87;35
156;1440;-50;50;40;50;20;2868.7;-282.6;1071.0;-749.2;270;134;136;0.4963;7;148;0
157;2880;-20;20;30;110;20;3185.3;-443.3;77.2;-1016.6;604;133;471;0.2202;15;155;120
158;1440;-20;40;20;130;20;3207.0;-455.4;1628.7;-1072.2;559;88;471;0.1574;24;74;30
159;12960;-40;0;100;120;40;2899.1;-302.1;-983.3;-1906.9;119;50;69;0.4202;8;145;51
160;4320;-40;30;60;70;10;2952.7;-329.8;1329.5;-878.1;415;204;211;0.4916;5;51;14
161;4320;-10;20;30;90;20;3286.4;-496.8;1402.5;-876.5;525;146;379;0.2781;12;216;157
162;4320;-30;30;100;100;50;2713.2;-211.2;1296.4;-1015.4;148;81;67;0.5473;5;273;32
163;2880;-30;20;30;80;20;3168.4;-440.1;668.9;-1026.0;573;166;407;0.2897;13;191;33
164;10080;-20;0;90;70;20;3141.0;-427.0;276.3;-1043.5;191;110;81;0.5759;6;277;128
165;10080;-50;0;80;110;50;3197.2;-455.6;-535.4;-1268.8;122;49;73;0.4016;7;186;29
166;4320;-40;30;90;90;10;3214.2;-464.7;1193.6;-685.3;352;184;168;0.5227;3;38;88
167;10080;-50;0;70;110;50;3196.5;-456.3;-596.1;-1265.3;123;45;78;0.3659;14;186;28
168;4320;20;30;70;70;10;3150.0;-434.0;3096.1;-506.1;277;162;115;0.5848;5;279;134
169;10080;-40;0;90;140;40;3090.9;-404.9;-1658.0;-2280.2;140;48;92;0.3429;12;138;76
170;2880;-50;30;50;110;10;3262.4;-491.2;68.3;-1986.6;431;137;294;0.3179;10;33;20
171;4320;-20;30;50;70;10;3167.4;-446.1;2292.3;-934.2;511;235;276;0.4599;7;72;70
172;1440;-10;40;20;70;20;3109.5;-417.6;524.7;-1033.2;579;139;440;0.2401;24;226;23
173;2880;-50;20;30;120;20;3010.3;-368.4;-958.9;-2128.5;427;81;346;0.1897;34;84;13
174;1440;-20;50;40;50;20;3159.4;-443.1;881.9;-914.8;383;183;200;0.4778;7;234;6
175;4320;20;30;50;70;10;3109.5;-419.1;3158.4;-515.4;288;148;140;0.5139;7;279;123
176;4320;-10;20;30;100;20;3238.5;-484.0;1387.4;-973.7;518;133;385;0.2568;20;191;167
177;2880;-10;20;30;80;20;3073.6;-401.8;1548.8;-821.4;616;186;430;0.3019;15;290;202
178;1440;-40;40;20;60;20;2960.3;-345.2;603.9;-574.6;423;117;306;0.2766;18;198;0
179;2880;-50;40;50;80;10;3257.8;-494.0;1381.9;-1272.7;383;160;223;0.4178;8;46;4
180;5760;-10;20;20;90;10;2993.0;-362.0;617.8;-1298.5;746;146;600;0.1957;28;92;60
181;4320;0;0;30;70;10;3076.3;-404.3;435.4;-1156.3;1178;366;812;0.3107;12;506;2078
182;4320;0;30;50;70;10;3144.0;-441.0;2348.4;-891.9;588;268;320;0.4558;8;124;291
183;4320;-20;20;30;60;10;3182.9;-462.6;-192.0;-1395.5;660;223;437;0.3379;12;133;30
184;1440;-30;50;40;60;30;2899.4;-321.0;919.1;-919.9;287;126;161;0.4390;13;267;4
185;4320;-10;20;30;70;10;3236.2;-489.4;1004.8;-886.7;736;236;500;0.3207;12;146;184
186;4320;-10;20;30;80;10;3234.6;-488.7;1177.6;-895.9;732;215;517;0.2937;15;115;198
187;4320;-10;20;30;70;20;3023.6;-383.3;1059.7;-684.9;529;173;356;0.3270;11;301;140
188;1440;0;30;20;60;10;3231.2;-491.8;329.8;-1515.4;1186;311;875;0.2622;15;203;136
189;10080;-10;0;90;70;20;2781.2;-267.0;221.2;-427.0;84;49;35;0.5833;4;354;10
190;4320;-50;30;80;80;10;3240.5;-496.8;1118.5;-648.9;345;181;164;0.5246;4;43;27
191;2880;-50;20;30;110;20;2859.6;-307.0;-976.8;-2228.5;424;86;338;0.2028;26;98;11
192;2880;-10;30;40;90;20;3200.6;-480.5;563.0;-1611.5;510;164;346;0.3216;14;183;148
193;1440;10;40;30;60;10;3083.4;-423.0;643.4;-1484.7;838;293;545;0.3496;13;128;163
194;2880;-20;20;30;80;20;3119.7;-442.6;1193.2;-990.2;624;185;439;0.2965;13;231;94
195;4320;-40;0;50;110;10;3168.2;-467.5;-1469.2;-2190.1;556;167;389;0.3004;9;61;180
196;2880;-10;30;40;80;20;3049.2;-411.2;198.1;-1660.8;517;177;340;0.3424;14;214;138
197;1440;10;40;20;50;20;2788.2;-280.8;999.0;-483.7;530;171;359;0.3226;12;424;35
198;1440;-20;40;20;70;20;2934.9;-354.6;233.1;-1227.6;567;133;434;0.2346;21;208;11
199;5760;-10;20;30;70;10;2946.6;-360.5;189.7;-1172.3;629;195;434;0.3100;11;125;155
200;4320;-50;30;60;70;10;2962.8;-373.3;1105.9;-929.7;363;178;185;0.4904;6;47;5
201;4320;-40;20;60;60;10;2848.4;-316.1;-908.0;-2082.9;440;215;225;0.4886;6;87;35
202;4320;-50;30;80;70;10;2881.2;-333.3;1408.5;-781.5;345;195;150;0.5652;3;47;23
203;4320;-50;20;60;140;10;3126.2;-456.8;-612.3;-2235.7;389;115;274;0.2956;12;28;41
204;4320;0;30;30;70;10;2992.2;-390.3;2396.0;-879.5;720;245;475;0.3403;13;124;159
205;4320;-50;20;40;120;30;2971.7;-380.3;-2141.2;-2332.2;316;67;249;0.2120;23;116;18
206;10080;-10;0;100;70;20;2861.9;-327.0;311.9;-434.2;83;51;32;0.6145;3;354;11
207;1440;-30;40;40;70;30;3011.8;-402.6;524.7;-939.4;379;145;234;0.3826;12;315;14
208;1440;40;50;30;100;10;2990.3;-391.9;670.4;-412.0;228;59;169;0.2588;11;40;74
209;2880;-40;30;30;110;30;2785.8;-289.8;-531.1;-1274.6;373;78;295;0.2091;23;150;19
210;4320;-40;20;60;110;10;3174.7;-485.4;-1329.4;-2910.2;442;150;292;0.3394;9;38;69
211;4320;-10;10;30;70;10;3150.4;-474.5;2005.0;-583.1;850;281;569;0.3306;9;208;484
212;2880;-50;20;40;120;10;3188.1;-494.0;-1290.4;-2845.8;472;112;360;0.2373;21;41;23
213;1440;-20;50;40;60;30;3151.7;-476.8;1174.9;-824.7;293;131;162;0.4471;9;289;6
214;4320;10;10;20;80;20;2839.4;-321.0;-141.4;-1410.9;1002;206;796;0.2056;19;464;635
215;4320;-20;20;60;60;10;2857.3;-330.1;-968.2;-1747.1;526;258;268;0.4905;5;133;164
216;2880;-10;0;20;60;10;2732.9;-268.0;855.9;-996.5;863;234;629;0.2711;20;559;352
217;4320;-20;0;20;90;20;2817.0;-310.5;929.2;-579.1;444;92;352;0.2072;19;321;81
218;4320;-40;20;60;70;10;2924.9;-364.7;-222.9;-2284.3;447;207;240;0.4631;8;76;39
219;1440;-10;40;20;90;20;3145.1;-476.1;733.3;-873.0;581;116;465;0.1997;25;141;29
220;10080;-50;0;60;120;50;2923.7;-366.3;-1350.3;-1814.9;129;36;93;0.2791;14;173;29
221;1440;-40;10;90;60;50;2978.8;-394.2;-460.8;-1036.2;144;84;60;0.5833;4;813;14
222;4320;-20;0;40;90;20;2907.1;-358.4;76.3;-945.7;391;123;268;0.3146;12;321;134
223;2880;-20;20;30;90;20;3082.5;-446.6;166.0;-1214.4;620;160;460;0.2581;14;204;102
224;4320;-40;20;50;110;20;2941.1;-377.3;-1080.0;-1996.5;400;120;280;0.3000;18;90;53
225;2880;-40;30;50;90;10;3039.5;-427.5;-277.9;-1976.2;497;178;319;0.3581;9;53;28
226;1440;-20;40;60;70;20;3157.6;-486.6;200.5;-1772.9;485;228;257;0.4701;6;208;92
227;4320;-20;0;30;90;20;2865.2;-340.5;640.9;-870.9;413;111;302;0.2688;15;321;112
228;2880;-50;30;50;80;10;3023.8;-421.2;514.8;-1560.0;436;174;262;0.3991;8;46;8
229;1440;-20;40;40;60;10;3005.6;-412.9;179.8;-1803.0;686;281;405;0.4096;9;111;41
230;2880;-50;20;20;120;20;2934.7;-377.5;437.6;-1223.4;432;67;365;0.1551;34;84;8
231;2880;-40;20;40;70;10;3116.3;-469.7;-462.0;-1631.3;560;203;357;0.3625;11;91;14
232;2880;-20;20;40;90;10;3138.8;-481.7;108.8;-1431.0;716;225;491;0.3142;10;100;164
233;4320;-40;20;70;90;10;3050.3;-439.1;-931.2;-2352.1;416;178;238;0.4279;7;59;86
234;4320;10;40;30;60;10;3117.3;-473.1;1167.7;-1065.1;689;248;441;0.3599;16;134;150
235;1440;-20;50;30;60;30;2989.6;-409.6;1442.8;-566.0;296;117;179;0.3953;9;289;3
236;2880;-50;20;20;110;20;2684.7;-257.5;219.7;-1242.7;429;70;359;0.1632;26;98;6
237;2880;-50;30;30;120;30;2858.4;-344.7;-360.8;-1197.0;344;68;276;0.1977;31;113;7
238;4320;-40;20;50;110;10;3087.9;-459.6;-324.8;-2280.9;464;145;319;0.3125;12;38;47
239;4320;-30;30;70;70;10;2908.5;-370.3;960.4;-969.5;428;223;205;0.5210;6;60;55
240;4320;-20;30;50;50;10;2915.8;-374.5;1948.6;-635.0;502;274;228;0.5458;6;105;51
241;4320;0;30;70;70;10;3054.8;-445.2;884.8;-1474.2;536;277;259;0.5168;6;124;343
242;4320;-20;0;20;100;20;2867.7;-352.2;752.7;-518.4;439;82;357;0.1868;19;283;86
243;4320;20;30;20;140;10;2887.6;-363.1;2202.3;-472.2;311;54;257;0.1736;21;83;104
244;4320;-40;20;40;100;20;2992.9;-416.8;-352.6;-1742.2;418;119;299;0.2847;19;108;26
245;2880;-50;30;30;130;30;2807.7;-324.7;29.9;-1121.1;343;66;277;0.1924;31;103;10
246;10080;-50;0;60;150;50;2950.2;-397.0;-1082.4;-1738.8;132;33;99;0.2500;15;132;36
247;10080;-40;0;100;150;40;3072.3;-458.4;-2098.0;-2677.7;140;48;92;0.3429;12;122;78
248;1440;-30;40;60;90;20;3016.5;-431.9;138.5;-1869.4;445;181;264;0.4067;9;137;79
249;1440;-40;50;50;60;10;2963.5;-405.6;29.7;-1548.2;429;198;231;0.4615;9;65;5
250;10080;-50;0;60;110;50;2903.7;-376.3;-666.1;-1249.3;123;40;83;0.3252;14;186;28
251;12960;-40;10;100;100;50;2553.8;-201.4;-257.4;-1039.2;82;40;42;0.4878;5;187;19
252;10080;-40;0;90;150;40;2950.9;-400.5;-1839.4;-2478.4;142;46;96;0.3239;12;122;77
253;4320;-10;20;60;60;10;2880.2;-365.6;-829.5;-1575.7;585;289;296;0.4940;5;174;321
254;4320;-20;20;60;70;10;2879.4;-365.2;43.2;-1830.0;524;245;279;0.4676;7;112;181
255;5760;-10;20;20;80;10;2852.3;-351.9;-242.2;-1665.7;746;152;594;0.2038;23;105;54
256;14400;-10;10;100;70;20;2674.6;-264.2;232.9;-1325.3;153;92;61;0.6013;3;232;67
257;4320;-50;10;50;100;10;3079.8;-468.9;-1119.9;-2348.1;457;147;310;0.3217;16;52;21
258;12960;-30;10;100;110;40;2544.7;-201.4;337.9;-1094.1;103;51;52;0.4951;7;167;33
259;2880;-30;20;40;80;10;3040.3;-449.8;-742.7;-2055.7;661;218;443;0.3298;9;101;53
260;4320;0;30;40;70;10;3084.4;-471.9;2372.7;-1111.0;639;258;381;0.4038;10;124;240
261;10080;-20;10;100;80;30;2868.6;-366.3;-454.5;-1443.8;135;73;62;0.5407;11;257;50
262;4320;-50;0;30;100;10;2900.8;-384.7;780.6;-1192.4;542;134;408;0.2472;16;46;12
263;4320;20;40;30;60;10;3081.6;-475.2;244.6;-1156.2;722;249;473;0.3449;14;183;342
264;4320;20;30;20;90;10;2752.0;-310.5;1908.1;-498.0;317;77;240;0.2429;18;188;96
265;4320;-40;20;50;60;10;2887.9;-378.9;-543.4;-1901.3;462;208;254;0.4502;7;87;13
266;4320;-20;0;40;100;20;2921.3;-395.7;10.5;-929.7;385;112;273;0.2909;12;283;140
267;11520;-20;0;100;80;20;2944.1;-409.1;954.0;-891.2;180;106;74;0.5889;4;213;107
268;5760;-10;20;30;60;10;2878.0;-376.8;221.8;-1281.6;626;216;410;0.3450;11;153;140
269;2880;40;50;100;130;30;2526.4;-201.4;25.0;-1107.7;50;22;28;0.4400;11;90;1
270;1440;-40;30;20;80;10;2987.3;-432.1;-455.0;-1862.2;650;130;520;0.2000;19;86;5
271;1440;-30;30;50;90;10;3064.2;-473.6;-2389.5;-3566.5;685;231;454;0.3372;11;83;121
272;1440;-40;40;20;70;20;2817.9;-351.0;-10.8;-1008.0;444;102;342;0.2297;21;166;3
273;10080;-20;0;90;90;20;2848.9;-368.4;-940.9;-1586.7;187;89;98;0.4759;6;219;151
274;5760;-10;20;30;90;10;2942.9;-415.9;313.9;-1432.3;623;162;461;0.2600;17;92;183
275;2880;-50;30;30;110;30;2839.8;-364.7;-607.3;-1502.8;339;70;269;0.2065;33;132;7
276;1440;-30;40;70;60;20;3095.6;-492.6;541.3;-1397.6;441;244;197;0.5533;6;240;55
277;4320;-40;0;40;90;10;2845.3;-367.5;-178.0;-1539.0;640;199;441;0.3109;9;73;88
278;1440;-20;40;20;120;20;3017.0;-455.4;888.7;-1216.9;559;89;470;0.1592;24;86;30
279;2880;-40;30;30;120;30;2725.1;-310.5;-412.5;-1075.3;375;74;301;0.1973;23;130;19
280;10080;-10;0;100;80;10;2859.7;-378.9;335.9;-1618.8;263;149;114;0.5665;4;237;335
281;2880;-40;20;40;90;10;2920.0;-409.4;-1277.6;-1862.2;568;168;400;0.2958;13;73;22
282;10080;-20;0;100;130;20;3050.1;-474.9;-674.6;-1373.5;178;75;103;0.4213;6;136;176
283;1440;-20;50;30;50;20;2708.0;-304.3;328.4;-1261.8;388;153;235;0.3943;9;234;1
284;4320;-50;30;90;80;10;3028.2;-465.4;997.6;-593.3;332;183;149;0.5512;3;43;40
285;1440;-40;50;40;60;20;2813.2;-358.2;132.9;-1651.4;353;145;208;0.4108;11;144;2
286;12960;-50;0;90;140;50;2724.7;-314.2;-971.4;-1852.7;102;36;66;0.3529;10;126;40
287;2880;-50;40;60;70;10;2996.2;-451.2;1105.4;-1093.1;378;185;193;0.4894;7;51;4
288;4320;-20;30;70;50;10;2915.4;-411.2;1253.8;-736.0;466;285;181;0.6116;4;105;87
289;12960;-40;0;100;90;40;2494.7;-201.4;-894.9;-1280.6;107;52;55;0.4860;5;208;34
290;4320;-50;20;50;110;20;2979.3;-443.8;-1619.9;-2314.5;357;103;254;0.2885;14;79;24
291;5760;-10;20;20;60;10;2792.3;-351.9;-11.7;-1381.5;731;189;542;0.2585;16;153;35
292;4320;-50;30;50;90;20;2918.0;-415.4;218.8;-742.7;316;116;200;0.3671;6;93;6
293;1440;-50;0;60;80;50;2946.7;-429.8;454.1;-808.7;237;106;131;0.4473;8;469;33
294;10080;-10;0;90;60;20;2581.2;-247.7;362.6;-491.9;82;52;30;0.6341;3;426;10
295;1440;-30;40;50;100;30;3022.5;-468.9;-402.0;-2063.1;360;119;241;0.3306;12;188;56
296;1440;-40;50;40;70;20;2755.5;-335.5;161.7;-1524.6;369;138;231;0.3740;9;123;4
297;5760;0;20;20;70;10;2853.0;-384.3;263.7;-1183.5;809;189;620;0.2336;22;184;247
298;12960;-40;0;100;110;40;2688.4;-302.1;-1172.6;-1942.7;118;51;67;0.4322;8;160;46
299;2880;-10;30;40;110;20;3076.9;-498.9;350.0;-1694.6;500;138;362;0.2760;14;127;163
300;4320;0;20;50;80;20;2685.8;-304.2;1357.2;-734.5;204;90;114;0.4412;10;341;44
301;10080;-20;0;90;130;20;2906.6;-414.9;-835.3;-1518.5;179;70;109;0.3911;7;136;175
302;1440;-30;40;30;50;20;2845.6;-385.2;715.2;-685.7;464;187;277;0.4030;10;278;3
303;10080;-10;0;90;70;10;2855.7;-390.3;1185.4;-679.7;278;165;113;0.5935;4;270;311
304;4320;-20;20;50;90;10;3002.6;-463.8;-75.7;-1957.8;551;199;352;0.3612;9;80;172
305;4320;-50;20;80;150;10;2930.0;-427.7;622.0;-1169.9;340;122;218;0.3588;8;23;91
306;2880;-40;20;40;110;20;2802.5;-364.0;-1917.4;-2386.8;482;118;364;0.2448;25;114;40
307;1440;-30;40;20;50;20;2644.9;-285.7;993.8;-560.5;466;152;314;0.3262;12;278;1
308;1440;-40;50;30;50;20;2844.9;-386.1;563.9;-919.4;323;131;192;0.4056;7;177;0
309;4320;-10;20;50;60;10;2923.6;-426.9;-151.0;-1313.3;630;289;341;0.4587;6;174;276
310;2880;-50;20;20;130;20;2825.4;-378.0;399.0;-1332.0;430;62;368;0.1442;34;76;11
311;4320;-10;20;60;90;10;3053.3;-492.6;-652.9;-1630.0;547;217;330;0.3967;9;101;384
312;5760;-10;30;40;60;20;2613.2;-273.3;1696.8;-631.5;376;170;206;0.4521;7;229;75
313;10080;-10;0;100;60;20;2681.9;-307.7;382.6;-444.2;82;54;28;0.6585;3;426;10
314;4320;10;0;20;80;10;2798.0;-366.2;-24.2;-1310.9;1006;208;798;0.2068;19;11;633
315;14400;-10;10;90;70;20;2513.2;-224.2;320.1;-1212.7;157;91;66;0.5796;3;232;63
316;4320;20;30;50;60;10;2941.8;-439.1;3294.9;-437.3;293;165;128;0.5631;7;339;117
317;1440;-40;0;90;70;50;2603.9;-272.1;981.5;-779.6;155;94;61;0.6065;5;779;8
318;4320;20;30;20;60;10;2488.7;-215.4;1989.7;-288.7;329;110;219;0.3343;11;339;81
319;10080;-40;0;100;140;40;2982.3;-464.9;-1896.6;-2574.6;138;50;88;0.3623;12;138;77
320;1440;-40;50;40;60;30;2716.9;-332.6;511.0;-857.1;270;115;155;0.4259;12;227;1
321;4320;-50;20;30;70;20;2481.2;-214.9;316.4;-1209.5;348;110;238;0.3161;14;122;1
322;4320;-20;10;30;70;10;2952.9;-450.8;1500.5;-572.7;785;256;529;0.3261;11;141;153
323;1440;10;40;20;80;20;2953.8;-452.2;849.7;-512.0;529;118;411;0.2231;22;178;65
324;2880;-50;40;40;100;30;2781.5;-366.3;259.8;-776.9;286;85;201;0.2972;13;133;3
325;1440;-40;10;90;70;50;2997.3;-474.9;-54.9;-1032.3;207;117;90;0.5652;4;696;25
326;10080;-50;0;90;150;50;3015.1;-485.6;-1380.3;-2397.4;129;43;86;0.3333;12;132;38
327;12960;-30;0;100;110;30;2630.7;-293.5;-583.1;-2219.0;133;61;72;0.4586;9;162;74
328;4320;20;10;20;80;20;2799.8;-379.6;1053.7;-833.3;809;178;631;0.2200;15;21;257
329;4320;20;30;20;100;10;2702.7;-331.2;1821.6;-530.1;312;69;243;0.2212;18;151;101
330;4320;-50;20;60;60;10;2818.5;-389.4;-1415.1;-2216.4;393;187;206;0.4758;6;70;8
331;4320;0;20;30;60;10;2918.1;-440.3;987.4;-910.3;818;290;528;0.3545;12;244;420
332;1440;-50;0;100;60;50;2523.0;-242.8;514.6;-951.1;122;80;42;0.6557;4;633;7
333;10080;-20;10;100;60;30;2439.1;-201.4;-303.3;-1004.8;119;73;46;0.6134;5;337;39
334;12960;-30;10;100;100;40;2444.7;-204.2;130.0;-1344.1;100;51;49;0.5100;7;184;31
335;1440;0;40;20;50;20;2706.5;-336.9;1125.4;-585.0;578;187;391;0.3235;11;380;7
336;1440;-40;50;90;50;20;2974.7;-471.2;147.2;-1614.3;304;198;106;0.6513;5;177;18
337;4320;-10;20;50;70;20;3005.1;-486.6;-55.5;-1118.4;465;196;269;0.4215;6;301;204
338;4320;-40;30;70;100;10;3017.4;-493.3;278.4;-1607.6;388;163;225;0.4201;6;31;55
339;2880;-10;0;20;50;10;2566.6;-268.0;478.9;-1065.2;873;265;608;0.3036;16;668;325
340;14400;-10;10;80;70;20;2420.4;-195.6;438.0;-1114.8;160;89;71;0.5563;3;232;60
341;1440;-30;40;40;60;10;2906.9;-439.6;69.5;-1722.5;615;251;364;0.4081;9;99;21
342;4320;0;40;30;60;10;2970.9;-473.1;1383.4;-1052.5;638;233;405;0.3652;16;100;51
343;1440;-30;40;20;80;30;2796.4;-386.6;-80.0;-1173.5;400;82;318;0.2050;19;256;11
344;12960;-30;0;100;120;30;2589.3;-283.5;-991.0;-2108.3;130;55;75;0.4231;9;144;80
345;4320;0;30;100;140;30;2750.7;-364.2;2472.1;-426.3;97;51;46;0.5258;3;126;16
346;1440;-10;50;30;50;20;2900.5;-439.2;317.2;-1357.7;404;159;245;0.3936;8;256;2
347;5760;-20;20;30;70;10;2743.0;-360.5;-153.4;-1266.9;562;171;391;0.3043;11;92;37
348;1440;-40;50;30;60;30;2775.5;-376.8;1220.3;-621.1;271;106;165;0.3911;12;227;0
349;7200;-50;30;100;150;30;2936.6;-458.4;-185.1;-1875.6;193;77;116;0.3990;7;64;56
350;1440;-40;30;30;80;10;2950.8;-465.7;-715.2;-2262.2;636;171;465;0.2689;19;86;19
351;2880;-40;30;50;80;10;2879.5;-430.3;440.7;-1691.3;499;198;301;0.3968;9;57;22
352;4320;-50;20;40;100;20;3004.4;-493.3;-114.8;-1567.9;364;105;259;0.2885;15;94;11
353;10080;-50;0;100;150;50;2926.5;-454.9;-1688.2;-2705.3;126;44;82;0.3492;11;132;41
354;1440;-30;40;60;70;20;2898.1;-442.6;-595.7;-1980.3;451;206;245;0.4568;7;195;62
355;4320;-40;0;50;80;10;2853.5;-421.2;-748.8;-1147.9;584;222;362;0.3801;8;78;141
356;12960;-30;10;90;120;40;2551.9;-272.1;136.5;-1094.1;105;46;59;0.4381;6;148;35
357;1440;-20;40;20;110;20;2966.3;-479.4;607.3;-1042.3;561;94;467;0.1676;23;102;28
358;4320;-20;0;20;130;20;2721.9;-357.3;399.0;-642.6;430;62;368;0.1442;23;196;98
359;4320;20;0;20;80;10;2799.8;-397.1;1212.3;-812.6;811;180;631;0.2219;15;6;268
360;4320;-20;0;40;110;20;3002.7;-498.9;365.4;-980.4;378;105;273;0.2778;11;245;149
361;4320;-10;30;50;70;30;2565.0;-280.5;283.5;-882.0;295;127;168;0.4305;7;339;63
362;1440;40;50;30;60;10;2506.8;-251.9;674.8;-582.0;236;88;148;0.3729;11;133;66
363;1440;-40;40;60;90;20;2973.3;-485.6;-1533.1;-2709.8;433;165;268;0.3811;10;121;41
364;4320;20;30;70;60;10;2960.9;-481.2;3179.8;-586.1;286;180;106;0.6294;5;339;124
365;1440;-50;50;50;50;20;2719.4;-360.5;411.0;-1142.0;270;141;129;0.5222;7;148;0
366;5760;-40;10;50;80;10;2739.1;-370.5;243.1;-1358.5;467;184;283;0.3940;7;61;37
367;1440;40;50;30;70;10;2488.2;-245.6;477.6;-542.0;232;76;156;0.3276;11;100;70
368;2880;-10;30;40;70;20;2857.8;-431.2;998.8;-1214.4;516;200;316;0.3876;14;256;128
369;10080;-30;10;100;50;30;2611.8;-308.4;525.4;-837.1;178;123;55;0.6910;4;306;53
370;4320;-40;10;40;110;20;2727.0;-366.3;-859.2;-2762.3;456;118;338;0.2588;24;123;62
371;2880;20;40;30;80;10;2899.4;-452.9;1264.5;-1097.7;765;225;540;0.2941;17;124;398
372;4320;-20;20;50;70;10;2895.6;-451.2;477.3;-1680.9;561;241;320;0.4296;7;112;144
373;1440;-40;40;20;80;20;2792.3;-400.3;615.9;-721.6;463;102;361;0.2203;21;138;3
374;1440;-40;40;30;80;20;2953.7;-481.0;-11.3;-1392.2;459;128;331;0.2789;13;138;7
375;4320;-50;30;50;80;20;2592.2;-300.3;244.4;-917.8;308;122;186;0.3961;6;103;4
376;4320;-20;30;100;110;50;2392.4;-201.4;292.4;-854.7;68;34;34;0.5000;7;276;9
377;4320;-10;30;70;70;10;2865.1;-438.2;632.8;-1395.1;496;255;241;0.5141;6;95;203
378;5760;10;20;30;70;10;2586.6;-299.1;716.4;-519.2;348;114;234;0.3276;11;318;124
379;5760;-10;30;50;60;20;2627.2;-320.5;1488.7;-758.7;359;179;180;0.4986;6;229;92
380;4320;-20;20;30;150;40;2722.0;-368.4;312.2;-538.7;154;28;126;0.1818;15;147;8
381;4320;-10;20;60;70;10;2817.2;-416.3;-521.8;-1780.4;574;264;310;0.4599;7;146;346
382;1440;-40;50;60;50;20;2758.4;-387.0;228.1;-1400.7;317;177;140;0.5584;6;177;6
383;2880;-40;40;60;80;10;2974.0;-495.4;863.2;-1243.4;424;190;234;0.4481;9;51;22
384;5760;-10;20;20;100;10;2753.7;-385.5;782.7;-1327.8;739;134;605;0.1813;28;80;69
385;2880;-50;30;30;150;30;2735.6;-376.8;599.2;-1214.4;344;62;282;0.1802;32;86;10
386;4320;-40;20;70;100;10;2882.4;-451.2;-667.7;-2325.8;411;167;244;0.4063;7;46;99
387;4320;-10;20;50;80;20;2967.9;-494.0;135.2;-1309.1;464;182;282;0.3922;8;263;213
388;10080;-20;10;90;80;30;2637.2;-329.1;-344.5;-1383.8;135;70;65;0.5185;11;257;50
389;4320;-10;40;30;60;10;2802.2;-411.7;678.9;-833.4;573;203;370;0.3543;16;77;10
390;4320;-30;20;60;90;10;2920.2;-471.0;-1175.3;-2468.2;479;186;293;0.3883;9;66;107
391;1440;-40;50;40;60;10;2842.1;-432.6;-423.1;-1598.2;433;172;261;0.3972;13;65;1
392;4320;-50;20;70;100;10;2822.0;-422.6;-544.6;-2018.3;378;154;224;0.4074;6;40;49
393;4320;-50;30;50;80;10;2758.6;-392.6;1391.0;-920.4;370;155;215;0.4189;10;43;2
394;1440;-30;40;60;80;20;2912.3;-471.9;241.5;-1768.2;455;199;256;0.4374;8;161;68
395;2880;-10;0;20;80;10;2761.3;-396.8;391.3;-826.3;841;178;663;0.2117;33;382;386
396;4320;-40;0;50;90;10;2749.1;-391.2;-1215.3;-1858.2;579;201;378;0.3472;8;73;149
397;2880;0;60;50;60;30;2587.4;-311.0;626.4;-1252.6;248;120;128;0.4839;8;226;5
398;4320;0;30;100;150;30;2881.4;-458.4;2433.5;-406.3;95;48;47;0.5053;3;112;17
399;1440;-30;50;30;60;30;2787.3;-411.7;1326.3;-619.0;291;114;177;0.3918;13;267;0
400;4320;-40;30;50;70;10;2700.6;-368.4;1935.3;-1120.2;421;194;227;0.4608;5;51;8
401;2880;-50;100;90;150;10;2945.3;-491.2;785.3;-944.7;121;49;72;0.4050;10;6;0
402;4320;-40;30;80;70;10;2860.2;-449.1;1584.0;-712.2;380;215;165;0.5658;3;51;49
403;4320;-10;20;20;80;10;2954.9;-497.1;360.1;-1054.9;857;181;676;0.2112;21;115;73
404;2880;-20;30;30;120;30;2884.8;-464.0;108.6;-1082.3;402;83;319;0.2065;27;160;57
405;4320;10;30;20;70;10;2652.3;-348.3;1957.5;-963.9;875;223;652;0.2549;29;182;333
406;1440;-10;50;30;60;30;2897.5;-471.0;1696.8;-443.2;276;113;163;0.4094;6;307;6
407;2880;-50;100;80;140;10;2775.3;-411.2;575.3;-836.8;121;47;74;0.3884;10;6;0
408;4320;20;30;20;150;10;2647.6;-347.5;1743.0;-579.6;310;48;262;0.1548;28;71;104
409;11520;-20;0;100;60;20;2565.5;-307.7;1678.2;-687.0;174;120;54;0.6897;4;306;79
410;4320;0;0;50;80;10;2691.0;-370.5;170.3;-1206.4;871;341;530;0.3915;6;415;2387
411;1440;-40;40;30;90;20;2893.0;-471.7;-654.1;-1923.6;463;113;350;0.2441;14;121;12
412;4320;-40;20;40;100;10;2872.3;-462.4;601.2;-1898.6;484;145;339;0.2996;13;46;26
413;4320;40;50;70;50;10;2782.7;-417.7;1599.5;-686.7;215;140;75;0.6512;3;294;83
414;4320;-20;10;30;90;10;2761.3;-407.5;966.6;-1047.0;762;203;559;0.2664;12;104;187
415;4320;-10;20;50;70;10;2848.5;-451.2;70.2;-1496.4;614;260;354;0.4235;8;146;306
416;5760;-10;30;40;90;20;2615.5;-334.7;685.6;-990.0;392;128;264;0.3265;11;144;112
417;2880;-40;30;30;130;30;2704.4;-379.6;-251.1;-1033.7;373;70;303;0.1877;23;118;22
418;4320;-40;20;30;100;20;2789.4;-422.6;418.3;-1654.8;431;105;326;0.2436;24;108;13
419;4320;-50;0;40;80;10;2847.8;-451.9;-493.8;-1195.2;534;177;357;0.3315;10;58;12
420;4320;0;30;60;80;20;2816.4;-436.7;-223.5;-1772.2;405;174;231;0.4296;6;234;219
421;10080;-50;10;100;130;30;2835.0;-446.3;-1092.3;-1809.7;189;78;111;0.4127;6;68;94
422;4320;-20;0;30;100;20;2758.7;-408.2;604.4;-820.2;408;101;307;0.2475;15;283;117
423;2880;-50;20;30;130;20;2881.0;-469.9;-887.5;-2167.1;425;76;349;0.1788;34;76;16
424;4320;-10;20;40;100;10;2924.1;-491.8;1361.1;-1017.9;627;192;435;0.3062;13;82;309
425;10080;-40;0;80;140;40;2878.1;-469.8;-1860.1;-2415.3;143;44;99;0.3077;12;138;73
426;2880;-50;40;50;70;10;2903.4;-483.3;1304.7;-1116.9;379;171;208;0.4512;7;51;3
427;5760;-20;20;20;60;10;2524.4;-294.3;-444.6;-1683.6;578;144;434;0.2491;17;111;5
428;4320;-20;30;60;70;10;2837.9;-451.2;1214.2;-956.5;494;240;254;0.4858;6;72;87
429;4320;-50;20;30;100;20;2703.0;-384.7;669.6;-1212.1;372;93;279;0.2500;18;94;3
430;10080;-10;0;100;50;10;2768.0;-417.5;544.2;-1003.9;294;201;93;0.6837;3;374;269
431;4320;0;20;50;100;20;2857.2;-462.6;512.1;-1049.7;197;70;127;0.3553;11;248;53
432;4320;0;20;20;70;10;2892.6;-480.6;765.0;-1177.2;950;227;723;0.2389;23;200;301
433;4320;-50;30;40;120;40;2859.3;-464.5;-845.9;-1421.5;237;55;182;0.2321;15;137;12
434;2880;-40;30;40;90;20;2727.3;-399.1;-251.7;-1587.8;431;133;298;0.3086;12;123;18
435;10080;-10;0;100;50;20;2343.3;-207.7;993.3;-310.5;81;61;20;0.7531;2;533;7
436;1440;-40;10;80;70;50;2757.3;-414.9;395.1;-872.7;207;114;93;0.5507;4;696;25
437;11520;-20;0;90;60;20;2483.4;-279.1;1736.8;-701.2;176;118;58;0.6705;4;306;77
438;4320;-50;30;50;70;10;2651.4;-363.3;1723.8;-890.4;366;169;197;0.4617;10;47;2
439;4320;20;20;20;80;30;2641.2;-358.9;919.3;-812.6;801;175;626;0.2185;15;492;259
440;4320;0;20;50;90;20;2626.5;-352.6;1301.4;-656.8;198;81;117;0.4091;11;286;50
441;1440;-10;50;20;60;30;2666.1;-372.6;823.3;-640.1;281;83;198;0.2954;13;307;1
442;1440;-50;50;80;50;20;2852.9;-466.6;-146.2;-1879.0;266;164;102;0.6165;5;148;3
443;2880;-20;30;100;80;40;2891.2;-485.9;2023.9;-751.5;223;136;87;0.6099;4;400;53
444;1440;0;50;30;50;20;2697.7;-389.9;231.6;-1402.3;412;161;251;0.3908;8;273;6
445;4320;-20;20;50;80;10;2897.7;-490.1;236.6;-1709.5;562;221;341;0.3932;8;87;158
446;12960;-50;0;90;150;50;2525.4;-304.2;-552.8;-1585.2;104;37;67;0.3558;10;110;42
447;1440;-50;40;30;120;20;2836.6;-460.5;-873.0;-1773.3;390;74;316;0.1897;22;64;15
448;10080;-30;0;90;140;30;2796.2;-440.5;-935.5;-2056.7;165;61;104;0.3697;9;128;101
449;4320;-10;30;60;70;30;2470.6;-277.7;250.5;-746.1;285;135;150;0.4737;6;339;73
450;4320;0;30;50;130;30;2624.4;-354.9;1516.5;-760.5;105;38;67;0.3619;15;142;7
451;2880;-20;30;30;130;30;2835.5;-460.5;40.0;-1064.4;400;77;323;0.1925;27;140;59
452;1440;10;40;20;90;20;2825.2;-455.4;379.7;-761.8;529;103;426;0.1947;24;138;66
453;4320;-40;30;80;60;0;2782.4;-434.7;9.2;-1323.7;444;256;188;0.5766;4;0;38
454;4320;-50;20;30;110;30;2818.9;-453.1;-662.6;-1543.5;318;65;253;0.2044;23;134;9
455;8640;-30;10;100;150;40;2725.1;-406.3;-38.9;-1340.6;127;51;76;0.4016;7;139;48
456;10080;-40;0;70;150;50;2334.3;-212.1;0.8;-808.9;56;18;38;0.3214;9;144;0
457;8640;-10;10;100;80;20;2513.6;-302.1;-1004.6;-1599.9;178;94;84;0.5281;4;267;104
458;4320;-10;20;100;70;10;2901.1;-495.9;251.5;-817.3;455;271;184;0.5956;3;146;465
459;5760;-20;20;30;60;10;2650.0;-370.5;-147.1;-1451.1;553;187;366;0.3382;11;111;30
460;4320;-40;20;20;110;30;2464.4;-278.2;229.6;-1296.6;372;61;311;0.1640;30;151;8
461;4320;-40;10;20;110;20;2527.4;-310.5;-484.9;-2268.6;507;77;430;0.1519;37;123;11
462;4320;-20;0;20;80;20;2527.0;-310.5;850.6;-428.0;442;100;342;0.2262;19;370;76
463;14400;0;10;100;70;20;2307.5;-201.4;702.8;-407.1;96;61;35;0.6354;2;291;9
464;8640;0;10;60;50;10;2527.0;-311.2;588.3;-866.4;331;188;143;0.5680;4;392;195
465;4320;-10;20;20;70;10;2880.0;-487.8;128.7;-1046.7;859;199;660;0.2317;21;146;61
466;4320;0;30;100;130;30;2709.3;-402.8;1832.8;-446.3;96;50;46;0.5208;3;142;16
467;1440;-50;50;30;50;20;2528.7;-312.6;591.0;-782.5;270;111;159;0.4111;7;148;0
468;4320;-40;20;50;70;10;2820.9;-459.6;-138.3;-2213.4;469;197;272;0.4200;9;76;17
469;4320;-20;30;50;60;10;2728.1;-413.3;2725.8;-773.2;506;258;248;0.5099;6;88;62
470;1440;10;50;30;70;20;2881.4;-490.3;851.6;-1285.6;412;135;277;0.3277;14;152;46
471;4320;-50;30;40;130;40;2617.9;-359.1;-118.7;-1222.9;241;57;184;0.2365;13;118;16
472;4320;-20;30;60;50;10;2704.2;-402.4;1178.4;-710.5;488;280;208;0.5738;5;105;65
473;4320;0;20;100;80;20;2747.7;-424.2;1350.5;-524.9;185;111;74;0.6000;3;341;63
474;4320;20;30;50;50;10;2715.5;-409.8;2791.4;-409.8;298;179;119;0.6007;7;435;110
475;4320;40;50;70;60;10;2766.9;-435.6;1083.7;-846.0;209;122;87;0.5837;4;229;91
476;1440;-20;40;20;50;20;2465.7;-285.7;1069.0;-492.4;530;172;358;0.3245;10;307;1
477;1440;40;50;20;150;10;2712.8;-409.6;534.1;-602.1;237;32;205;0.1350;26;16;65
478;4320;-50;20;30;60;10;2397.1;-251.9;-160.7;-1162.2;401;135;266;0.3367;9;70;0
479;4320;20;30;20;110;10;2555.5;-331.2;1773.0;-500.1;310;63;247;0.2032;18;126;103
480;1440;40;50;50;70;10;2735.7;-422.4;1888.8;-686.1;216;107;109;0.4954;9;100;86
481;2880;-50;30;40;90;20;2754.6;-431.9;-133.9;-1576.8;377;117;260;0.3103;15;104;6
482;4320;0;20;20;60;10;2782.1;-445.9;329.4;-1246.7;958;252;706;0.2630;21;244;280
483;7200;50;60;20;150;10;2634.9;-372.6;34.7;-856.2;179;22;157;0.1229;25;50;70
484;5760;-10;30;60;80;20;2710.7;-411.2;-249.9;-1060.4;357;153;204;0.4286;6;163;140
485;5760;-10;30;40;100;20;2582.7;-348.4;787.0;-959.3;390;119;271;0.3051;11;126;119
486;4320;20;30;20;50;10;2335.2;-224.7;1639.0;-298.5;330;121;209;0.3667;8;435;78
487;2880;-50;100;80;120;10;2635.3;-375.4;-84.0;-936.8;120;48;72;0.4000;10;7;0
488;4320;0;30;20;70;10;2543.4;-331.2;2257.2;-930.6;804;210;594;0.2612;27;124;75
489;4320;40;50;30;70;10;2432.9;-276.3;308.3;-635.0;231;74;157;0.3203;11;178;69
490;2880;-50;40;40;80;10;2876.4;-498.9;1730.5;-1083.4;385;145;240;0.3766;10;46;2
491;2880;0;60;60;60;30;2608.8;-365.6;789.2;-984.7;244;130;114;0.5328;8;226;9
492;4320;-50;30;70;60;10;2767.0;-444.7;912.9;-1131.1;353;199;154;0.5637;5;54;8
493;12960;-40;10;100;130;50;2481.7;-302.1;-524.4;-1369.9;92;38;54;0.4130;5;135;30
494;5760;-20;20;20;70;10;2687.4;-405.0;-374.4;-1519.2;592;132;460;0.2230;20;92;7
495;12960;-50;0;100;140;50;2604.7;-364.2;-1190.0;-1883.1;100;37;63;0.3700;10;126;42
496;4320;-20;20;30;130;40;2612.7;-368.4;201.5;-618.7;155;31;124;0.2000;15;205;7
497;1440;-10;40;20;50;20;2646.3;-386.2;1288.0;-543.6;560;184;376;0.3286;10;352;5
498;4320;0;30;50;110;30;2583.0;-354.9;1396.5;-440.5;105;42;63;0.4000;7;210;7
499;4320;0;30;50;120;30;2583.0;-354.9;1306.5;-590.5;105;39;66;0.3714;9;166;7
500;4320;-20;20;60;80;10;2761.5;-444.5;-465.4;-1951.4;522;223;299;0.4272;7;87;198
