week;minutes;full;predicted_pips;realized_pips;persistence_pips
2012-03-05;7183;да;323.4;194.7;298.5
2012-03-12;7132;да;306.7;187.3;194.7
2012-03-19;7128;да;283.1;159.7;187.3
2012-03-26;7178;да;247.3;193.6;159.7
2012-04-02;7182;да;230.5;345.2;193.6
2012-04-09;7187;да;285.7;179.7;345.2
2012-04-16;7196;да;252.2;232.4;179.7
2012-04-23;7182;да;265.3;165.4;232.4
2012-04-30;7179;да;248.4;203.7;165.4
2012-05-07;7199;да;227.6;160.7;203.7
2012-05-14;7198;да;212.8;262.1;160.7
2012-05-21;7167;да;229.5;328.3;262.1
2012-05-28;7175;да;268.4;336.0;328.3
2012-06-04;7197;да;290.5;239.2;336.0
2012-06-11;7199;да;287.3;226.1;239.2
2012-06-18;7197;да;279.4;227.9;226.1
2012-06-25;7192;да;266.1;285.3;227.9
2012-07-02;7188;да;268.1;420.0;285.3
2012-07-09;7194;да;311.0;171.3;420.0
2012-07-16;7192;да;270.1;180.1;171.3
2012-07-23;7196;да;259.5;347.7;180.1
2012-07-30;7196;да;291.5;271.6;347.7
2012-08-06;7198;да;264.3;201.9;271.6
2012-08-13;7184;да;258.3;129.6;201.9
2012-08-20;7191;да;232.6;294.2;129.6
2012-08-27;7188;да;250.4;172.3;294.2
2012-09-03;7168;да;219.8;315.5;172.3
2012-09-10;7193;да;251.7;414.3;315.5
2012-09-17;7192;да;304.3;252.3;414.3
2012-09-24;7186;да;283.5;161.5;252.3
2012-10-01;7188;да;267.1;267.8;161.5
2012-10-08;7189;да;275.7;199.8;267.8
2012-10-15;7184;да;238.6;248.9;199.8
2012-10-22;7180;да;243.9;200.8;248.9
2012-10-29;7102;да;242.6;199.2;200.8
2012-11-05;7180;да;231.4;186.3;199.2
2012-11-12;7175;да;226.1;141.0;186.3
2012-11-19;7171;да;199.5;254.6;141.0
2012-11-26;7177;да;223.2;147.7;254.6
2012-12-03;7175;да;200.6;250.0;147.7
2012-12-10;7177;да;221.3;287.3;250.0
2012-12-17;7171;да;249.6;164.0;287.3
2012-12-24;5686;да;223.9;117.7;164.0
2012-12-31;5742;да;208.1;301.9;117.7
2013-01-07;7187;да;234.2;349.0;301.9
2013-01-14;7189;да;251.0;147.3;349.0
2013-01-21;7177;да;232.8;214.3;147.3
2013-01-28;7182;да;251.8;296.9;214.3
2013-02-04;7185;да;255.5;306.4;296.9
2013-02-11;7169;да;250.0;213.7;306.4
2013-02-18;7142;да;255.4;286.5;213.7
2013-02-25;7181;да;270.4;352.3;286.5
2013-03-04;7180;да;282.4;179.1;352.3
2013-03-11;7120;да;254.6;195.7;179.1
2013-03-18;7134;да;251.0;166.2;195.7
2013-03-25;7094;да;228.0;296.7;166.2
2013-04-01;7172;да;226.6;294.4;296.7
2013-04-08;7180;да;247.6;169.9;294.4
2013-04-15;7187;да;235.1;200.0;169.9
2013-04-22;7165;да;241.5;139.4;200.0
2013-04-29;7141;да;209.2;211.0;139.4
2013-05-06;7129;да;200.7;258.9;211.0
2013-05-13;7152;да;220.8;232.7;258.9
2013-05-20;7171;да;224.7;178.6;232.7
2013-05-27;7146;да;225.7;223.5;178.6
2013-06-03;7166;да;231.2;350.0;223.5
2013-06-10;7169;да;254.6;212.6;350.0
2013-06-17;7163;да;242.4;317.7;212.6
2013-06-24;7165;да;270.3;166.0;317.7
2013-07-01;7150;да;251.9;272.0;166.0
2013-07-08;7167;да;246.0;451.0;272.0
2013-07-15;7156;да;291.2;184.5;451.0
2013-07-22;7155;да;259.3;162.4;184.5
2013-07-29;7151;да;254.4;158.5;162.4
2013-08-05;7138;да;234.4;167.8;158.5
2013-08-12;7124;да;191.2;174.2;167.8
2013-08-19;7117;да;189.5;153.8;174.2
2013-08-26;7112;да;184.4;224.5;153.8
2013-09-02;7081;да;203.1;122.5;224.5
2013-09-09;7099;да;183.3;159.9;122.5
2013-09-16;7089;да;183.6;243.5;159.9
2013-09-23;7046;да;207.0;102.6;243.5
2013-09-30;7112;да;171.8;168.6;102.6
2013-10-07;7140;да;184.8;121.7;168.6
2013-10-14;7108;да;172.4;231.3;121.7
2013-10-21;7113;да;177.2;181.3;231.3
2013-10-28;7076;да;190.0;337.4;181.3
2013-11-04;7125;да;228.5;251.9;337.4
2013-11-11;7133;да;246.4;161.4;251.9
2013-11-18;7146;да;228.9;179.6;161.4
2013-11-25;7129;да;229.1;131.4;179.6
2013-12-02;7142;да;189.7;181.9;131.4
2013-12-09;7151;да;182.2;116.6;181.9
2013-12-16;7140;да;166.4;186.3;116.6
2013-12-23;5078;да;173.6;238.3;186.3
2013-12-30;5537;да;197.9;236.5;238.3
2014-01-06;7159;да;208.0;138.8;236.5
2014-01-13;7125;да;202.3;182.4;138.8
2014-01-20;7143;да;205.4;232.1;182.4
2014-01-27;7158;да;208.3;237.4;232.1
2014-02-03;7163;да;209.3;166.0;237.4
2014-02-10;7099;да;207.7;152.6;166.0
2014-02-17;7091;да;200.6;87.3;152.6
2014-02-24;7119;да;164.8;181.3;87.3
2014-03-03;7108;да;166.6;207.7;181.3
2014-03-10;7046;да;177.7;133.1;207.7
2014-03-17;7018;да;165.9;198.4;133.1
2014-03-24;7072;да;192.0;171.0;198.4
2014-03-31;7131;да;187.6;147.5;171.0
2014-04-07;7137;да;174.2;215.7;147.5
2014-04-14;7120;да;195.0;74.4;215.7
2014-04-21;7107;да;157.8;69.7;74.4
2014-04-28;7128;да;131.7;115.0;69.7
2014-05-05;7137;да;132.5;248.1;115.0
2014-05-12;7138;да;155.7;126.3;248.1
2014-05-19;7136;да;151.9;118.6;126.3
2014-05-26;7127;да;158.4;82.4;118.6
2014-06-02;7116;да;143.9;173.5;82.4
2014-06-09;7035;да;143.6;156.7;173.5
2014-06-16;7059;да;148.2;130.4;156.7
2014-06-23;6972;да;146.7;77.2;130.4
2014-06-30;6955;да;135.2;115.1;77.2
2014-07-07;6928;да;129.9;74.7;115.1
2014-07-14;7043;да;106.0;149.4;74.7
2014-07-21;6970;да;120.4;127.8;149.4
2014-07-28;7024;да;128.7;77.9;127.8
2014-08-04;7051;да;113.0;100.4;77.9
2014-08-11;7035;да;120.6;79.2;100.4
2014-08-18;7054;да;102.4;178.4;79.2
2014-08-25;7114;да;125.1;89.0;178.4
2014-09-01;7092;да;117.3;239.9;89.0
2014-09-08;7151;да;159.3;120.0;239.9
2014-09-15;7153;да;157.7;167.1;120.0
2014-09-22;7156;да;159.5;224.4;167.1
2014-09-29;7142;да;189.9;214.4;224.4
2014-10-06;7167;да;184.7;282.5;214.4
2014-10-13;7158;да;220.1;266.8;282.5
2014-10-20;7163;да;237.1;226.4;266.8
2014-10-27;7080;да;234.0;284.8;226.4
2014-11-03;7109;да;251.3;219.7;284.8
2014-11-10;7169;да;234.8;152.0;219.7
2014-11-17;7157;да;207.5;225.4;152.0
2014-11-24;7102;да;214.7;169.0;225.4
2014-12-01;7160;да;188.9;235.6;169.0
2014-12-08;7142;да;197.5;247.7;235.6
2014-12-15;7170;да;216.1;349.7;247.7
2014-12-22;5109;да;246.1;107.7;349.7
2014-12-29;5493;да;213.3;220.5;107.7
2015-01-05;7170;да;221.9;222.1;220.5
2015-01-12;7158;да;217.5;410.9;222.1
2015-01-19;7135;да;239.3;565.7;410.9
2015-01-26;7165;да;332.8;325.2;565.7
2015-02-02;7166;да;330.4;241.4;325.2
2015-02-09;7143;да;321.3;171.5;241.4
2015-02-16;7148;да;270.8;171.2;171.5
2015-02-23;7151;да;211.7;217.1;171.2
2015-03-02;7158;да;201.8;401.8;217.1
2015-03-09;7108;да;248.7;444.2;401.8
2015-03-16;7109;да;298.7;558.1;444.2
2015-03-23;7104;да;371.0;284.7;558.1
2015-03-30;7136;да;336.3;313.8;284.7
2015-04-06;7149;да;330.6;467.8;313.8
2015-04-13;7147;да;359.4;328.1;467.8
2015-04-20;7174;да;307.7;240.4;328.1
2015-04-27;7160;да;285.4;470.5;240.4
2015-05-04;7157;да;343.1;325.4;470.5
2015-05-11;7167;да;303.7;335.8;325.4
2015-05-18;7168;да;306.6;447.6;335.8
2015-05-25;7173;да;352.2;190.5;447.6
2015-06-01;7165;да;270.5;492.3;190.5
2015-06-08;7164;да;338.0;301.9;492.3
2015-06-15;7166;да;310.9;247.0;301.9
2015-06-22;7152;да;273.7;280.4;247.0
2015-06-29;7170;да;291.5;323.4;280.4
2015-07-06;7171;да;272.3;299.7;323.4
2015-07-13;7170;да;269.4;368.3;299.7
2015-07-20;7166;да;296.3;209.1;368.3
2015-07-27;7160;да;263.6;236.1;209.1
2015-08-03;7168;да;255.0;148.0;236.1
2015-08-10;7170;да;216.7;288.5;148.0
2015-08-17;7173;да;225.1;371.5;288.5
2015-08-24;7178;да;261.0;558.0;371.5
2015-08-31;7133;да;332.2;245.0;558.0
2015-09-07;7174;да;304.3;228.1;245.0
2015-09-14;7171;да;291.7;246.2;228.1
2015-09-21;7163;да;278.1;224.9;246.2
2015-09-28;7173;да;227.8;183.5;224.9
2015-10-05;7165;да;211.4;215.2;183.5
2015-10-12;7168;да;215.1;160.9;215.2
2015-10-19;7163;да;192.5;390.5;160.9
2015-10-26;7113;да;249.4;198.8;390.5
2015-11-02;7165;да;226.8;347.2;198.8
2015-11-09;7172;да;266.8;155.8;347.2
2015-11-16;7168;да;237.1;146.0;155.8
2015-11-23;7168;да;199.5;123.4;146.0
2015-11-30;7142;да;182.8;482.7;123.4
2015-12-07;7173;да;247.3;246.6;482.7
2015-12-14;7175;да;238.8;257.0;246.6
2015-12-21;5553;да;256.4;135.9;257.0
2015-12-28;5548;да;235.4;139.6;135.9
2016-01-04;7174;да;187.9;235.7;139.6
2016-01-11;7172;да;202.4;179.8;235.7
2016-01-18;7110;да;182.2;198.3;179.8
2016-01-25;7163;да;194.8;178.0;198.3
2016-02-01;7166;да;197.3;431.4;178.0
2016-02-08;7157;да;257.8;289.9;431.4
2016-02-15;7169;да;258.7;183.2;289.9
2016-02-22;7172;да;238.9;213.0;183.2
2016-02-29;7169;да;248.9;218.0;213.0
2016-03-07;7148;да;220.5;395.5;218.0
2016-03-14;7084;да;258.5;284.6;395.5
2016-03-21;7021;да;259.9;140.4;284.6
2016-03-28;7105;да;223.2;285.0;140.4
2016-04-04;7136;да;258.5;127.4;285.0
2016-04-11;7125;да;194.6;230.8;127.4
2016-04-18;7118;да;204.3;180.5;230.8
2016-04-25;7134;да;203.0;241.2;180.5
2016-05-02;7136;да;205.0;230.2;241.2
2016-05-09;7151;да;219.2;163.5;230.2
2016-05-16;7128;да;199.0;168.5;163.5
2016-05-23;7139;да;197.9;132.0;168.5
2016-05-30;7117;да;174.9;275.8;132.0
2016-06-06;7136;да;202.3;170.2;275.8
2016-06-13;7160;да;189.9;171.9;170.2
2016-06-20;7161;да;190.5;518.0;171.9
2016-06-27;7166;да;284.1;198.8;518.0
2016-07-04;7127;да;239.6;183.9;198.8
2016-07-11;7141;да;238.6;149.2;183.9
2016-07-18;7152;да;228.1;128.6;149.2
2016-07-25;7136;да;169.9;245.5;128.6
2016-08-01;7131;да;194.7;187.8;245.5
2016-08-08;7133;да;187.8;150.8;187.8
2016-08-15;7141;да;182.0;212.8;150.8
2016-08-22;7127;да;203.9;174.6;212.8
2016-08-29;7147;да;187.8;128.9;174.6
2016-09-05;7121;да;171.0;187.5;128.9
2016-09-12;7154;да;186.1;134.0;187.5
2016-09-19;7157;да;165.4;134.3;134.0
2016-09-26;7143;да;158.8;125.7;134.3
2016-10-03;7154;да;156.4;140.1;125.7
2016-10-10;7155;да;150.9;232.8;140.1
2016-10-17;7129;да;180.1;180.0;232.8
2016-10-24;7133;да;180.7;140.8;180.0
2016-10-31;7098;да;176.4;205.8;140.8
2016-11-07;7163;да;196.4;469.1;205.8
2016-11-14;7173;да;259.5;272.7;469.1
2016-11-21;7149;да;252.4;140.2;272.7
2016-11-28;7164;да;228.5;137.2;140.2
2016-12-05;7166;да;217.5;367.2;137.2
2016-12-12;7163;да;238.8;303.5;367.2
2016-12-19;7148;да;237.1;147.0;303.5
2016-12-26;6652;да;213.5;280.5;147.0
2017-01-02;7025;да;254.0;281.9;280.5
2017-01-09;7169;да;242.9;230.7;281.9
2017-01-16;7168;да;226.2;139.7;230.7
2017-01-23;7175;да;209.5;117.1;139.7
2017-01-30;7166;да;181.9;208.6;117.1
2017-02-06;7171;да;187.7;183.1;208.6
2017-02-13;7171;да;176.8;158.1;183.1
2017-02-20;7166;да;175.6;139.1;158.1
2017-02-27;7152;да;175.2;136.0;139.1
2017-03-06;7159;да;163.6;174.0;136.0
2017-03-13;7104;да;168.4;182.1;174.0
2017-03-20;7089;да;173.5;105.4;182.1
2017-03-27;7156;да;154.5;254.4;105.4
2017-04-03;7135;да;195.2;108.4;254.4
2017-04-10;7106;да;163.8;107.7;108.4
2017-04-17;7123;да;151.6;174.8;107.7
2017-04-24;7165;да;173.5;129.9;174.8
2017-05-01;7137;да;146.5;124.8;129.9
2017-05-08;7150;да;148.1;177.7;124.8
2017-05-15;7122;да;167.4;289.1;177.7
2017-05-22;7140;да;198.9;107.6;289.1
2017-05-29;7084;да;170.6;175.4;107.6
2017-06-05;7130;да;189.3;117.6;175.4
2017-06-12;7113;да;170.8;163.7;117.6
2017-06-19;7100;да;158.0;93.9;163.7
2017-06-26;7105;да;144.4;273.7;93.9
2017-07-03;7114;да;182.4;127.3;273.7
2017-07-10;7126;да;168.2;118.9;127.3
2017-07-17;7140;да;159.4;248.0;118.9
2017-07-24;7139;да;199.1;163.8;248.0
2017-07-31;7152;да;172.8;186.3;163.8
2017-08-07;7136;да;184.9;157.1;186.3
2017-08-14;7145;да;187.3;175.8;157.1
2017-08-21;7116;да;178.1;209.9;175.8
2017-08-28;7151;да;189.2;247.0;209.9
2017-09-04;7134;да;202.5;224.1;247.0
2017-09-11;7141;да;210.8;191.5;224.1
2017-09-18;7134;да;209.4;173.2;191.5
2017-09-25;7153;да;201.6;219.7;173.2
2017-10-02;7152;да;202.8;145.4;219.7
2017-10-09;7127;да;181.9;160.3;145.4
2017-10-16;7122;да;178.8;128.0;160.3
2017-10-23;7150;да;167.1;263.0;128.0
2017-10-30;7101;да;188.3;96.8;263.0
2017-11-06;7164;да;162.2;124.9;96.8
2017-11-13;7139;да;160.0;223.1;124.9
2017-11-20;7130;да;186.0;231.6;223.1
2017-11-27;7163;да;181.7;152.6;231.6
2017-12-04;7149;да;183.1;148.7;152.6
2017-12-11;7144;да;186.1;145.0;148.7
2017-12-18;7160;да;173.1;164.1;145.0
2017-12-25;5348;да;164.1;179.3;164.1
2018-01-01;5720;да;170.2;87.8;179.3
2018-01-08;7159;да;148.2;302.9;87.8
2018-01-15;7162;да;194.8;158.5;302.9
2018-01-22;7160;да;183.1;323.9;158.5
2018-01-29;7160;да;218.6;188.2;323.9
2018-02-05;7167;да;224.3;269.5;188.2
2018-02-12;7146;да;225.7;320.8;269.5
2018-02-19;7149;да;254.0;175.5;320.8
2018-02-26;7154;да;220.4;200.3;175.5
2018-03-05;7164;да;224.4;177.2;200.3
2018-03-12;7070;да;208.1;152.5;177.2
2018-03-19;7064;да;179.0;149.1;152.5
2018-03-26;7052;да;174.2;192.7;149.1
2018-04-02;7104;да;176.7;129.9;192.7
2018-04-09;7152;да;163.0;136.1;129.9
2018-04-16;7111;да;160.6;164.2;136.1
2018-04-23;7122;да;165.7;234.3;164.2
2018-04-30;7141;да;178.2;228.2;234.3
2018-05-07;7129;да;194.7;155.3;228.2
2018-05-14;7135;да;191.3;246.3;155.3
2018-05-21;7133;да;212.0;184.3;246.3
2018-05-28;7127;да;199.3;218.3;184.3
2018-06-04;7121;да;200.5;187.6;218.3
2018-06-11;7119;да;203.1;308.9;187.6
2018-06-18;7120;да;221.6;166.9;308.9
2018-06-25;7139;да;208.4;193.3;166.9
2018-07-02;7095;да;206.8;176.6;193.3
2018-07-09;7136;да;203.6;177.8;176.6
2018-07-16;7131;да;182.6;169.9;177.8
2018-07-23;7135;да;182.4;131.3;169.9
2018-07-30;7087;да;168.4;185.9;131.3
2018-08-06;7084;да;174.7;240.1;185.9
2018-08-13;7120;да;189.2;143.9;240.1
2018-08-20;7113;да;177.4;245.3;143.9
2018-08-27;7112;да;203.7;149.0;245.3
2018-09-03;7049;да;190.5;128.9;149.0
2018-09-10;7012;да;170.2;195.6;128.9
2018-09-17;7072;да;184.4;184.8;195.6
2018-09-24;7095;да;173.5;245.5;184.8
2018-10-01;7084;да;193.9;161.5;245.5
2018-10-08;7127;да;193.0;178.3;161.5
2018-10-15;7114;да;191.6;188.2;178.3
2018-10-22;7091;да;192.9;214.4;188.2
2018-10-29;7059;да;189.7;153.8;214.4
2018-11-05;7154;да;183.8;183.5;153.8
2018-11-12;7156;да;187.0;204.9;183.5
2018-11-19;7062;да;191.3;144.7;204.9
2018-11-26;7112;да;175.1;134.5;144.7
2018-12-03;7143;да;170.7;112.9;134.5
2018-12-10;7153;да;156.3;173.1;112.9
2018-12-17;7147;да;155.9;188.7;173.1
2018-12-24;5183;да;165.0;129.9;188.7
2018-12-31;5166;да;159.4;193.2;129.9
2019-01-07;7147;да;178.2;174.5;193.2
2019-01-14;7132;да;177.1;136.5;174.5
2019-01-21;7132;да;165.0;128.3;136.5
2019-01-28;7146;да;163.7;124.1;128.3
2019-02-04;7108;да;151.2;139.3;124.1
2019-02-11;7116;да;146.1;107.3;139.3
2019-02-18;7096;да;137.6;95.6;107.3
2019-02-25;7106;да;129.9;91.8;95.6
2019-03-04;7127;да;122.9;205.1;91.8
2019-03-11;7040;да;144.5;122.6;205.1
2019-03-18;7042;да;141.6;175.0;122.6
2019-03-25;7075;да;160.0;121.8;175.0
2019-04-01;7051;да;160.8;71.0;121.8
2019-04-08;7038;да;130.7;115.1;71.0
2019-04-15;6865;да;134.0;97.6;115.1
2019-04-22;6993;да;117.3;151.2;97.6
2019-04-29;6958;да;127.7;130.0;151.2
2019-05-06;7123;да;137.4;86.9;130.0
2019-05-13;7046;да;127.4;108.2;86.9
2019-05-20;7029;да;131.4;105.1;108.2
2019-05-27;6932;да;122.1;99.1;105.1
2019-06-03;7081;да;115.2;187.5;99.1
2019-06-10;7023;да;142.0;141.1;187.5
2019-06-17;7035;да;144.8;196.5;141.1
2019-06-24;7086;да;165.7;67.9;196.5
2019-07-01;6988;да;147.2;163.6;67.9
2019-07-08;7021;да;152.7;92.5;163.6
2019-07-15;7035;да;137.6;84.1;92.5
2019-07-22;7012;да;115.0;124.0;84.1
2019-07-29;7069;да;129.4;135.2;124.0
2019-08-05;7137;да;124.7;147.3;135.2
2019-08-12;7096;да;136.4;164.3;147.3
2019-08-19;7001;да;152.7;101.7;164.3
2019-08-26;7046;да;143.1;200.9;101.7
2019-09-02;6982;да;162.7;159.1;200.9
2019-09-09;7089;да;162.2;182.9;159.1
2019-09-16;7140;да;167.2;96.1;182.9
2019-09-23;7098;да;158.7;121.0;96.1
2019-09-30;7078;да;146.7;120.6;121.0
2019-10-07;7079;да;139.5;122.0;120.6
2019-10-14;7096;да;128.0;181.2;122.0
2019-10-21;7066;да;148.5;106.5;181.2
2019-10-28;6996;да;140.0;102.1;106.5
2019-11-04;7093;да;135.9;158.8;102.1
2019-11-11;7039;да;147.3;67.8;158.8
2019-11-18;6901;да;117.6;82.4;67.8
2019-11-25;7025;да;114.0;51.0;82.4
2019-12-02;7028;да;99.0;113.0;51.0
2019-12-09;7062;да;95.6;146.0;113.0
2019-12-16;7096;да;115.1;108.3;146.0
2019-12-23;5022;да;117.5;118.9;108.3
2019-12-30;5141;да;131.4;114.2;118.9
2020-01-06;7053;да;131.1;120.5;114.2
2020-01-13;6980;да;126.7;86.5;120.5
2020-01-20;6987;да;119.0;98.3;86.5
2020-01-27;6982;да;116.0;103.4;98.3
2020-02-03;6972;да;114.2;151.0;103.4
2020-02-10;7054;да;124.1;130.2;151.0
2020-02-17;7063;да;131.2;85.9;130.2
2020-02-24;7156;да;124.3;248.1;85.9
2020-03-02;7159;да;163.3;318.4;248.1
2020-03-09;7111;да;198.4;441.3;318.4
2020-03-16;7101;да;259.1;599.3;441.3
2020-03-23;7099;да;350.0;511.2;599.3
2020-03-30;7136;да;383.2;371.5;511.2
2020-04-06;7130;да;376.9;184.0;371.5
2020-04-13;7113;да;312.9;178.7;184.0
2020-04-20;7102;да;254.9;169.7;178.7
2020-04-27;7124;да;205.7;209.1;169.7
2020-05-04;7123;да;186.5;209.3;209.1
2020-05-11;7129;да;190.5;121.7;209.3
2020-05-18;7124;да;168.9;208.5;121.7
2020-05-25;7093;да;187.4;274.5;208.5
2020-06-01;7128;да;205.0;283.3;274.5
2020-06-08;7116;да;217.8;209.8;283.3
2020-06-15;7140;да;222.2;185.1;209.8
2020-06-22;7138;да;215.1;180.2;185.1
2020-06-29;7127;да;200.6;117.7;180.2
2020-07-06;7105;да;165.3;128.8;117.7
2020-07-13;7121;да;154.6;151.0;128.8
2020-07-20;7123;да;152.5;255.9;151.0
2020-07-27;7121;да;177.5;270.4;255.9
2020-08-03;7122;да;204.4;220.5;270.4
2020-08-10;7092;да;212.1;153.0;220.5
2020-08-17;7121;да;201.3;211.5;153.0
2020-08-24;7115;да;204.5;157.6;211.5
2020-08-31;7072;да;179.6;230.5;157.6
2020-09-07;7095;да;191.4;164.8;230.5
2020-09-14;7065;да;184.1;163.3;164.8
2020-09-21;7121;да;176.6;259.7;163.3
2020-09-28;7081;да;204.9;154.6;259.7
2020-10-05;7091;да;179.2;125.2;154.6
2020-10-12;7103;да;168.0;138.4;125.2
2020-10-19;7096;да;166.5;177.4;138.4
2020-10-26;7048;да;159.4;215.7;177.4
2020-11-02;7125;да;174.3;288.9;215.7
2020-11-09;7132;да;208.9;174.5;288.9
2020-11-16;7100;да;198.9;79.6;174.5
2020-11-23;7078;да;163.9;163.5;79.6
2020-11-30;7135;да;174.9;254.1;163.5
2020-12-07;7088;да;181.5;107.8;254.1
2020-12-14;7107;да;149.8;157.3;107.8
2020-12-21;5511;да;170.4;127.7;157.3
2020-12-28;5470;да;159.8;130.2;127.7
2021-01-04;7138;да;140.6;156.8;130.2
2021-01-11;7094;да;152.7;147.7;156.8
2021-01-18;7042;да;149.8;136.0;147.7
2021-01-25;7088;да;149.3;124.9;136.0
2021-02-01;7112;да;146.5;184.3;124.9
2021-02-08;7019;да;159.7;129.8;184.3
2021-02-15;7074;да;148.9;146.3;129.8
2021-02-22;7110;да;153.1;181.2;146.3
2021-03-01;7099;да;167.1;220.4;181.2
2021-03-08;7076;да;178.0;154.5;220.4
2021-03-15;7032;да;172.8;115.1;154.5
2021-03-22;7036;да;160.9;185.2;115.1
2021-03-29;6959;да;173.0;89.8;185.2
2021-04-05;6997;да;136.5;189.4;89.8
2021-04-12;7018;да;157.7;123.5;189.4
2021-04-19;7022;да;149.8;157.5;123.5
2021-04-26;7050;да;150.4;133.5;157.5
2021-05-03;6980;да;154.0;185.6;133.5
2021-05-10;7041;да;160.5;130.5;185.6
2021-05-17;7028;да;154.0;119.0;130.5
2021-05-24;7039;да;145.9;133.9;119.0
2021-05-31;6892;да;148.2;150.5;133.9
2021-06-07;6983;да;144.7;125.2;150.5
2021-06-14;7028;да;140.2;300.2;125.2
2021-06-21;7003;да;190.0;127.5;300.2
2021-06-28;6986;да;168.6;137.6;127.5
2021-07-05;7023;да;168.1;113.8;137.6
2021-07-12;6978;да;162.1;108.3;113.8
2021-07-19;7022;да;130.6;78.7;108.3
2021-07-26;6999;да;116.7;145.3;78.7
2021-08-02;6984;да;128.4;145.4;145.3
2021-08-09;6938;да;134.2;98.7;145.4
2021-08-16;6971;да;125.5;136.7;98.7
2021-08-23;6941;да;141.1;113.6;136.7
2021-08-30;6865;да;132.3;126.1;113.6
2021-09-06;6945;да;130.8;84.4;126.1
2021-09-13;6984;да;121.3;121.1;84.4
2021-09-20;6975;да;124.5;72.2;121.1
2021-09-27;6950;да;108.9;163.0;72.2
2021-10-04;7025;да;128.4;110.9;163.0
2021-10-11;6950;да;126.7;100.7;110.9
2021-10-18;7008;да;121.5;97.6;100.7
2021-10-25;6999;да;125.2;156.9;97.6
2021-11-01;6986;да;132.0;103.0;156.9
2021-11-08;7119;да;123.6;176.2;103.0
2021-11-15;7123;да;146.1;214.1;176.2
2021-11-22;6961;да;170.4;140.9;214.1
2021-11-29;7110;да;158.9;148.5;140.9
2021-12-06;7071;да;167.2;127.3;148.5
2021-12-13;7074;да;156.3;138.7;127.3
2021-12-20;6888;да;145.5;109.0;138.7
2021-12-27;6835;да;135.7;112.8;109.0
2022-01-03;7097;да;130.1;106.3;112.8
2022-01-10;7081;да;125.4;197.9;106.3
2022-01-17;7111;да;146.9;133.5;197.9
2022-01-24;7114;да;143.8;223.6;133.5
2022-01-31;7094;да;172.9;345.5;223.6
2022-02-07;7105;да;223.5;165.1;345.5
2022-02-14;7129;да;198.2;115.9;165.1
2022-02-21;7136;да;186.4;284.3;115.9
2022-02-28;7148;да;218.9;360.6;284.3
2022-03-07;7145;да;228.4;315.1;360.6
2022-03-14;7067;да;247.5;236.9;315.1
2022-03-21;7067;да;255.0;109.2;236.9
2022-03-28;7105;да;207.1;240.1;109.2
2022-04-04;7103;да;213.0;217.9;240.1
2022-04-11;7067;да;195.7;175.8;217.9
2022-04-18;7111;да;180.9;175.2;175.8
2022-04-25;7138;да;190.8;343.0;175.2
2022-05-02;7096;да;224.9;158.9;343.0
2022-05-09;7127;да;195.0;243.0;158.9
2022-05-16;7115;да;216.1;218.0;243.0
2022-05-23;7077;да;219.4;209.6;218.0
2022-05-30;7115;да;198.5;159.9;209.6
2022-06-06;7108;да;192.0;268.0;159.9
2022-06-13;7115;да;208.8;242.3;268.0
2022-06-20;7119;да;210.0;137.0;242.3
2022-06-27;7124;да;185.0;249.4;137.0
2022-07-04;7104;да;213.2;390.9;249.4
2022-07-11;7130;да;245.0;231.3;390.9
2022-07-18;7117;да;228.0;199.7;231.3
2022-07-25;7125;да;232.6;161.4;199.7
2022-08-01;7134;да;214.1;171.4;161.4
2022-08-08;7117;да;183.7;209.3;171.4
2022-08-15;7124;да;185.0;236.4;209.3
2022-08-22;7125;да;193.8;189.1;236.4
2022-08-29;7129;да;192.6;168.3;189.1
2022-09-05;7132;да;189.2;249.9;168.3
2022-09-12;7148;да;205.4;252.9;249.9
2022-09-19;7153;да;208.3;382.5;252.9
2022-09-26;7151;да;250.2;318.0;382.5
2022-10-03;7146;да;265.9;273.5;318.0
2022-10-10;7138;да;263.9;176.9;273.5
2022-10-17;7152;да;238.8;170.7;176.9
2022-10-24;7142;да;208.9;286.8;170.7
2022-10-31;7076;да;219.6;245.9;286.8
2022-11-07;7163;да;211.0;459.5;245.9
2022-11-14;7150;да;274.0;208.5;459.5
2022-11-21;7112;да;250.6;226.0;208.5
2022-11-28;7163;да;245.2;254.7;226.0
2022-12-05;7128;да;250.4;151.2;254.7
2022-12-12;7141;да;191.9;230.2;151.2
2022-12-19;7148;да;206.4;86.1;230.2
2022-12-26;6667;да;162.0;106.9;86.1
2023-01-02;6989;да;144.2;225.6;106.9
2023-01-09;7120;да;172.5;230.2;225.6
2023-01-16;7119;да;173.3;121.3;230.2
2023-01-23;7101;да;163.8;94.4;121.3
2023-01-30;7139;да;156.0;240.7;94.4
2023-02-06;7146;да;180.1;132.6;240.7
2023-02-13;7128;да;151.1;191.9;132.6
2023-02-20;7125;да;170.3;168.5;191.9
2023-02-27;7141;да;178.8;158.4;168.5
2023-03-06;7117;да;164.7;176.4;158.4
2023-03-13;7079;да;174.0;243.8;176.4
2023-03-20;7086;да;190.0;298.5;243.8
2023-03-27;7122;да;215.9;181.5;298.5
2023-04-03;7076;да;205.1;184.9;181.5
2023-04-10;7107;да;206.8;244.5;184.9
2023-04-17;7079;да;214.8;90.5;244.5
2023-04-24;7132;да;160.2;132.8;90.5
2023-05-01;7141;да;161.1;149.7;132.8
2023-05-08;7112;да;158.1;205.9;149.7
2023-05-15;7106;да;158.7;144.6;205.9
2023-05-22;7123;да;159.9;129.5;144.6
2023-05-29;7107;да;157.0;143.8;129.5
2023-06-05;7127;да;158.2;120.2;143.8
2023-06-12;7159;да;140.9;237.4;120.2
2023-06-19;7144;да;170.5;167.9;237.4
2023-06-26;7141;да;168.8;141.6;167.9
2023-07-03;7159;да;164.6;139.9;141.6
2023-07-10;7167;да;167.3;301.5;139.9
2023-07-17;7150;да;195.9;167.9;301.5
2023-07-24;7142;да;181.3;206.1;167.9
2023-07-31;7146;да;196.0;133.5;206.1
2023-08-07;7117;да;184.2;136.0;133.5
2023-08-14;7148;да;160.2;115.3;136.0
2023-08-21;7132;да;148.5;164.6;115.3
2023-08-28;7121;да;148.9;173.3;164.6
2023-09-04;7009;да;156.6;122.7;173.3
2023-09-11;7123;да;147.4;137.3;122.7
2023-09-18;7106;да;153.1;121.8;137.3
2023-09-25;7111;да;143.9;167.5;121.8
2023-10-02;7132;да;149.2;151.6;167.5
2023-10-09;7162;да;151.9;144.1;151.6
2023-10-16;7138;да;152.0;111.5;144.1
2023-10-23;7163;да;145.2;172.1;111.5
2023-10-30;7100;да;154.6;230.0;172.1
2023-11-06;7144;да;174.0;100.1;230.0
2023-11-13;7138;да;149.3;250.5;100.1
2023-11-20;7093;да;190.7;112.8;250.5
2023-11-27;7159;да;164.1;188.4;112.8
2023-12-04;7165;да;168.0;171.4;188.4
2023-12-11;7155;да;177.3;267.6;171.4
2023-12-18;7171;да;190.0;148.5;267.6
2023-12-25;5362;да;182.3;130.7;148.5
2024-01-01;5722;да;170.9;168.0;130.7
2024-01-08;7103;да;175.6;89.0;168.0
2024-01-15;7131;да;135.6;123.0;89.0
2024-01-22;7165;да;136.7;119.1;123.0
2024-01-29;7166;да;134.1;117.6;119.1
2024-02-05;7149;да;125.2;72.4;117.6
2024-02-12;7154;да;114.9;110.7;72.4
2024-02-19;7145;да;118.7;126.2;110.7
2024-02-26;7138;да;122.0;70.0;126.2
2024-03-04;7170;да;105.0;145.3;70.0
2024-03-11;7081;да;128.4;90.7;145.3
2024-03-18;7080;да;117.8;140.7;90.7
2024-03-25;7059;да;126.7;96.3;140.7
2024-04-01;7109;да;125.7;151.9;96.3
2024-04-08;7120;да;133.7;262.5;151.9
2024-04-15;7151;да;173.8;89.1;262.5
2024-04-22;7133;да;145.8;128.9;89.1
2024-04-29;7156;да;157.0;162.9;128.9
2024-05-06;7112;да;162.9;66.9;162.9
2024-05-13;7113;да;116.6;129.2;66.9
2024-05-20;7137;да;132.6;79.7;129.2
2024-05-27;7072;да;117.2;100.8;79.7
2024-06-03;7130;да;108.7;116.6;100.8
2024-06-10;7139;да;119.8;184.6;116.6
2024-06-17;7043;да;136.7;90.4;184.6
2024-06-24;7104;да;128.1;80.3;90.4
2024-07-01;7030;да;122.7;132.6;80.3
2024-07-08;7082;да;132.5;112.9;132.6
2024-07-15;7130;да;117.2;76.6;112.9
2024-07-22;7140;да;109.7;76.8;76.6
2024-07-29;7146;да;108.8;149.2;76.8
2024-08-05;7157;да;120.3;127.3;149.2
2024-08-12;7155;да;121.0;137.6;127.3
2024-08-19;7164;да;133.3;178.3;137.6
2024-08-26;7160;да;155.2;157.7;178.3
2024-09-02;7093;да;154.6;129.2;157.7
2024-09-09;7119;да;151.5;99.9;129.2
2024-09-16;7161;да;141.1;120.7;99.9
2024-09-23;7149;да;134.2;130.7;120.7
2024-09-30;7166;да;130.6;257.6;130.7
2024-10-07;7151;да;164.8;97.1;257.6
2024-10-14;7132;да;147.5;125.6;97.1
2024-10-21;7150;да;152.3;110.2;125.6
2024-10-28;7155;да;146.7;136.8;110.2
2024-11-04;7148;да;129.2;254.5;136.8
2024-11-11;7167;да;167.6;231.5;254.5
2024-11-18;7170;да;183.8;277.1;231.5
2024-11-25;7133;да;214.4;172.1;277.1
2024-12-02;7179;да;207.9;169.2;172.1
2024-12-09;7176;да;195.0;141.2;169.2
2024-12-16;7182;да;177.5;191.2;141.2
2024-12-23;5069;да;170.3;61.9;191.2
2024-12-30;5548;да;133.2;234.2;61.9
2025-01-06;7186;да;165.9;223.6;234.2
2025-01-13;7178;да;179.1;176.7;223.6
2025-01-20;7184;да;172.3;255.3;176.7
2025-01-27;7185;да;210.3;183.5;255.3
2025-02-03;7188;да;195.3;231.6;183.5
2025-02-10;7178;да;201.5;235.5;231.6
2025-02-17;7143;да;211.0;105.8;235.5
2025-02-24;7161;да;172.0;169.0;105.8
2025-03-03;7178;да;178.6;500.2;169.0
2025-03-10;7106;да;245.4;142.1;500.2
2025-03-17;7088;да;201.9;157.5;142.1
2025-03-24;7109;да;211.2;125.5;157.5
2025-03-31;7179;да;199.7;367.9;125.5
2025-04-07;7169;да;201.7;594.1;367.9
2025-04-14;7161;да;286.9;160.4;594.1
2025-04-21;7183;да;248.9;265.6;160.4
2025-04-28;7167;да;281.1;159.2;265.6
2025-05-05;7175;да;239.1;184.6;159.2
2025-05-12;7179;да;184.7;200.5;184.6
2025-05-19;7183;да;192.5;204.7;200.5
2025-05-26;7145;да;183.6;208.6;204.7
2025-06-02;7168;да;191.6;153.5;208.6
2025-06-09;7140;да;180.7;258.6;153.5
2025-06-16;7175;да;200.3;168.6;258.6
2025-06-23;7168;да;185.9;301.6;168.6
2025-06-30;7165;да;212.4;122.1;301.6
2025-07-07;7172;да;188.9;127.7;122.1
2025-07-14;7167;да;170.2;165.0;127.7
2025-07-21;7168;да;174.3;174.1;165.0
2025-07-28;7164;да;154.7;378.8;174.1
2025-08-04;7180;да;212.1;171.0;378.8
2025-08-11;7171;да;200.8;140.1;171.0
2025-08-18;7140;да;192.9;159.7;140.1
2025-08-25;7169;да;193.5;152.8;159.7
2025-09-01;7133;да;158.3;151.3;152.8
2025-09-08;7164;да;155.0;120.6;151.3
2025-09-15;7129;да;148.0;202.5;120.6
2025-09-22;7139;да;163.9;174.4;202.5
2025-09-29;7148;да;164.7;95.6;174.4
2025-10-06;7167;да;145.7;188.7;95.6
2025-10-13;7166;да;168.0;185.9;188.7
2025-10-20;7147;да;165.1;98.6;185.9
2025-10-27;7111;да;142.5;147.2;98.6
2025-11-03;7154;да;157.1;122.5;147.2
2025-11-10;7169;да;143.3;114.9;122.5
2025-11-17;7177;да;130.4;133.1;114.9
2025-11-24;7131;да;138.4;111.4;133.1
2025-12-01;7148;да;129.7;92.6;111.4
2025-12-08;7178;да;121.9;147.6;92.6
2025-12-15;7158;да;134.0;101.4;147.6
2025-12-22;5083;да;123.2;101.9;101.4
2025-12-29;5526;да;121.5;75.8;101.9
2026-01-05;7153;да;114.7;124.7;75.8
2026-01-12;7163;да;116.6;114.0;124.7
2026-01-19;7147;да;117.8;256.2;114.0
2026-01-26;7184;да;157.6;246.1;256.2
2026-02-02;7182;да;185.7;109.0;246.1
2026-02-09;7178;да;167.6;119.1;109.0
2026-02-16;7108;да;169.8;133.4;119.1
2026-02-23;7174;да;152.9;68.5;133.4
2026-03-02;7186;да;113.9;265.6;68.5
2026-03-09;7129;да;161.2;256.6;265.6
2026-03-16;7115;да;183.9;201.9;256.6
2026-03-23;7126;да;189.5;155.4;201.9
2026-03-30;7112;да;196.4;184.0;155.4
2026-04-06;7163;да;188.3;234.6;184.0
2026-04-13;7174;да;190.2;185.3;234.6
2026-04-20;7162;да;182.7;121.5;185.3
2026-04-27;7140;да;169.3;130.1;121.5
2026-05-04;7152;да;162.4;120.2;130.1
2026-05-11;7154;да;143.2;170.9;120.2
2026-05-18;7162;да;146.7;84.9;170.9
2026-05-25;7138;да;129.6;99.6;84.9
2026-06-01;7148;да;126.7;146.8;99.6
2026-06-08;7160;да;137.1;90.0;146.8
2026-06-15;7167;да;116.0;204.0;90.0
2026-06-22;7166;да;148.9;149.1;204.0
2026-06-29;7133;да;152.0;111.0;149.1
2026-07-06;7146;да;141.3;69.5;111.0
2026-07-13;7152;да;130.7;105.1;69.5
2026-07-20;4941;нет;120.3;54.1;105.1
