periodMinutes;periodLabel;vsPriceAll;vsPriceIn;vsPriceOut;vsPricePips;vsPriceEquity;vsPriceMaxDd;vsCrossAll;vsCrossIn;vsCrossOut;vsCrossPips;vsCrossEquity;vsCrossMaxDd
30;30m;0.5021;0.5098;0.4887;3385;154627;25.27;0.4869;0.4967;0.4699;2230;152424;25.22
60;1h;0.5213;0.5336;0.5000;4855;304109;18.84;0.4924;0.5033;0.4737;2650;176011;21.94
90;1h;0.4966;0.5033;0.4850;2965;190312;18.84;0.4952;0.5119;0.4662;2860;185421;23.94
120;2h;0.5007;0.5011;0.5000;3280;205776;23.07;0.4924;0.5098;0.4624;2650;176011;24.19
150;2h;0.5089;0.5141;0.5000;3910;240574;20.71;0.4979;0.5141;0.4699;3070;195333;22.19
180;3h;0.5365;0.5401;0.5301;6010;404975;21.56;0.5034;0.5163;0.4812;3490;216776;21.60
210;3h;0.5254;0.5315;0.5150;5170;328818;23.07;0.5021;0.5163;0.4774;3385;211204;23.94
240;4h;0.5186;0.5184;0.5188;4645;288676;24.89;0.5062;0.5206;0.4812;3700;228365;23.94
270;4h;0.5213;0.5141;0.5338;4855;304109;20.87;0.5089;0.5271;0.4774;3910;240574;21.94
300;5h;0.5172;0.5119;0.5263;4540;281256;20.87;0.5117;0.5336;0.4737;4120;253435;21.94
330;5h;0.5172;0.5184;0.5150;4540;281256;21.24;0.5062;0.5293;0.4662;3700;228365;24.19
360;6h;0.5199;0.5228;0.5150;4750;296292;23.27;0.5048;0.5249;0.4699;3595;222495;24.19
390;6h;0.5062;0.4946;0.5263;3700;228365;24.20;0.5076;0.5206;0.4850;3805;234390;21.60
420;7h;0.5089;0.4946;0.5338;3910;240574;24.50;0.5034;0.5184;0.4774;3490;216776;24.19
450;7h;0.5076;0.4989;0.5226;3805;114816;25.10;0.5034;0.5163;0.4812;3490;216776;22.19
480;8h;0.5131;0.5011;0.5338;4225;111865;25.10;0.5021;0.5163;0.4774;3385;211204;22.19
510;8h;0.5076;0.4967;0.5263;3805;108990;25.10;0.4924;0.5098;0.4624;2650;182901;25.22
540;9h;0.5034;0.4902;0.5263;3490;100800;25.10;0.4883;0.5011;0.4662;2335;169157;25.22
570;9h;0.5021;0.4859;0.5301;3385;103459;25.10;0.4883;0.5033;0.4624;2335;173450;25.30
600;10h;0.5117;0.4967;0.5376;4120;106188;25.10;0.4828;0.5011;0.4511;1915;160259;25.37
630;10h;0.5062;0.4902;0.5338;3700;103358;25.17;0.4814;0.4989;0.4511;1810;152275;25.30
660;11h;0.5076;0.4902;0.5376;3805;103358;25.17;0.4897;0.5076;0.4586;2440;178026;25.30
690;11h;0.5076;0.4881;0.5414;3805;103459;25.10;0.4869;0.5033;0.4586;2230;168992;25.30
720;12h;0.5076;0.4924;0.5338;3805;106071;25.18;0.4842;0.5011;0.4549;2020;165152;25.07
750;12h;0.5048;0.4989;0.5150;3595;111742;25.18;0.4842;0.5033;0.4511;2020;169178;25.21
780;13h;0.5048;0.5033;0.5075;3595;114690;25.18;0.4787;0.4967;0.4474;1600;152443;25.21
810;13h;0.5076;0.5033;0.5150;3805;120821;25.18;0.4787;0.5011;0.4398;1600;160811;25.11
840;14h;0.5076;0.5033;0.5150;3805;124009;25.18;0.4746;0.4967;0.4361;1285;152650;25.11
870;14h;0.5144;0.5119;0.5188;4330;266983;23.98;0.4773;0.4989;0.4398;1495;156465;25.21
900;15h;0.5117;0.5098;0.5150;4120;253435;23.98;0.4773;0.4967;0.4436;1495;156465;25.21
930;15h;0.5117;0.5141;0.5075;4120;253435;23.98;0.4746;0.4924;0.4436;1285;148525;25.21
960;16h;0.5089;0.5119;0.5038;3910;240574;24.61;0.4704;0.4816;0.4511;970;130776;25.28
990;16h;0.5103;0.5119;0.5075;4015;246920;24.61;0.4635;0.4772;0.4398;445;120830;25.07
1020;17h;0.5062;0.5119;0.4962;3700;167012;25.30;0.4663;0.4729;0.4549;655;115119;25.15
1050;17h;0.4979;0.5011;0.4925;3070;124966;25.27;0.4622;0.4729;0.4436;340;114746;25.04
1080;18h;0.4966;0.4989;0.4925;2965;142855;25.30;0.4635;0.4751;0.4436;445;117658;25.11
1110;18h;0.4979;0.4989;0.4962;3070;142855;25.30;0.4608;0.4729;0.4398;235;114634;25.11
1140;19h;0.4924;0.4924;0.4925;2650;132120;25.30;0.4594;0.4772;0.4286;130;120645;25.18
1170;19h;0.4979;0.4989;0.4962;3070;139183;25.30;0.4622;0.4794;0.4323;340;123827;25.18
1200;20h;0.4966;0.4989;0.4925;2965;139183;25.30;0.4622;0.4816;0.4286;340;127343;25.04
1230;20h;0.4979;0.4967;0.5000;3070;135537;25.34;0.4608;0.4794;0.4286;235;117774;25.04
1260;21h;0.4993;0.4946;0.5075;3175;132053;25.34;0.4635;0.4794;0.4361;445;120830;25.07
1290;21h;0.5034;0.5011;0.5075;3490;142782;25.34;0.4635;0.4772;0.4398;445;117725;25.07
1320;22h;0.5007;0.4967;0.5075;3280;135537;25.34;0.4677;0.4794;0.4474;760;123519;25.37
1350;22h;0.5007;0.4967;0.5075;3280;135537;25.34;0.4732;0.4902;0.4436;1180;139913;25.21
1380;23h;0.5007;0.4967;0.5075;3280;135537;25.34;0.4732;0.4881;0.4474;1180;137078;25.37
1410;23h;0.5034;0.4989;0.5113;3490;216776;23.76;0.4663;0.4772;0.4474;655;123948;25.11
1440;1d;0.5048;0.5011;0.5113;3595;222495;21.74;0.4649;0.4751;0.4474;550;123827;25.18
1470;1.02d;0.5062;0.5033;0.5113;3700;228365;20.75;0.4649;0.4772;0.4436;550;123706;25.26
1500;1.04d;0.5103;0.5076;0.5150;4015;246920;19.68;0.4635;0.4772;0.4398;445;123706;25.26
1530;1.06d;0.5089;0.5054;0.5150;3910;240574;21.03;0.4608;0.4664;0.4511;235;113871;25.04
1560;1.08d;0.5089;0.5054;0.5150;3910;240574;21.03;0.4704;0.4794;0.4549;970;129289;25.28
1590;1.1d;0.5103;0.5076;0.5150;4015;246920;21.03;0.4801;0.4837;0.4737;1705;139238;24.35
1620;1.13d;0.5103;0.5076;0.5150;4015;246920;21.03;0.4787;0.4816;0.4737;1600;84594;25.28
1650;1.15d;0.5117;0.5076;0.5188;4120;253435;23.06;0.4938;0.4989;0.4850;2755;94072;25.17
1680;1.17d;0.5131;0.5076;0.5226;4225;260121;23.06;0.5186;0.5184;0.5188;4645;288676;20.53
1710;1.19d;0.5131;0.5076;0.5226;4225;260121;23.06;0.5199;0.5163;0.5263;4750;296292;19.31
1740;1.21d;0.5172;0.5141;0.5226;4540;281256;23.06;0.5254;0.5249;0.5263;5170;328818;17.18
1770;1.23d;0.5144;0.5098;0.5226;4330;266983;23.06;0.5241;0.5141;0.5414;5065;320366;16.69
1800;1.25d;0.5117;0.5054;0.5226;4120;253435;23.29;0.5268;0.5206;0.5376;5275;337493;18.84
1830;1.27d;0.5158;0.5076;0.5301;4435;274027;23.29;0.5199;0.5141;0.5301;4750;296292;17.39
1860;1.29d;0.5158;0.5076;0.5301;4435;274027;23.29;0.5213;0.5119;0.5376;4855;304109;16.01
1890;1.31d;0.5158;0.5076;0.5301;4435;274027;23.29;0.5186;0.5098;0.5338;4645;288676;16.01
1920;1.33d;0.5172;0.5098;0.5301;4540;281256;21.27;0.5172;0.5076;0.5338;4540;281256;17.58
1950;1.35d;0.5186;0.5119;0.5301;4645;288676;21.27;0.5199;0.5184;0.5226;4750;296292;17.58
1980;1.38d;0.5144;0.5098;0.5226;4330;266983;21.27;0.5144;0.5054;0.5301;4330;266983;16.01
2010;1.4d;0.5117;0.5076;0.5188;4120;253435;21.27;0.5103;0.4989;0.5301;4015;246920;16.01
2040;1.42d;0.5117;0.5076;0.5188;4120;253435;21.27;0.5144;0.5033;0.5338;4330;266983;16.01
2070;1.44d;0.5089;0.5054;0.5150;3910;240574;23.29;0.5076;0.4989;0.5226;3805;234390;16.05
2100;1.46d;0.5089;0.5054;0.5150;3910;240574;23.29;0.5062;0.4967;0.5226;3700;228365;19.88
2130;1.48d;0.5089;0.5054;0.5150;3910;240574;23.29;0.5048;0.4924;0.5263;3595;222495;19.88
2160;1.5d;0.5131;0.5098;0.5188;4225;260121;23.06;0.5062;0.5011;0.5150;3700;228365;18.87
2190;1.52d;0.5117;0.5098;0.5150;4120;253435;21.03;0.4869;0.4967;0.4699;2230;91010;25.32
2220;1.54d;0.5103;0.5076;0.5150;4015;246920;21.03;0.4842;0.4946;0.4662;2020;86391;25.32
2250;1.56d;0.5089;0.5054;0.5150;3910;240574;23.06;0.4814;0.4902;0.4662;1810;141348;25.02
2280;1.58d;0.5034;0.4989;0.5113;3490;216776;23.44;0.4842;0.4946;0.4662;2020;150552;24.79
2310;1.6d;0.5021;0.4989;0.5075;3385;211204;24.37;0.4856;0.4967;0.4662;2125;154524;24.79
2340;1.63d;0.4979;0.4924;0.5075;3070;128658;25.34;0.4883;0.5011;0.4662;2335;162626;25.24
2370;1.65d;0.4979;0.4924;0.5075;3070;128658;25.34;0.4869;0.4902;0.4812;2230;158600;22.81
2400;1.67d;0.4938;0.4902;0.5000;2755;125351;25.34;0.4828;0.4881;0.4737;1915;146682;24.79
2430;1.69d;0.4966;0.4924;0.5038;2965;190312;24.37;0.4856;0.4924;0.4737;2125;154524;22.81
2460;1.71d;0.4979;0.4902;0.5113;3070;132428;25.13;0.4883;0.4902;0.4850;2335;162785;19.02
2490;1.73d;0.4979;0.4902;0.5113;3070;128658;25.34;0.4814;0.4902;0.4662;1810;146396;25.31
2520;1.75d;0.4979;0.4924;0.5075;3070;195333;22.37;0.4828;0.4902;0.4699;1915;153301;25.07
2550;1.77d;0.4979;0.4924;0.5075;3070;195333;22.37;0.4856;0.4902;0.4774;2125;152833;25.30
2580;1.79d;0.4952;0.4859;0.5113;2860;185421;23.37;0.4938;0.4989;0.4850;2755;180655;24.10
2610;1.81d;0.4952;0.4881;0.5075;2860;185421;23.37;0.4966;0.4989;0.4925;2965;190312;20.04
2640;1.83d;0.4966;0.4902;0.5075;2965;190312;23.37;0.4938;0.4967;0.4887;2755;180655;20.04
2670;1.85d;0.4966;0.4881;0.5113;2965;190312;24.37;0.4952;0.4989;0.4887;2860;185421;22.10
2700;1.88d;0.4938;0.4859;0.5075;2755;180655;24.44;0.4938;0.4946;0.4925;2755;180655;22.10
2730;1.9d;0.4938;0.4859;0.5075;2755;110046;25.03;0.4924;0.4946;0.4887;2650;176011;24.10
2760;1.92d;0.4938;0.4837;0.5113;2755;109939;25.10;0.4911;0.4902;0.4925;2545;171487;22.10
2790;1.94d;0.4966;0.4837;0.5188;2965;109939;25.10;0.4911;0.4902;0.4925;2545;171487;22.10
2820;1.96d;0.4952;0.4837;0.5150;2860;109939;25.10;0.4897;0.4924;0.4850;2440;165251;25.30
2850;1.98d;0.4966;0.4859;0.5150;2965;110046;25.03;0.4869;0.4859;0.4887;2230;156865;25.30
2880;2d;0.4966;0.4924;0.5038;2965;190312;23.87;0.4842;0.4837;0.4850;2020;150405;25.24
3120;2.17d;0.4966;0.4816;0.5226;2965;190312;22.37;0.4773;0.4751;0.4812;1495;93602;25.17
3360;2.33d;0.4979;0.4837;0.5226;3070;195333;24.85;0.4787;0.4816;0.4737;1600;91374;25.02
3600;2.5d;0.4993;0.4816;0.5301;3175;120500;25.30;0.4814;0.4816;0.4812;1810;142912;24.19
3840;2.67d;0.5007;0.4816;0.5338;3280;120516;25.29;0.4787;0.4816;0.4737;1600;87003;25.17
4080;2.83d;0.5089;0.4946;0.5338;3910;144772;25.21;0.4814;0.4794;0.4850;1810;87173;25.02
4320;3d;0.5062;0.4859;0.5414;3700;130308;25.29;0.4869;0.4881;0.4850;2230;158600;24.57
4560;3.17d;0.5103;0.4859;0.5526;4015;130308;25.29;0.4869;0.4902;0.4812;2230;94256;25.02
4800;3.33d;0.4993;0.4816;0.5301;3175;124117;25.04;0.4856;0.4902;0.4774;2125;135519;25.04
5040;3.5d;0.4993;0.4859;0.5226;3175;127251;25.12;0.4842;0.4924;0.4699;2020;139095;25.04
5280;3.67d;0.5007;0.4881;0.5226;3280;130752;25.04;0.4856;0.4967;0.4662;2125;154524;23.37
5520;3.83d;0.4979;0.4794;0.5301;3070;93316;25.18;0.4828;0.4924;0.4662;1915;146682;23.04
5760;4d;0.5021;0.4881;0.5263;3385;95965;25.03;0.4869;0.4924;0.4774;2230;158600;24.64
6000;4.17d;0.4993;0.4816;0.5301;3175;93316;25.18;0.4897;0.4989;0.4737;2440;146531;25.34
6240;4.33d;0.4966;0.4772;0.5301;2965;190312;24.80;0.4856;0.4902;0.4774;2125;154524;24.64
6480;4.5d;0.4924;0.4751;0.5226;2650;96743;25.02;0.4911;0.4989;0.4774;2545;91654;25.17
6720;4.67d;0.4842;0.4620;0.5226;2020;96460;25.24;0.4911;0.5011;0.4737;2545;94072;25.17
6960;4.83d;0.4856;0.4685;0.5150;2125;96366;25.31;0.4993;0.5098;0.4812;3175;200486;24.98
7200;5d;0.4911;0.4707;0.5263;2545;93980;25.24;0.4979;0.5054;0.4850;3070;99794;25.17
7440;5.17d;0.4897;0.4707;0.5226;2440;96366;25.31;0.5007;0.5076;0.4887;3280;205776;23.20
7680;5.33d;0.4897;0.4707;0.5226;2440;96366;25.31;0.5034;0.5098;0.4925;3490;216776;20.62
7920;5.5d;0.4938;0.4772;0.5226;2755;93980;25.24;0.5048;0.5098;0.4962;3595;222495;22.66
8160;5.67d;0.4952;0.4772;0.5263;2860;93980;25.24;0.5034;0.5033;0.5038;3490;110533;25.09
8400;5.83d;0.5007;0.4816;0.5338;3280;93980;25.24;0.5034;0.5076;0.4962;3490;216776;22.97
8640;6d;0.5021;0.4859;0.5301;3385;93980;25.24;0.5089;0.5119;0.5038;3910;240574;21.50
8880;6.17d;0.5021;0.4924;0.5188;3385;96460;25.24;0.5103;0.5119;0.5075;4015;246920;21.50
9120;6.33d;0.5007;0.4946;0.5113;3280;96460;25.24;0.5076;0.5076;0.5075;3805;234390;21.50
9360;6.5d;0.5034;0.4967;0.5150;3490;104195;25.31;0.5076;0.5076;0.5075;3805;234390;21.50
9600;6.67d;0.5034;0.4946;0.5188;3490;101517;25.31;0.5076;0.5076;0.5075;3805;234390;20.94
9840;6.83d;0.5076;0.4989;0.5226;3805;99005;25.24;0.5117;0.5141;0.5075;4120;253435;21.39
10080;7d;0.5103;0.5011;0.5263;4015;99005;25.24;0.5172;0.5184;0.5150;4540;281256;19.16
10320;7.17d;0.5103;0.5011;0.5263;4015;99005;25.24;0.5103;0.5076;0.5150;4015;246920;19.16
10560;7.33d;0.5144;0.5011;0.5376;4330;101617;25.24;0.5131;0.5098;0.5188;4225;260121;19.16
10800;7.5d;0.5158;0.5033;0.5376;4435;99005;25.24;0.5172;0.5141;0.5226;4540;281256;18.97
11040;7.67d;0.5199;0.5098;0.5376;4750;296292;24.64;0.5199;0.5228;0.5150;4750;296292;21.05
11280;7.83d;0.5227;0.5163;0.5338;4960;312132;22.03;0.5186;0.5163;0.5226;4645;288676;21.05
11520;8d;0.5227;0.5141;0.5376;4960;312132;24.03;0.5158;0.5163;0.5150;4435;274027;21.24
11760;8.17d;0.5172;0.5076;0.5338;4540;101617;25.24;0.5117;0.5141;0.5075;4120;253435;23.27
12000;8.33d;0.5117;0.5011;0.5301;4120;99005;25.24;0.5076;0.5076;0.5075;3805;234390;23.27
12240;8.5d;0.5144;0.5054;0.5301;4330;104195;25.31;0.5103;0.5119;0.5075;4015;246920;23.27
12480;8.67d;0.5131;0.5033;0.5301;4225;101928;25.01;0.5131;0.5163;0.5075;4225;260121;23.27
12720;8.83d;0.5144;0.5054;0.5301;4330;104617;25.01;0.5131;0.5163;0.5075;4225;260121;23.27
12960;9d;0.5103;0.4989;0.5301;4015;99308;25.01;0.5131;0.5163;0.5075;4225;260121;23.27
13200;9.17d;0.5103;0.5011;0.5263;4015;99308;25.01;0.5172;0.5206;0.5113;4540;281256;23.27
13440;9.33d;0.5131;0.5033;0.5301;4225;101928;25.01;0.5172;0.5206;0.5113;4540;281256;23.27
13680;9.5d;0.5131;0.5011;0.5338;4225;101941;25.00;0.5172;0.5184;0.5150;4540;281256;23.27
13920;9.67d;0.5158;0.5011;0.5414;4435;99308;25.01;0.5144;0.5163;0.5113;4330;225903;25.24
14160;9.83d;0.5144;0.4989;0.5414;4330;99308;25.01;0.5117;0.5119;0.5113;4120;214439;25.24
14400;10d;0.5117;0.4967;0.5376;4120;96755;25.01;0.5131;0.5119;0.5150;4225;260121;23.27
15840;11d;0.5144;0.4924;0.5526;4330;93889;25.32;0.5213;0.5184;0.5263;4855;304109;21.24
17280;12d;0.5213;0.5054;0.5489;4855;304109;24.04;0.5199;0.5119;0.5338;4750;296292;19.97
18720;13d;0.5351;0.5249;0.5526;5905;394565;22.04;0.5199;0.5119;0.5338;4750;296292;17.86
20160;14d;0.5254;0.5184;0.5376;5170;328818;19.69;0.5227;0.5228;0.5226;4960;312132;18.28
21600;15d;0.5227;0.5206;0.5263;4960;312132;18.12;0.5199;0.5206;0.5188;4750;296292;17.86
23040;16d;0.5227;0.5271;0.5150;4960;312132;18.12;0.5117;0.5163;0.5038;4120;253435;20.38
24480;17d;0.5227;0.5228;0.5226;4960;312132;18.12;0.5144;0.5163;0.5113;4330;266983;19.97
25920;18d;0.5227;0.5249;0.5188;4960;312132;18.28;0.5117;0.5119;0.5113;4120;253435;20.38
27360;19d;0.5172;0.5163;0.5188;4540;281256;18.28;0.5021;0.5033;0.5000;3385;211204;22.43
28800;20d;0.5172;0.5163;0.5188;4540;281256;20.38;0.4993;0.5054;0.4887;3175;200486;20.38
30240;21d;0.5186;0.5184;0.5188;4645;288676;20.38;0.5048;0.5098;0.4962;3595;222495;16.13
31680;22d;0.5213;0.5249;0.5150;4855;304109;16.13;0.5062;0.5119;0.4962;3700;228365;16.13
33120;23d;0.5241;0.5315;0.5113;5065;320366;16.13;0.5144;0.5184;0.5075;4330;266983;14.27
34560;24d;0.5186;0.5249;0.5075;4645;288676;18.28;0.5199;0.5271;0.5075;4750;296292;16.47
36000;25d;0.5158;0.5206;0.5075;4435;274027;20.79;0.5199;0.5206;0.5188;4750;296292;14.08
37440;26d;0.5172;0.5206;0.5113;4540;281256;18.70;0.5241;0.5249;0.5226;5065;320366;14.84
38880;27d;0.5213;0.5249;0.5150;4855;304109;18.70;0.5199;0.5163;0.5263;4750;296292;15.28
40320;28d;0.5213;0.5271;0.5113;4855;304109;16.56;0.5227;0.5184;0.5301;4960;312132;15.28
41760;29d;0.5254;0.5293;0.5188;5170;328818;15.70;0.5227;0.5184;0.5301;4960;312132;15.28
43200;30d;0.5227;0.5228;0.5226;4960;312132;15.70;0.5227;0.5163;0.5338;4960;312132;15.28
