rank;xPips;yPips;stopLossPips;takeProfitPips;riskPercent;deposit;finalEquity;returnPercent;maxDrawdownPercent;entries;pips;winRate;directWins;mirrorWins;bothLose
1;15;25;30;75;0.40;100000;161377;61.4;24.32;1990;3902.0;0.3111;619;543;828
2;20;30;45;75;0.50;100000;152213;52.2;8.66;1157;4005.1;0.4097;474;401;282
3;15;25;45;75;0.50;100000;144393;44.4;15.60;1557;3605.1;0.4001;623;541;393
4;15;25;40;50;0.50;100000;144131;44.1;13.77;2113;3190.9;0.4690;991;899;223
5;20;30;100;75;0.50;100000;135346;35.3;7.15;790;6197.0;0.6203;490;300;0
6;30;40;10;20;0.50;100000;135301;35.3;14.52;817;648.1;0.3831;313;254;250
7;35;45;75;95;0.50;100000;135255;35.3;8.53;397;4627.1;0.5139;204;138;55
8;35;45;85;75;0.50;100000;134582;34.6;5.15;420;5126.0;0.6119;257;163;0
9;15;25;30;50;0.50;100000;132803;32.8;19.33;2379;2004.7;0.3943;938;862;579
10;15;25;35;60;0.50;100000;132528;32.5;23.61;2033;2281.9;0.3876;788;726;519
11;20;30;95;75;0.50;100000;132287;32.3;5.18;808;5464.4;0.6027;487;321;0
12;35;45;80;95;0.50;100000;131918;31.9;4.20;369;4521.7;0.5312;196;137;36
13;35;45;85;80;0.50;100000;130613;30.6;8.32;412;4621.6;0.5874;242;170;0
14;20;30;85;80;0.50;100000;130548;30.5;6.71;827;4696.1;0.5538;458;369;0
15;20;30;55;40;0.50;100000;130482;30.5;12.90;1439;3067.7;0.6088;876;563;0
16;35;45;65;90;0.50;100000;130097;30.1;6.04;423;3518.9;0.4775;202;162;59
17;15;25;20;40;0.45;100000;128982;29.0;24.62;2889;1397.7;0.3531;1020;954;915
18;15;25;100;65;0.50;100000;128324;28.3;11.53;1081;5158.3;0.6392;691;390;0
19;15;25;50;60;0.50;100000;127988;28.0;12.41;1695;2723.5;0.4755;806;753;136
20;10;20;60;80;0.50;100000;127819;27.8;20.62;1524;3253.2;0.4488;684;607;233
21;20;30;100;100;0.50;100000;126931;26.9;9.72;664;4935.2;0.5407;359;305;0
22;30;40;35;80;0.50;100000;126835;26.8;14.51;655;1801.5;0.3344;219;201;235
23;15;25;60;70;0.50;100000;126576;26.6;9.51;1395;3073.5;0.4839;675;612;108
24;15;25;55;90;0.50;100000;126318;26.3;13.17;1227;2851.1;0.4002;491;421;315
25;15;25;75;75;0.50;100000;126049;26.0;12.11;1158;3689.4;0.5259;609;549;0
26;35;45;60;80;0.50;100000;125925;25.9;5.54;435;2855.5;0.4805;209;174;52
27;20;30;95;95;0.50;100000;125888;25.9;8.83;705;4541.5;0.5376;379;326;0
28;40;50;15;30;0.50;100000;125870;25.9;11.93;384;721.2;0.3906;150;137;97
29;35;45;65;95;0.50;100000;125820;25.8;7.43;406;3085.8;0.4581;186;139;81
30;35;45;40;70;0.50;100000;125643;25.6;8.78;480;1914.0;0.4062;195;147;138
31;35;45;30;80;0.50;100000;125640;25.6;10.87;493;1474.9;0.3063;151;118;224
32;20;30;100;70;0.50;100000;124778;24.8;9.63;819;4566.7;0.6252;512;307;0
33;15;25;40;30;0.50;100000;124070;24.1;18.66;2538;1913.4;0.5922;1503;1035;0
34;15;25;80;45;0.50;100000;123634;23.6;11.36;1576;3566.8;0.6637;1046;530;0
35;35;45;90;85;0.50;100000;123469;23.5;7.93;401;3879.3;0.5736;230;171;0
36;15;25;55;70;0.50;100000;123373;23.4;21.35;1500;2575.0;0.4593;689;626;185
37;35;45;60;75;0.50;100000;123328;23.3;5.28;442;2600.6;0.4932;218;177;47
38;35;45;35;75;0.50;100000;123311;23.3;14.58;477;1561.1;0.3543;169;133;175
39;35;45;30;75;0.50;100000;123199;23.2;12.40;493;1349.9;0.3185;157;115;221
40;35;45;65;75;0.50;100000;123142;23.1;4.40;437;2789.1;0.5149;225;187;25
41;15;25;45;55;0.50;100000;123037;23.0;14.84;1842;2120.6;0.4685;863;818;161
42;15;25;30;90;0.40;100000;123017;23.0;23.00;1768;1882.4;0.2647;468;435;865
43;35;45;80;80;0.50;100000;122964;23.0;5.10;414;3390.2;0.5556;230;184;0
44;15;25;35;50;0.50;100000;122921;22.9;21.61;2197;1722.1;0.4292;943;875;379
45;35;45;30;90;0.50;100000;122799;22.8;15.49;476;1346.8;0.2794;133;103;240
46;35;45;65;80;0.50;100000;122753;22.8;6.94;426;2751.8;0.4977;212;175;39
47;15;25;20;60;0.40;100000;122472;22.5;24.90;2556;1330.8;0.2653;678;662;1216
48;15;25;50;70;0.50;100000;122032;22.0;23.49;1527;2261.1;0.4348;664;616;247
49;35;45;70;95;0.50;100000;122017;22.0;6.44;391;2881.3;0.4731;185;140;66
50;35;45;45;30;0.50;100000;122011;22.0;6.84;518;1827.4;0.6564;340;178;0
51;15;25;60;40;0.50;100000;121905;21.9;9.11;1933;2566.9;0.6203;1199;734;0
52;15;25;45;90;0.45;100000;121800;21.8;22.73;1398;2261.4;0.3505;490;432;476
53;15;25;75;45;0.50;100000;121710;21.7;11.12;1658;3129.4;0.6466;1072;586;0
54;20;30;40;40;0.50;100000;121704;21.7;18.03;1536;1724.8;0.5228;803;733;0
55;35;45;85;90;0.50;100000;121489;21.5;7.55;379;3394.7;0.5409;205;164;10
56;15;25;45;30;0.50;100000;121427;21.4;13.37;2472;1929.6;0.6197;1532;940;0
57;35;45;80;90;0.50;100000;121395;21.4;6.87;386;3189.8;0.5233;202;158;26
58;35;45;85;85;0.50;100000;121308;21.3;7.44;407;3370.1;0.5528;225;182;0
59;15;25;85;70;0.50;100000;121054;21.1;10.97;1130;3444.0;0.5726;647;483;0
60;35;45;60;90;0.50;100000;120882;20.9;7.50;423;2373.9;0.4421;187;164;72
61;20;30;70;40;0.50;100000;120369;20.4;8.53;1298;2721.4;0.6618;859;439;0
62;20;30;75;85;0.50;100000;120247;20.2;12.16;853;2947.9;0.4947;422;374;57
63;15;25;45;45;0.50;100000;120142;20.1;19.53;2066;1883.8;0.5179;1070;996;0
64;35;45;50;80;0.50;100000;120096;20.1;8.19;462;1926.6;0.4221;195;154;113
65;15;25;90;90;0.50;100000;119875;19.9;9.55;851;3454.3;0.5264;448;403;0
66;35;45;70;80;0.50;100000;119305;19.3;5.71;420;2556.0;0.5119;215;185;20
67;15;25;25;55;0.45;100000;119254;19.3;24.70;2434;1286.2;0.3279;798;745;891
68;35;45;90;90;0.50;100000;119188;19.2;9.95;379;3244.7;0.5515;209;170;0
69;35;45;50;75;0.50;100000;118649;18.6;7.11;465;1799.5;0.4366;203;163;99
70;35;45;55;30;0.50;100000;118623;18.6;5.27;515;1914.5;0.6990;360;155;0
71;15;25;40;70;0.35;100000;118586;18.6;22.91;1736;2164.8;0.3813;662;618;456
72;35;45;75;50;0.50;100000;118443;18.4;5.94;471;2595.3;0.6497;306;165;0
73;35;45;95;90;0.50;100000;118220;18.2;8.03;368;3262.4;0.5652;208;160;0
74;15;25;50;30;0.50;100000;118046;18.0;14.55;2367;1833.1;0.6434;1523;844;0
75;15;25;100;85;0.50;100000;118010;18.0;13.33;838;3488.4;0.5668;475;363;0
76;20;30;90;75;0.50;100000;117898;17.9;9.09;837;3119.1;0.5723;479;358;0
77;15;25;45;80;0.45;100000;117794;17.8;23.88;1509;1913.7;0.3757;567;533;409
78;20;30;50;60;0.50;100000;117742;17.7;10.24;1242;1820.6;0.4742;589;562;91
79;15;25;90;100;0.50;100000;117691;17.7;8.63;818;3137.4;0.4976;407;374;37
80;25;35;35;25;0.50;100000;117668;17.7;10.84;1151;1209.3;0.6125;705;446;0
81;35;45;65;60;0.50;100000;117574;17.6;7.17;454;2172.2;0.5639;256;198;0
82;35;45;70;90;0.50;100000;117513;17.5;6.57;399;2350.7;0.4787;191;162;46
83;15;25;100;75;0.50;100000;117479;17.5;10.13;936;3394.8;0.5962;558;378;0
84;20;30;75;75;0.50;100000;117426;17.4;8.94;919;2581.7;0.5234;481;438;0
85;35;45;30;85;0.50;100000;117344;17.3;10.60;471;1065.3;0.2866;135;110;226
86;15;25;85;60;0.50;100000;117287;17.3;8.89;1220;2891.0;0.6074;741;479;0
87;20;30;45;45;0.50;100000;117264;17.3;11.08;1393;1589.9;0.5205;725;667;1
88;15;25;75;90;0.50;100000;117264;17.3;15.33;1016;2618.8;0.4744;482;431;103
89;35;45;80;85;0.50;100000;117252;17.3;7.50;409;2633.7;0.5281;216;181;12
90;35;45;70;65;0.50;100000;117187;17.2;5.12;464;2295.2;0.5603;260;204;0
91;40;50;15;35;0.50;100000;117147;17.1;12.98;372;509.6;0.3414;127;116;129
92;35;45;65;40;0.50;100000;117137;17.1;4.56;489;2102.7;0.6667;326;163;0
93;20;30;100;40;0.50;100000;117077;17.1;7.68;1116;3258.8;0.7401;826;290;0
94;35;45;45;40;0.50;100000;117049;17.0;7.32;511;1467.3;0.5714;292;219;0
95;15;25;30;80;0.40;100000;116927;16.9;23.42;1883;1481.9;0.2862;539;490;854
96;40;50;25;60;0.50;100000;116895;16.9;10.44;407;845.1;0.3268;133;118;156
97;35;45;40;60;0.50;100000;116840;16.8;8.79;486;1319.8;0.4342;211;169;106
98;35;45;65;85;0.50;100000;116828;16.8;4.53;429;2114.7;0.4709;202;177;50
99;35;45;40;55;0.50;100000;116752;16.8;6.79;507;1310.1;0.4556;231;197;79
100;35;45;65;65;0.50;100000;116699;16.7;6.65;461;2082.3;0.5401;249;212;0
101;15;25;45;95;0.40;100000;116660;16.7;22.95;1338;1993.4;0.3371;451;407;480
102;30;40;25;25;0.50;100000;116657;16.7;9.72;826;821.8;0.5339;441;385;0
103;35;45;90;80;0.50;100000;116655;16.7;8.39;409;2853.7;0.5746;235;174;0
104;15;25;85;65;0.50;100000;116619;16.6;10.45;1175;2802.5;0.5872;690;485;0
105;35;45;50;30;0.50;100000;116387;16.4;6.25;509;1553.7;0.6719;342;167;0
106;35;45;40;75;0.50;100000;116312;16.3;11.30;471;1300.3;0.3779;178;145;148
107;15;25;35;75;0.35;100000;116225;16.2;23.92;1806;1745.8;0.3333;602;533;671
108;35;45;55;90;0.50;100000;116157;16.2;9.21;432;1747.6;0.4120;178;147;107
109;35;45;55;75;0.50;100000;116154;16.2;7.13;452;1733.6;0.4580;207;171;74
110;15;25;100;60;0.50;100000;116040;16.0;10.75;1116;3138.8;0.6470;722;394;0
111;15;25;40;40;0.50;100000;115977;16.0;13.12;2318;1417.4;0.5164;1197;1121;0
112;15;25;30;65;0.35;100000;115897;15.9;23.35;2120;1511.0;0.3307;701;634;785
113;35;45;70;70;0.50;100000;115656;15.7;9.01;473;2118.9;0.5370;254;219;0
114;20;30;65;75;0.50;100000;115632;15.6;16.89;1004;2077.2;0.4841;486;427;91
115;15;25;65;45;0.50;100000;115518;15.5;9.80;1775;2072.5;0.6079;1079;696;0
116;15;25;45;65;0.45;100000;115512;15.5;22.99;1720;1696.0;0.4244;730;682;308
117;15;25;95;95;0.50;100000;115500;15.5;9.95;829;2934.7;0.5223;433;396;0
118;35;45;70;85;0.50;100000;115497;15.5;7.74;424;2108.2;0.4882;207;178;39
119;15;25;45;40;0.50;100000;115454;15.5;19.58;2197;1512.1;0.5457;1199;998;0
120;35;45;85;65;0.50;100000;115327;15.3;4.66;426;2491.8;0.6103;260;166;0
121;20;30;100;80;0.50;100000;115034;15.0;6.48;734;2946.2;0.5817;427;307;0
122;30;40;15;35;0.50;100000;115012;15.0;14.42;803;492.9;0.3263;262;232;309
123;35;45;40;40;0.50;100000;115006;15.0;6.29;502;1168.6;0.5378;270;232;0
124;20;30;45;40;0.50;100000;114973;15.0;12.28;1500;1405.0;0.5487;823;676;1
125;40;50;20;55;0.50;100000;114951;15.0;14.17;405;616.5;0.2963;120;93;192
126;40;50;55;95;0.50;100000;114878;14.9;10.26;332;1607.6;0.4036;134;111;87
127;35;45;70;75;0.50;100000;114864;14.9;5.70;439;2022.7;0.5194;228;198;13
128;15;25;85;40;0.50;100000;114837;14.8;7.33;1616;2508.8;0.6980;1128;488;0
129;15;25;80;25;0.50;100000;114809;14.8;10.79;2127;2336.1;0.7790;1657;470;0
130;25;35;35;50;0.50;100000;114690;14.7;11.30;1029;1089.7;0.4325;445;433;151
131;20;30;70;75;0.50;100000;114685;14.7;13.18;965;2099.5;0.5026;485;447;33
132;15;25;95;90;0.50;100000;114612;14.6;9.67;837;2779.1;0.5352;448;389;0
133;20;30;95;80;0.50;100000;114532;14.5;5.52;787;2734.1;0.5667;446;341;0
134;20;30;85;40;0.50;100000;114463;14.5;6.06;1216;2413.8;0.7015;853;363;0
135;40;50;55;30;0.50;100000;114444;14.4;7.93;391;1511.3;0.7008;274;117;0
136;35;45;50;45;0.50;100000;114442;14.4;4.64;525;1407.5;0.5619;295;230;0
137;35;45;60;65;0.50;100000;114436;14.4;7.14;454;1692.2;0.5154;234;205;15
138;35;45;55;85;0.50;100000;114235;14.2;12.26;437;1559.1;0.4233;185;162;90
139;15;25;100;70;0.50;100000;113753;13.8;18.31;989;2747.7;0.6087;602;387;0
140;15;25;100;45;0.50;100000;113630;13.6;10.07;1390;2707.0;0.7079;984;406;0
141;15;25;65;90;0.50;100000;113615;13.6;18.69;1101;1909.3;0.4351;479;437;185
142;35;45;55;60;0.50;100000;113601;13.6;6.63;467;1473.1;0.5118;239;208;20
143;15;25;70;100;0.50;100000;113576;13.6;16.82;974;2028.2;0.4281;417;369;188
144;40;50;25;30;0.50;100000;113575;13.6;7.40;417;668.1;0.4964;207;179;31
145;15;25;90;75;0.50;100000;113540;13.5;9.99;1026;2476.8;0.5643;579;447;0
146;35;45;70;50;0.50;100000;113521;13.5;7.83;468;1832.4;0.6218;291;177;0
147;15;25;55;45;0.50;100000;113447;13.4;11.02;1912;1601.6;0.5654;1081;831;0
148;15;25;75;60;0.50;100000;113424;13.4;15.22;1326;2086.8;0.5724;759;567;0
149;35;45;50;70;0.50;100000;113368;13.4;14.47;473;1338.9;0.4461;211;184;78
150;35;45;70;60;0.50;100000;113336;13.3;6.28;445;1818.5;0.5753;256;189;0
151;20;30;85;75;0.50;100000;113321;13.3;6.04;862;2286.6;0.5522;476;386;0
152;20;30;55;85;0.50;100000;113317;13.3;15.85;1027;1596.1;0.4090;420;374;233
153;35;45;40;45;0.50;100000;113262;13.3;6.02;515;1054.5;0.5029;259;217;39
154;35;45;60;85;0.50;100000;113211;13.2;11.70;454;1587.2;0.4427;201;180;73
155;20;30;95;40;0.50;100000;113168;13.2;5.83;1124;2458.2;0.7251;815;309;0
156;35;45;45;75;0.50;100000;113048;13.0;15.80;444;1189.2;0.4032;179;153;112
157;20;30;95;100;0.50;100000;113022;13.0;9.01;683;2496.9;0.5095;348;312;23
158;35;45;45;20;0.50;100000;112905;12.9;9.01;553;1117.9;0.7342;406;147;0
159;35;45;100;60;0.50;100000;112811;12.8;4.12;414;2470.2;0.6667;276;138;0
160;35;45;75;75;0.50;100000;112721;12.7;6.61;427;1876.1;0.5340;228;198;1
161;35;45;60;20;0.50;100000;112704;12.7;3.49;544;1459.2;0.7923;431;113;0
162;20;30;50;40;0.50;100000;112664;12.7;10.22;1486;1339.8;0.5734;852;634;0
163;20;30;65;65;0.50;100000;112579;12.6;17.91;1078;1715.4;0.5176;558;520;0
164;25;35;35;55;0.50;100000;112530;12.5;10.34;999;965.7;0.4074;407;385;207
165;35;45;90;95;0.50;100000;112523;12.5;11.16;353;2207.9;0.5241;185;157;11
166;35;45;55;65;0.50;100000;112170;12.2;7.68;465;1339.5;0.4882;227;209;29
167;40;50;95;70;0.50;100000;112112;12.1;5.67;325;2227.5;0.6215;202;123;0
168;40;50;70;70;0.50;100000;112041;12.0;6.18;341;1651.3;0.5396;184;157;0
169;15;25;25;40;0.50;100000;112040;12.0;18.35;2729;844.7;0.4001;1092;1007;630
170;15;25;80;70;0.50;100000;111933;11.9;13.72;1174;2008.2;0.5494;645;529;0
171;35;45;80;70;0.50;100000;111914;11.9;3.98;434;1876.2;0.5668;246;188;0
172;15;25;70;25;0.50;100000;111768;11.8;13.02;2259;1693.7;0.7521;1699;560;0
173;35;45;90;75;0.50;100000;111692;11.7;3.85;412;2066.6;0.5801;239;173;0
174;35;45;50;85;0.50;100000;111594;11.6;16.25;461;1197.3;0.3948;182;164;115
175;35;45;75;90;0.50;100000;111276;11.3;8.85;407;1695.1;0.4840;197;176;34
176;35;45;60;70;0.50;100000;111208;11.2;4.96;451;1354.3;0.4900;221;194;36
177;20;30;75;40;0.50;100000;111096;11.1;14.36;1287;1704.1;0.6698;862;425;0
178;35;45;50;20;0.50;100000;110979;11.0;6.25;534;1066.2;0.7528;402;132;0
179;35;45;65;30;0.50;100000;110892;10.9;3.92;514;1380.2;0.7198;370;144;0
180;35;45;70;100;0.50;100000;110827;10.8;8.10;399;1540.7;0.4386;175;161;63
181;30;40;20;35;0.50;100000;110726;10.7;14.13;782;477.6;0.3875;303;265;214
182;15;25;45;60;0.50;100000;110706;10.7;23.96;1780;1184.0;0.4416;786;754;240
183;15;25;65;75;0.50;100000;110675;10.7;21.80;1274;1558.2;0.4780;609;565;100
184;40;50;15;45;0.50;100000;110661;10.7;11.84;398;351.4;0.2764;110;102;186
185;20;30;90;40;0.50;100000;110604;10.6;6.49;1187;1929.1;0.7102;843;344;0
186;15;25;35;70;0.25;100000;110595;10.6;23.77;1850;1575.0;0.3481;644;574;632
187;20;30;95;45;0.50;100000;110574;10.6;7.02;1057;2025.1;0.6973;737;320;0
188;15;25;95;45;0.50;100000;110525;10.5;14.84;1437;2059.1;0.6938;997;440;0
189;35;45;20;50;0.50;100000;110473;10.5;10.01;532;467.6;0.3083;164;121;247
190;15;25;100;20;0.50;100000;110445;10.4;13.16;2160;2088.0;0.8472;1830;330;0
191;15;25;95;75;0.50;100000;110407;10.4;12.19;975;2062.5;0.5754;561;414;0
192;35;45;50;90;0.50;100000;110333;10.3;15.45;437;1084.1;0.3799;166;150;121
193;15;25;25;60;0.30;100000;110297;10.3;23.10;2384;1036.2;0.3075;733;691;960
194;35;45;75;20;0.50;100000;110285;10.3;2.72;540;1492.0;0.8259;446;94;0
195;35;45;95;95;0.50;100000;110229;10.2;12.04;357;1935.1;0.5322;190;167;0
196;40;50;50;30;0.50;100000;110168;10.2;6.85;378;995.4;0.6667;252;126;0
197;15;25;90;70;0.50;100000;110149;10.1;8.48;1076;1926.8;0.5781;622;454;0
198;35;45;65;55;0.50;100000;110110;10.1;8.35;464;1315.2;0.5711;265;199;0
199;15;25;80;80;0.50;100000;110051;10.1;14.41;1053;1742.9;0.5147;542;511;0
200;20;30;75;100;0.50;100000;110049;10.0;12.23;776;1631.8;0.4446;345;319;112
201;35;45;30;30;0.50;100000;110009;10.0;9.53;539;612.7;0.5306;286;251;2
202;40;50;90;70;0.50;100000;109968;10.0;4.38;321;1765.3;0.6012;193;128;0
203;15;25;65;65;0.50;100000;109774;9.8;16.27;1383;1436.9;0.5134;710;673;0
204;35;45;80;75;0.50;100000;109658;9.7;5.81;434;1556.2;0.5438;236;198;0
205;40;50;75;30;0.50;100000;109580;9.6;6.21;381;1398.3;0.7559;288;93;0
206;15;25;35;65;0.40;100000;109529;9.5;24.47;1976;1056.8;0.3623;716;665;595
207;20;30;85;100;0.50;100000;109508;9.5;10.70;716;1723.8;0.4763;341;314;61
208;35;45;65;20;0.50;100000;109455;9.5;4.10;551;1199.3;0.7985;440;111;0
209;35;45;40;90;0.50;100000;109379;9.4;17.62;443;819.9;0.3273;145;134;164
210;35;45;65;70;0.50;100000;109378;9.4;6.25;468;1247.4;0.5064;237;211;20
211;35;45;100;50;0.50;100000;109365;9.4;3.31;439;1842.7;0.6993;307;132;0
212;35;45;65;50;0.50;100000;109361;9.4;7.90;482;1222.6;0.5934;286;196;0
213;20;30;85;60;0.50;100000;109290;9.3;11.28;984;1656.2;0.6026;593;391;0
214;30;40;25;55;0.50;100000;109238;9.2;18.87;729;544.7;0.3306;241;215;273
215;20;30;50;75;0.50;100000;109237;9.2;15.50;1115;1094.5;0.4135;461;429;225
216;35;45;60;40;0.50;100000;109181;9.2;5.83;509;1103.7;0.6287;320;189;0
217;35;45;60;60;0.50;100000;109105;9.1;7.28;464;1115.2;0.5259;244;220;0
218;40;50;55;80;0.50;100000;109057;9.1;14.61;350;1025.0;0.4343;152;142;56
219;30;40;45;45;0.50;100000;109050;9.0;10.44;702;858.6;0.5214;366;335;1
220;15;25;30;70;0.40;100000;109032;9.0;24.85;2067;943.1;0.3116;644;603;820
221;15;25;35;55;0.45;100000;109007;9.0;23.74;2084;931.2;0.4016;837;774;473
222;45;55;15;25;0.50;100000;108993;9.0;11.91;316;278.8;0.4146;131;101;84
223;10;20;70;70;0.50;100000;108988;9.0;17.57;1583;1481.9;0.5117;810;773;0
224;20;30;35;40;0.50;100000;108961;9.0;14.77;1611;762.3;0.4823;777;725;109
225;35;45;75;100;0.50;100000;108937;8.9;7.11;384;1381.2;0.4531;174;151;59
226;35;45;55;15;0.50;100000;108935;8.9;4.01;537;959.1;0.8212;441;96;0
227;20;30;60;70;0.50;100000;108934;8.9;17.52;1100;1220.0;0.4755;523;503;74
228;20;30;85;90;0.50;100000;108933;8.9;16.04;757;1625.1;0.5020;380;346;31
229;35;45;40;85;0.50;100000;108839;8.8;12.95;460;778.0;0.3391;156;147;157
230;10;20;70;75;0.45;100000;108799;8.8;23.96;1471;1560.3;0.4949;728;702;41
231;15;25;60;45;0.50;100000;108669;8.7;16.67;1857;1205.1;0.5843;1085;772;0
232;20;30;55;60;0.50;100000;108611;8.6;16.99;1213;1090.9;0.4922;597;567;49
233;15;25;95;20;0.50;100000;108609;8.6;11.22;2196;1672.8;0.8388;1842;354;0
234;15;25;95;30;0.50;100000;108582;8.6;10.29;1807;1695.1;0.7731;1397;410;0
235;20;30;40;95;0.40;100000;108582;8.6;22.80;1132;1042.6;0.3083;349;324;459
236;35;45;85;95;0.50;100000;108535;8.5;9.89;365;1479.5;0.4986;182;155;28
237;20;30;75;70;0.50;100000;108534;8.5;10.73;968;1397.4;0.5320;515;453;0
238;15;25;25;50;0.30;100000;108474;8.5;21.88;2508;869.4;0.3473;871;802;835
239;35;45;45;80;0.50;100000;108459;8.5;16.38;447;822.1;0.3803;170;149;128
240;25;35;65;85;0.50;100000;108439;8.4;16.85;735;1210.5;0.4490;330;318;87
241;35;45;40;50;0.50;100000;108436;8.4;14.09;511;712.3;0.4677;239;211;61
242;15;25;75;70;0.50;100000;108419;8.4;14.31;1209;1423.7;0.5302;641;568;0
243;40;50;55;75;0.50;100000;108401;8.4;16.09;340;952.0;0.4500;153;133;54
244;40;50;60;30;0.50;100000;108365;8.4;5.58;384;991.2;0.7031;270;114;0
245;15;25;35;100;0.35;100000;108340;8.3;23.20;1558;1079.4;0.2696;420;386;752
246;15;25;30;60;0.45;100000;108333;8.3;24.85;2230;839.0;0.3453;770;727;733
247;25;35;35;60;0.50;100000;108326;8.3;15.07;986;709.8;0.3834;378;349;259
248;35;45;100;90;0.50;100000;108309;8.3;11.35;372;1679.6;0.5538;206;166;0
249;25;35;50;25;0.50;100000;108276;8.3;14.05;1091;861.3;0.6865;749;342;0
250;35;45;95;80;0.50;100000;108256;8.3;13.10;404;1587.2;0.5693;230;174;0
251;20;30;65;60;0.50;100000;108252;8.3;17.02;1129;1199.7;0.5341;603;526;0
252;35;45;30;50;0.50;100000;108219;8.2;13.06;527;541.1;0.3966;209;175;143
253;35;45;45;90;0.50;100000;108209;8.2;16.49;446;812.8;0.3520;157;150;139
254;30;40;45;15;0.50;100000;108132;8.1;6.00;798;731.4;0.7769;620;178;0
255;35;45;45;70;0.50;100000;108099;8.1;17.91;466;783.8;0.4120;192;177;97
256;35;45;65;100;0.50;100000;108061;8.1;9.81;390;1107.0;0.4154;162;138;90
257;15;25;80;40;0.50;100000;108057;8.1;12.86;1654;1402.2;0.6796;1124;530;0
258;15;25;70;75;0.50;100000;108051;8.1;19.02;1212;1311.6;0.4950;600;563;49
259;40;50;70;30;0.50;100000;108031;8.0;6.76;362;1106.6;0.7376;267;95;0
260;45;55;35;65;0.50;100000;108016;8.0;8.55;300;590.0;0.3767;113;106;81
261;35;45;60;30;0.50;100000;107991;8.0;4.75;515;959.5;0.6951;358;157;0
262;15;25;90;45;0.50;100000;107945;7.9;13.85;1467;1538.1;0.6796;997;470;0
263;30;40;45;20;0.50;100000;107944;7.9;6.44;765;724.5;0.7176;549;216;0
264;15;25;100;25;0.50;100000;107930;7.9;9.91;1940;1642.0;0.8124;1576;364;0
265;15;25;45;70;0.50;100000;107919;7.9;20.84;1642;975.6;0.4026;661;606;375
266;15;25;80;30;0.50;100000;107838;7.8;9.49;1957;1350.1;0.7399;1448;509;0
267;35;45;85;40;0.50;100000;107814;7.8;6.02;479;1324.7;0.7077;339;140;0
268;30;40;70;55;0.50;100000;107807;7.8;13.33;631;1138.3;0.5800;366;264;1
269;40;50;55;60;0.50;100000;107777;7.8;10.61;360;878.0;0.5056;182;166;12
270;35;45;80;30;0.50;100000;107754;7.8;4.23;500;1230.0;0.7560;378;122;0
271;40;50;35;90;0.50;100000;107746;7.7;11.01;389;612.7;0.2982;116;114;159
272;40;50;20;30;0.50;100000;107711;7.7;13.72;390;327.0;0.4308;168;146;76
273;15;25;80;75;0.50;100000;107702;7.7;15.21;1091;1391.3;0.5289;577;513;1
274;40;50;90;30;0.50;100000;107686;7.7;4.28;374;1358.2;0.7861;294;80;0
275;20;30;35;80;0.50;100000;107678;7.7;20.42;1270;776.0;0.3157;401;365;504
276;35;45;55;20;0.50;100000;107624;7.6;6.02;525;832.5;0.7638;401;124;0
277;20;30;100;45;0.50;100000;107623;7.6;8.88;1057;1585.1;0.7048;745;312;0
278;20;30;100;20;0.50;100000;107620;7.6;4.65;1435;1535.5;0.8481;1217;218;0
279;35;45;65;15;0.50;100000;107604;7.6;4.92;549;970.7;0.8434;463;86;0
280;15;25;60;55;0.50;100000;107597;7.6;20.30;1632;1102.6;0.5337;871;761;0
281;15;25;75;100;0.50;100000;107575;7.6;11.15;951;1334.3;0.4406;419;389;143
282;15;25;65;40;0.50;100000;107547;7.5;10.82;1883;1131.9;0.6314;1189;694;0
283;15;25;60;65;0.50;100000;107539;7.5;14.77;1487;1114.1;0.4916;731;686;70
284;15;25;95;70;0.50;100000;107487;7.5;12.08;1051;1554.3;0.5890;619;432;0
285;40;50;55;90;0.50;100000;107476;7.5;16.12;341;871.3;0.4018;137;125;79
286;15;25;65;55;0.50;100000;107431;7.4;13.82;1557;1145.1;0.5536;862;695;0
287;15;25;85;30;0.50;100000;107343;7.3;11.86;1922;1344.6;0.7513;1444;478;0
288;40;50;50;60;0.50;100000;107326;7.3;11.25;356;760.8;0.4803;171;157;28
289;15;25;55;55;0.50;100000;107264;7.3;13.61;1706;1005.8;0.5117;873;833;0
290;35;45;90;20;0.50;100000;107250;7.3;3.21;511;1282.3;0.8474;433;78;0
291;15;25;80;65;0.50;100000;107250;7.3;17.17;1236;1319.8;0.5639;697;539;0
292;15;25;50;50;0.50;100000;107250;7.2;15.65;1879;934.7;0.5120;962;917;0
293;30;40;35;15;0.50;100000;107250;7.2;7.41;809;518.7;0.7268;588;221;0
294;40;50;45;90;0.50;100000;107244;7.2;12.32;339;707.7;0.3540;120;123;96
295;40;50;35;85;0.50;100000;107193;7.2;10.12;374;568.2;0.3102;116;103;155
296;20;30;25;40;0.50;100000;107141;7.1;19.98;1735;520.5;0.4000;694;640;401
297;35;45;40;15;0.50;100000;107079;7.1;3.78;555;566.5;0.7586;421;134;0
298;15;25;100;30;0.50;100000;107027;7.0;12.28;1750;1485.0;0.7811;1367;383;0
299;20;30;95;50;0.50;100000;107001;7.0;6.73;1008;1409.4;0.6696;675;333;0
300;25;35;45;25;0.50;100000;106972;7.0;12.83;1082;672.6;0.6617;716;366;0
301;30;40;50;80;0.50;100000;106924;6.9;18.01;610;793.0;0.4000;244;238;128
302;35;45;35;50;0.50;100000;106922;6.9;9.07;516;533.8;0.4322;223;188;105
303;15;25;25;25;0.40;100000;106885;6.9;22.68;3112;571.6;0.5177;1611;1499;2
304;40;50;20;35;0.50;100000;106860;6.9;14.81;392;300.6;0.3903;153;128;111
305;35;45;85;20;0.50;100000;106850;6.9;3.74;522;1149.6;0.8372;437;85;0
306;35;45;50;15;0.50;100000;106838;6.8;4.08;543;679.9;0.7993;434;109;0
307;35;45;40;30;0.50;100000;106798;6.8;7.46;509;563.7;0.5972;304;205;0
308;30;40;60;70;0.50;100000;106757;6.8;12.80;600;890.0;0.4783;287;275;38
309;35;45;70;30;0.50;100000;106725;6.7;5.05;517;948.1;0.7253;375;142;0
310;20;30;60;75;0.50;100000;106669;6.7;17.35;1036;969.8;0.4566;473;443;120
311;40;50;70;95;0.50;100000;106607;6.6;8.44;313;970.9;0.4473;140;140;33
312;20;30;60;65;0.50;100000;106578;6.6;12.72;1154;952.2;0.4922;568;551;35
313;35;45;50;50;0.50;100000;106557;6.6;8.25;503;697.9;0.5209;262;241;0
314;35;45;75;40;0.50;100000;106525;6.5;5.79;473;993.9;0.6765;320;153;0
315;35;45;80;50;0.50;100000;106494;6.5;11.22;454;1062.2;0.6388;290;164;0
316;40;50;55;45;0.50;100000;106490;6.5;9.63;380;734.0;0.5763;219;161;0
317;30;40;40;15;0.50;100000;106468;6.5;6.91;814;530.2;0.7518;612;202;0
318;35;45;35;90;0.50;100000;106401;6.4;18.66;468;542.4;0.2949;138;122;208
319;35;45;85;70;0.50;100000;106394;6.4;6.22;448;1131.4;0.5692;255;193;0
320;40;50;65;75;0.50;100000;106388;6.4;12.18;332;867.6;0.4880;162;147;23
321;20;30;85;25;0.50;100000;106370;6.4;6.66;1441;1136.3;0.7863;1133;308;0
322;20;30;35;35;0.50;100000;106346;6.3;16.98;1631;573.3;0.5150;840;791;0
323;35;45;80;100;0.50;100000;106324;6.3;6.27;377;1076.1;0.4642;175;158;44
324;35;45;70;20;0.50;100000;106315;6.3;3.49;540;882.0;0.8037;434;106;0
325;30;40;40;20;0.50;100000;106311;6.3;7.58;789;527.7;0.6895;544;245;0
326;20;30;95;60;0.50;100000;106301;6.3;7.94;942;1300.6;0.6263;590;352;0
327;35;45;60;55;0.50;100000;106294;6.3;6.77;487;799.1;0.5421;264;223;0
328;15;25;95;55;0.50;100000;106246;6.2;7.79;1237;1319.1;0.6451;798;439;0
329;15;25;90;55;0.50;100000;106237;6.2;9.55;1281;1263.3;0.6323;810;471;0
330;15;25;85;50;0.50;100000;106227;6.2;10.89;1388;1198.4;0.6412;890;498;0
331;20;30;80;40;0.50;100000;106204;6.2;9.25;1249;1085.7;0.6797;849;400;0
332;35;45;60;15;0.50;100000;106197;6.2;6.65;550;740.0;0.8273;455;95;0
333;40;50;25;70;0.50;100000;106101;6.1;9.93;396;367.8;0.2803;111;104;181
334;35;45;75;65;0.50;100000;106083;6.1;7.89;446;957.8;0.5561;248;198;0
335;40;50;70;100;0.50;100000;106077;6.1;9.34;319;906.7;0.4326;138;132;49
336;35;45;70;40;0.50;100000;106063;6.1;8.47;484;871.2;0.6591;319;165;0
337;20;30;100;15;0.50;100000;105997;6.0;3.74;1573;1218.9;0.8824;1388;185;0
338;35;45;95;50;0.50;100000;105991;6.0;10.74;450;1160.0;0.6778;305;145;0
339;35;45;80;20;0.50;100000;105971;6.0;4.23;526;951.8;0.8251;434;92;0
340;40;50;80;75;0.50;100000;105948;5.9;6.13;322;984.6;0.5404;174;148;0
341;20;30;50;85;0.50;100000;105946;5.9;12.12;1036;799.8;0.3813;395;383;258
342;20;30;40;80;0.50;100000;105822;5.8;22.10;1227;701.1;0.3439;422;430;375
343;35;45;95;30;0.50;100000;105808;5.8;3.05;490;1107.0;0.7837;384;106;0
344;35;45;40;20;0.50;100000;105768;5.8;8.07;550;475.0;0.6927;381;169;0
345;15;25;70;30;0.50;100000;105721;5.7;15.99;2083;931.9;0.7115;1482;601;0
346;20;30;55;25;0.50;100000;105704;5.7;10.18;1616;708.8;0.7017;1134;482;0
347;15;25;90;20;0.50;100000;105619;5.6;10.79;2228;1090.4;0.8290;1847;381;0
348;40;50;55;25;0.50;100000;105588;5.6;7.35;391;621.3;0.7161;280;111;0
349;40;50;50;70;0.50;100000;105575;5.6;12.72;362;606.6;0.4365;158;144;60
350;40;50;35;95;0.50;100000;105470;5.5;16.08;373;463.9;0.2842;106;108;159
351;15;25;100;90;0.50;100000;105450;5.5;9.30;799;1240.7;0.5382;430;369;0
352;15;25;30;30;0.50;100000;105440;5.4;23.00;2803;527.9;0.5148;1443;1359;1
353;20;30;85;45;0.50;100000;105438;5.4;12.78;1153;1027.9;0.6661;768;385;0
354;15;25;95;40;0.50;100000;105411;5.4;9.58;1496;1147.8;0.7146;1069;427;0
355;35;45;80;60;0.50;100000;105407;5.4;7.11;445;908.5;0.5910;263;182;0
356;35;45;70;25;0.50;100000;105384;5.4;4.91;528;765.4;0.7595;401;127;0
357;35;45;85;60;0.50;100000;105366;5.4;6.95;444;954.2;0.6059;269;175;0
358;15;25;100;55;0.50;100000;105327;5.3;10.38;1181;1198.3;0.6562;775;406;0
359;25;35;65;25;0.50;100000;105321;5.3;7.90;1060;738.0;0.7377;782;278;0
360;20;30;70;70;0.50;100000;105318;5.3;15.56;1011;902.3;0.5114;517;494;0
361;35;45;75;85;0.50;100000;105287;5.3;9.39;424;863.2;0.4858;206;194;24
362;40;50;95;30;0.50;100000;105281;5.3;5.11;367;1003.1;0.7875;289;78;0
363;30;40;80;85;0.50;100000;105273;5.3;7.25;518;932.4;0.5000;259;243;16
364;20;30;25;60;0.50;100000;105232;5.2;22.22;1542;490.6;0.3061;472;406;664
365;30;40;25;20;0.50;100000;105227;5.2;13.44;801;294.3;0.5793;464;337;0
366;40;50;90;10;0.50;100000;105189;5.2;1.58;389;917.7;0.9306;362;27;0
367;20;30;55;80;0.50;100000;105175;5.2;16.98;1043;764.9;0.4180;436;421;186
368;35;45;65;35;0.50;100000;105166;5.2;5.74;516;698.8;0.6705;346;170;0
369;35;45;35;15;0.50;100000;105165;5.2;5.29;554;372.2;0.7274;403;151;0
370;20;30;85;55;0.50;100000;105156;5.2;12.71;1029;994.7;0.6190;637;392;0
371;35;45;70;55;0.50;100000;105148;5.1;7.37;463;765.9;0.5788;268;195;0
372;35;45;90;30;0.50;100000;105122;5.1;4.10;507;935.1;0.7712;391;116;0
373;20;30;50;25;0.50;100000;105080;5.1;11.04;1648;596.4;0.6808;1122;526;0
374;35;45;55;50;0.50;100000;105058;5.1;9.29;500;605.0;0.5420;271;229;0
375;40;50;55;20;0.50;100000;105049;5.0;3.92;406;560.8;0.7611;309;97;0
376;30;40;15;25;0.50;100000;105042;5.0;12.37;828;200.4;0.3986;330;296;202
377;40;50;70;90;0.50;100000;104989;5.0;8.98;322;754.6;0.4565;147;148;27
378;15;25;40;25;0.50;100000;104975;5.0;22.71;2746;557.8;0.6293;1728;1017;1
379;25;35;35;20;0.50;100000;104970;5.0;12.34;1149;395.7;0.6554;753;396;0
380;20;30;85;70;0.50;100000;104946;4.9;9.06;920;981.0;0.5598;515;405;0
381;20;30;100;95;0.50;100000;104938;4.9;11.17;684;1126.2;0.5249;359;325;0
382;40;50;45;95;0.50;100000;104910;4.9;9.09;338;513.4;0.3373;114;119;105
383;30;40;45;75;0.50;100000;104887;4.9;17.11;647;552.1;0.3879;251;242;154
384;15;25;70;65;0.50;100000;104864;4.9;18.32;1328;880.4;0.5286;702;626;0
385;30;40;35;85;0.50;100000;104830;4.8;11.32;649;470.7;0.3035;197;206;246
386;15;25;85;25;0.50;100000;104798;4.8;12.05;2075;922.5;0.7831;1625;450;0
387;35;45;80;55;0.50;100000;104792;4.8;7.17;450;810.0;0.6111;275;175;0
388;35;45;75;30;0.50;100000;104792;4.8;5.84;509;738.7;0.7348;374;135;0
389;35;45;40;80;0.50;100000;104780;4.8;16.09;472;469.6;0.3475;164;152;156
390;20;30;40;75;0.45;100000;104764;4.8;22.77;1242;625.6;0.3583;445;446;351
391;15;25;90;85;0.50;100000;104753;4.8;12.57;909;1028.7;0.5248;477;432;0
392;35;45;60;100;0.50;100000;104741;4.7;9.41;403;657.9;0.3896;157;139;107
393;35;45;95;60;0.50;100000;104698;4.7;8.93;434;936.2;0.6313;274;160;0
394;35;45;55;45;0.50;100000;104662;4.7;6.19;516;558.8;0.5678;293;223;0
395;20;30;65;95;0.50;100000;104651;4.7;22.77;867;798.1;0.4164;361;315;191
396;35;45;95;85;0.50;100000;104642;4.6;10.92;387;944.1;0.5452;211;176;0
397;25;35;95;85;0.50;100000;104614;4.6;13.75;601;984.3;0.5408;325;276;0
398;40;50;100;10;0.50;100000;104591;4.6;1.37;393;904.9;0.9364;368;25;0
399;35;45;95;100;0.50;100000;104586;4.6;10.72;361;942.3;0.5042;182;172;7
400;45;55;45;10;0.50;100000;104562;4.6;1.99;310;408.0;0.8548;265;45;0
401;20;30;100;85;0.50;100000;104547;4.5;9.45;730;1044.0;0.5521;403;327;0
402;45;55;15;45;0.50;100000;104428;4.4;10.17;318;167.4;0.2704;86;68;164
403;40;50;85;10;0.50;100000;104389;4.4;1.52;396;737.8;0.9217;365;31;0
404;35;45;90;25;0.50;100000;104385;4.4;5.71;511;802.3;0.8023;410;101;0
405;30;40;55;100;0.50;100000;104381;4.4;17.10;565;614.5;0.3664;207;197;161
406;35;45;55;55;0.50;100000;104378;4.4;8.79;488;538.4;0.5164;252;236;0
407;15;25;25;75;0.20;100000;104369;4.4;20.73;2144;699.2;0.2603;558;494;1092
408;15;25;100;80;0.50;100000;104364;4.4;18.46;896;1032.8;0.5658;507;389;0
409;15;25;25;70;0.35;100000;104362;4.4;21.48;2188;578.4;0.2733;598;558;1032
410;20;30;40;65;0.50;100000;104329;4.3;24.02;1315;554.5;0.3916;515;522;278
411;35;45;50;65;0.50;100000;104323;4.3;11.89;471;500.3;0.4501;212;190;69
412;35;45;30;55;0.50;100000;104298;4.3;15.26;521;325.3;0.3685;192;158;171
413;35;45;55;80;0.50;100000;104285;4.3;9.07;453;552.9;0.4216;191;180;82
414;10;20;85;65;0.50;100000;104284;4.3;24.36;1412;941.6;0.5758;813;599;0
415;25;35;45;20;0.50;100000;104242;4.2;10.29;1137;429.1;0.7089;806;331;0
416;35;45;55;70;0.50;100000;104189;4.2;9.10;455;531.5;0.4549;207;194;54
417;35;45;100;95;0.50;100000;104188;4.2;10.56;357;905.1;0.5294;189;168;0
418;35;45;70;35;0.50;100000;104168;4.2;8.29;520;616.0;0.6846;356;164;0
419;35;45;35;20;0.50;100000;104141;4.1;13.17;549;310.7;0.6594;362;187;0
420;15;25;25;45;0.40;100000;103893;3.9;16.06;2618;477.4;0.3697;968;876;774
421;35;45;80;15;0.50;100000;103867;3.9;3.67;522;624.6;0.8621;450;72;0
422;15;25;70;70;0.45;100000;103850;3.8;23.06;1274;788.2;0.5094;649;625;0
423;40;50;70;75;0.50;100000;103849;3.8;10.79;328;590.4;0.5000;164;152;12
424;35;45;85;50;0.50;100000;103846;3.8;10.53;466;698.8;0.6459;301;165;0
425;45;55;30;15;0.50;100000;103820;3.8;4.35;306;235.8;0.6993;214;92;0
426;45;55;25;15;0.50;100000;103819;3.8;4.66;316;198.8;0.6582;208;108;0
427;35;45;35;55;0.50;100000;103815;3.8;12.17;510;333.0;0.4039;206;190;114
428;15;25;80;95;0.50;100000;103800;3.8;13.06;931;818.3;0.4662;434;411;86
429;40;50;95;10;0.50;100000;103742;3.7;2.11;392;705.6;0.9286;364;28;0
430;15;25;95;65;0.50;100000;103719;3.7;10.31;1081;868.3;0.6031;652;429;0
431;10;20;65;85;0.50;100000;103695;3.7;22.41;1356;760.8;0.4417;599;567;190
432;40;50;90;65;0.50;100000;103692;3.7;6.72;334;706.2;0.5988;200;134;0
433;10;20;80;85;0.50;100000;103651;3.7;13.61;1141;816.3;0.4934;563;552;26
434;15;25;30;55;0.40;100000;103644;3.6;20.20;2270;521.0;0.3639;826;799;645
435;30;40;65;35;0.50;100000;103626;3.6;8.36;715;524.5;0.6643;475;240;0
436;40;50;55;100;0.50;100000;103603;3.6;14.45;331;473.3;0.3686;122;113;96
437;35;45;90;65;0.50;100000;103599;3.6;8.34;428;705.4;0.5958;255;173;0
438;35;45;95;15;0.50;100000;103589;3.6;3.96;525;687.5;0.8819;463;62;0
439;35;45;55;40;0.50;100000;103546;3.5;7.14;509;433.7;0.5953;303;206;0
440;45;55;55;30;0.50;100000;103538;3.5;4.97;301;404.3;0.6711;202;99;0
441;20;30;85;65;0.50;100000;103506;3.5;12.08;968;742.4;0.5764;558;410;0
442;40;50;80;10;0.50;100000;103496;3.5;1.53;389;557.7;0.9126;355;34;0
443;40;50;85;30;0.50;100000;103480;3.5;6.36;374;608.2;0.7594;284;90;0
444;35;45;90;40;0.50;100000;103478;3.5;6.19;470;661.0;0.7085;333;137;0
445;35;45;60;95;0.50;100000;103449;3.4;9.03;413;505.9;0.3995;165;145;103
446;20;30;70;95;0.50;100000;103438;3.4;19.02;833;671.9;0.4334;361;340;132
447;40;50;50;90;0.50;100000;103428;3.4;12.94;348;416.4;0.3707;129;127;92
448;35;45;60;50;0.50;100000;103407;3.4;10.62;507;465.1;0.5602;284;223;0
449;45;55;50;30;0.50;100000;103382;3.4;4.89;307;355.1;0.6482;199;108;0
450;20;30;90;70;0.50;100000;103332;3.3;11.40;858;739.4;0.5723;491;367;0
451;30;40;70;15;0.50;100000;103328;3.3;5.71;771;485.3;0.8392;647;124;0
452;15;25;40;100;0.30;100000;103314;3.3;21.90;1391;646.3;0.2940;409;373;609
453;40;50;10;30;0.50;100000;103312;3.3;21.32;417;98.1;0.2734;114;101;202
454;15;25;40;90;0.45;100000;103307;3.3;23.61;1493;594.9;0.3161;472;429;592
455;45;55;90;10;0.50;100000;103299;3.3;1.97;300;590.0;0.9267;278;22;0
456;15;25;100;95;0.50;100000;103291;3.3;12.31;776;831.8;0.5219;405;371;0
457;35;45;90;15;0.50;100000;103270;3.3;3.78;519;596.7;0.8748;454;65;0
458;35;45;70;15;0.50;100000;103261;3.3;4.86;532;467.6;0.8421;448;84;0
459;30;40;45;90;0.50;100000;103254;3.3;15.51;611;427.3;0.3437;210;212;189
460;20;30;95;65;0.50;100000;103241;3.2;7.44;910;753.0;0.6033;549;361;0
461;15;25;80;50;0.50;100000;103224;3.2;13.73;1459;688.7;0.6244;911;548;0
462;15;25;55;65;0.45;100000;103194;3.2;23.08;1566;613.8;0.4674;732;686;148
463;35;45;95;45;0.50;100000;103181;3.2;9.12;457;645.1;0.6937;317;140;0
464;35;45;45;55;0.50;100000;103172;3.2;14.45;476;346.8;0.4643;221;207;48
465;40;50;45;80;0.50;100000;103169;3.2;11.11;337;349.1;0.3739;126;114;97
466;20;30;80;85;0.50;100000;103106;3.1;11.83;828;665.4;0.4940;409;388;31
467;45;55;40;35;0.50;100000;103100;3.1;6.89;325;272.5;0.5538;180;145;0
468;25;35;80;85;0.50;100000;103054;3.1;13.73;667;623.1;0.4948;330;320;17
469;15;25;75;55;0.50;100000;103046;3.0;19.39;1422;644.6;0.5858;833;589;0
470;30;40;85;20;0.50;100000;103031;3.0;5.06;719;541.7;0.8234;592;127;0
471;15;25;40;65;0.40;100000;103003;3.0;22.69;1816;533.8;0.3904;709;681;426
472;35;45;80;25;0.50;100000;103003;3.0;4.73;522;504.6;0.7778;406;116;0
473;35;45;45;15;0.50;100000;102997;3.0;6.43;536;284.8;0.7705;413;123;0
474;30;40;95;80;0.50;100000;102986;3.0;10.88;496;657.8;0.5544;275;221;0
475;20;30;80;70;0.50;100000;102956;3.0;11.79;942;630.6;0.5425;511;431;0
476;15;25;85;75;0.50;100000;102954;3.0;16.03;1071;695.3;0.5397;578;493;0
477;40;50;75;80;0.50;100000;102949;2.9;11.42;321;500.3;0.4984;160;153;8
478;25;35;70;80;0.50;100000;102932;2.9;9.58;739;552.7;0.4763;352;347;40
479;25;35;40;35;0.50;100000;102919;2.9;9.81;1105;326.5;0.5466;604;501;0
480;35;45;100;100;0.50;100000;102903;2.9;8.41;345;658.5;0.5130;177;168;0
481;40;50;15;40;0.50;100000;102876;2.9;16.54;367;123.1;0.2916;107;107;153
482;30;40;25;60;0.50;100000;102871;2.9;22.23;731;253.3;0.3064;224;198;309
483;35;45;50;55;0.50;100000;102869;2.9;9.99;486;349.8;0.4897;238;217;31
484;15;25;50;20;0.50;100000;102856;2.9;16.67;2749;415.7;0.7264;1997;752;0
485;35;45;100;15;0.50;100000;102846;2.8;5.12;523;578.9;0.8853;463;60;0
486;20;30;80;80;0.50;100000;102831;2.8;15.84;837;614.1;0.5090;426;411;0
487;20;30;90;45;0.50;100000;102824;2.8;12.27;1102;623.6;0.6760;745;357;0
488;20;30;35;90;0.40;100000;102815;2.8;21.37;1209;463.7;0.2887;349;317;543
489;15;25;35;30;0.50;100000;102808;2.8;18.79;2680;394.0;0.5515;1478;1202;0
490;15;25;90;65;0.50;100000;102802;2.8;8.04;1117;678.1;0.5891;658;459;0
491;20;30;40;100;0.45;100000;102767;2.8;23.84;1075;487.5;0.2940;316;287;472
492;15;25;40;75;0.35;100000;102740;2.7;23.27;1671;530.3;0.3567;596;561;514
493;30;40;65;15;0.50;100000;102724;2.7;5.87;776;376.8;0.8273;642;134;0
494;20;30;55;70;0.50;100000;102685;2.7;22.58;1129;489.7;0.4491;507;502;120
495;35;45;95;55;0.50;100000;102684;2.7;7.54;433;561.9;0.6467;280;153;0
496;40;50;75;75;0.50;100000;102684;2.7;6.98;313;455.9;0.5144;161;152;0
497;30;40;20;25;0.50;100000;102677;2.7;12.82;838;158.4;0.4642;389;355;94
498;40;50;65;90;0.50;100000;102676;2.7;12.53;331;418.3;0.4320;143;141;47
499;15;25;45;85;0.40;100000;102620;2.6;23.86;1439;537.7;0.3544;510;479;450
500;10;20;100;15;0.50;100000;102591;2.6;14.24;3559;638.7;0.8772;3122;437;0
