week_start,sum_moves_pips,range_pips,first_extremum_day,second_extremum_day
2011-02-08,643,248,3,5
2011-02-14,726,287,1,5
2011-02-21,660,313,2,5
2011-02-28,601,297,1,5
2011-03-07,575,284,1,5
2011-03-14,1144,329,2,5
2011-03-21,823,195,2,4
2011-03-28,978,227,1,5
2011-04-04,744,335,2,5
2011-04-11,1146,155,3,4
2011-04-18,1194,492,1,4
2011-04-25,1241,389,2,4
2011-05-02,2034,631,3,5
2011-05-09,1737,376,1,5
2011-05-16,1550,298,1,5
2011-05-23,1077,355,1,5
2011-05-30,767,386,1,5
2011-06-06,1008,374,2,5
2011-06-13,1103,424,2,4
2011-06-20,1267,316,3,4
2011-06-27,1417,449,1,5
2011-07-04,1076,372,1,5
2011-07-11,2429,445,2,4
2011-07-18,1560,423,1,5
2011-07-25,1217,307,3,5
2011-08-01,2276,399,1,5
2011-08-08,3276,324,1,4
2011-08-15,1361,281,1,3
2011-08-22,1323,174,4,5
2011-08-29,671,365,1,5
2011-09-05,1967,659,2,5
2011-09-12,2455,438,1,4
2011-09-19,2413,412,3,4
2011-09-26,2127,328,1,3
2011-10-03,1678,379,2,5
2011-10-10,1456,517,1,5
2011-10-17,1851,262,1,2
2011-10-24,1556,449,3,4
2011-10-31,2234,563,1,2
2011-11-07,1607,375,3,4
2011-11-14,1529,387,1,4
2011-11-21,654,357,2,5
2011-11-28,1781,290,3,5
2011-12-05,1294,205,1,5
2011-12-12,713,435,1,3
2011-12-19,816,215,1,3
2011-12-26,480,225,2,4
2012-01-02,653,380,2,5
2012-01-09,858,255,5,5
2012-01-16,624,360,1,5
2012-01-23,1052,358,1,5
2012-01-30,1169,201,1,3
2012-02-06,616,294,1,4
2012-02-13,1077,309,1,4
2012-02-20,723,313,1,5
2012-02-27,559,299,3,5
2012-03-05,716,195,3,4
2012-03-12,533,187,2,4
2012-03-19,854,160,4,5
2012-03-26,656,194,1,2
2012-04-02,605,345,1,4
2012-04-09,743,180,1,4
2012-04-16,752,232,1,5
2012-04-23,528,165,1,5
2012-04-30,369,204,2,5
2012-05-07,461,161,1,5
2012-05-14,433,262,1,5
2012-05-21,992,328,1,5
2012-05-28,792,336,1,5
2012-06-04,1030,239,1,4
2012-06-11,502,226,1,2
2012-06-18,891,228,1,5
2012-06-25,649,285,4,5
2012-07-02,451,420,1,5
2012-07-09,361,171,2,5
2012-07-16,881,180,4,5
2012-07-23,870,348,2,5
2012-07-30,1051,272,4,4
2012-08-06,582,202,1,5
2012-08-13,573,130,2,4
2012-08-20,637,294,1,4
2012-08-27,540,172,2,5
2012-09-03,701,316,3,5
2012-09-10,850,414,2,5
2012-09-17,775,252,1,4
2012-09-24,614,162,1,4
2012-10-01,528,268,1,5
2012-10-08,561,200,1,4
2012-10-15,460,249,1,3
2012-10-22,567,201,1,5
2012-10-29,407,199,3,5
2012-11-05,422,186,3,5
2012-11-12,410,141,2,4
2012-11-19,466,255,3,5
2012-11-26,517,148,3,5
2012-12-03,443,250,3,5
2012-12-10,303,287,1,5
2012-12-17,589,164,1,3
2012-12-24,134,62,1,1
2012-12-26,336,118,4,5
2012-12-31,211,63,1,1
2013-01-02,501,302,3,5
2013-01-07,647,349,1,5
2013-01-14,507,147,1,3
2013-01-21,776,214,3,5
2013-01-28,525,297,2,5
2013-02-04,771,306,1,5
2013-02-11,439,214,3,5
2013-02-18,469,287,3,5
2013-02-25,1035,352,1,5
2013-03-04,629,179,5,5
2013-03-11,503,196,4,5
2013-03-18,682,166,2,5
2013-03-25,451,297,1,3
2013-04-01,613,294,4,5
2013-04-08,538,170,1,4
2013-04-15,688,200,2,3
2013-04-22,534,139,3,4
2013-04-29,1024,211,1,3
2013-05-06,562,259,3,5
2013-05-13,438,233,2,5
2013-05-20,613,179,1,3
2013-05-27,649,224,3,4
2013-06-03,643,350,1,4
2013-06-10,661,213,1,4
2013-06-17,468,318,3,5
2013-06-24,603,166,2,3
2013-07-01,594,272,2,5
2013-07-08,1493,451,2,4
2013-07-15,640,185,1,3
2013-07-22,366,162,1,5
2013-07-29,642,159,3,5
2013-08-05,332,168,1,4
2013-08-12,533,174,4,5
2013-08-19,449,154,2,4
2013-08-26,429,225,2,5
2013-09-02,402,123,1,5
2013-09-09,191,160,1,4
2013-09-16,366,244,2,4
2013-09-23,246,103,3,5
2013-09-30,478,169,1,4
2013-10-07,377,122,2,3
2013-10-14,616,231,3,5
2013-10-21,243,181,1,5
2013-10-28,356,337,1,5
2013-11-04,929,252,3,4
2013-11-11,344,161,1,5
2013-11-18,467,180,3,4
2013-11-25,243,131,1,5
2013-12-02,662,182,2,5
2013-12-09,267,117,1,3
2013-12-16,508,186,3,5
2013-12-23,127,62,1,2
2013-12-26,395,218,4,5
2013-12-30,195,91,1,1
2014-01-02,217,193,4,5
2014-01-06,532,139,4,5
2014-01-13,302,182,2,5
2014-01-20,323,232,1,5
2014-01-27,287,237,1,5
2014-02-03,181,166,1,5
2014-02-10,363,153,3,5
2014-02-17,276,87,3,4
2014-02-24,370,181,4,5
2014-03-03,354,208,3,5
2014-03-10,460,133,2,4
2014-03-17,343,198,1,4
2014-03-24,624,171,1,5
2014-03-31,316,148,3,5
2014-04-07,245,216,1,5
2014-04-14,216,74,2,4
2014-04-21,234,70,2,3
2014-04-28,472,115,3,4
2014-05-05,408,248,4,5
2014-05-12,270,126,1,4
2014-05-19,171,119,1,5
2014-05-26,221,82,2,4
2014-06-02,467,174,4,5
2014-06-09,209,157,1,4
2014-06-16,270,130,1,4
2014-06-23,251,77,1,3
2014-06-30,189,115,2,5
2014-07-07,174,75,1,4
2014-07-14,220,149,1,5
2014-07-21,159,128,1,5
2014-07-28,191,78,3,5
2014-08-03,226,100,1,3
2014-08-11,300,79,2,3
2014-08-18,200,178,1,5
2014-08-25,238,89,4,5
2014-09-01,304,240,3,4
2014-09-08,399,120,2,5
2014-09-15,512,167,2,5
2014-09-22,400,224,2,5
2014-09-29,554,214,1,5
2014-10-06,675,283,1,4
2014-10-13,1195,267,1,3
2014-10-20,412,226,2,4
2014-10-27,433,285,3,5
2014-11-03,717,220,2,5
2014-11-10,561,152,2,5
2014-11-17,607,225,3,5
2014-11-24,304,169,1,3
2014-12-01,719,236,1,5
2014-12-08,759,248,1,4
2014-12-15,585,350,2,5
2014-12-22,240,108,1,2
2014-12-26,64,52,5,5
2014-12-29,193,124,1,3
2015-01-02,112,107,5,5
2015-01-05,569,222,1,4
2015-01-12,1403,411,1,5
2015-01-19,1736,566,3,5
2015-01-26,917,325,1,2
2015-02-02,875,241,1,2
2015-02-09,544,172,1,5
2015-02-16,875,171,4,5
2015-02-23,439,217,1,5
2015-03-02,506,402,1,5
2015-03-09,950,444,1,5
2015-03-16,1698,558,1,3
2015-03-23,1122,285,1,4
2015-03-30,566,314,2,5
2015-04-06,645,468,1,5
2015-04-13,1864,328,1,5
2015-04-20,704,240,2,5
2015-04-27,1198,471,1,5
2015-05-04,1273,325,2,4
2015-05-11,986,336,1,5
2015-05-18,908,448,1,5
2015-05-25,568,191,1,3
2015-06-01,1751,492,1,4
2015-06-08,1365,302,1,3
2015-06-15,935,247,1,4
2015-06-22,535,280,1,5
2015-06-29,1208,323,1,1
2015-07-06,1283,300,2,5
2015-07-13,706,368,1,5
2015-07-20,678,209,1,4
2015-07-27,794,236,1,4
2015-08-03,723,148,1,3
2015-08-10,1025,289,1,3
2015-08-17,607,372,2,5
2015-08-24,2014,558,1,5
2015-08-31,1071,245,2,4
2015-09-07,504,228,1,5
2015-09-14,661,246,3,5
2015-09-21,759,225,1,3
2015-09-28,685,184,4,5
2015-10-05,610,215,2,5
2015-10-12,415,161,4,5
2015-10-19,589,391,2,5
2015-10-25,543,199,3,3
2015-11-02,463,347,1,5
2015-11-09,716,156,2,4
2015-11-16,551,146,3,4
2015-11-23,549,123,3,3
2015-11-30,2129,483,4,4
2015-12-07,681,247,1,3
2015-12-14,722,257,2,4
2015-12-21,356,136,1,2
2015-12-28,247,140,1,4
2016-01-04,904,236,1,2
2016-01-11,702,180,3,5
2016-01-18,634,198,3,4
2016-01-25,359,178,1,4
2016-02-01,634,431,1,5
2016-02-08,1018,290,1,4
2016-02-15,269,183,1,5
2016-02-22,461,213,1,5
2016-02-29,661,218,3,5
2016-03-07,1507,396,4,4
2016-03-14,501,285,3,4
2016-03-21,173,140,1,4
2016-03-28,484,285,1,5
2016-04-04,452,127,3,4
2016-04-11,451,231,2,4
2016-04-18,540,181,4,5
2016-04-25,254,241,1,5
2016-05-02,429,230,2,4
2016-05-09,358,164,3,5
2016-05-16,248,169,2,4
2016-05-23,339,132,1,5
2016-05-30,466,276,1,5
2016-06-06,299,170,4,5
2016-06-13,667,172,1,4
2016-06-20,2602,518,5,5
2016-06-27,1014,199,1,5
2016-07-04,709,184,2,5
2016-07-11,501,149,1,4
2016-07-18,342,129,1,5
2016-07-25,290,246,1,5
2016-08-01,326,188,2,5
2016-08-08,226,151,2,5
2016-08-15,271,213,1,4
2016-08-22,530,175,2,5
2016-08-29,343,129,3,5
2016-09-05,367,188,1,4
2016-09-12,427,134,4,5
2016-09-19,386,134,3,4
2016-09-26,296,126,1,5
2016-10-03,570,140,1,5
2016-10-10,243,233,1,5
2016-10-17,434,180,4,5
2016-10-24,178,141,2,5
2016-10-30,270,206,1,5
2016-11-07,949,469,3,5
2016-11-14,671,273,1,5
2016-11-21,424,140,2,4
2016-11-28,715,137,3,5
2016-12-05,844,367,1,4
2016-12-12,595,304,3,4
2016-12-19,360,147,2,4
2016-12-26,805,281,3,5
2017-01-02,574,282,2,5
2017-01-09,582,231,3,4
2017-01-16,461,140,1,2
2017-01-23,299,117,2,4
2017-01-30,564,209,1,4
2017-02-06,217,183,1,5
2017-02-13,383,158,3,4
2017-02-20,344,139,1,3
2017-02-27,357,136,1,4
2017-03-06,346,174,4,5
2017-03-13,371,182,2,5
2017-03-20,342,105,2,3
2017-03-27,338,254,1,5
2017-04-03,198,108,3,5
2017-04-10,202,108,1,4
2017-04-17,325,175,1,4
2017-04-24,644,130,1,3
2017-05-01,251,125,4,5
2017-05-08,278,178,1,4
2017-05-15,303,289,1,5
2017-05-22,440,108,2,5
2017-05-29,277,175,2,5
2017-06-05,314,118,1,5
2017-06-12,360,164,3,4
2017-06-19,206,94,1,2
2017-06-26,317,274,1,4
2017-07-03,290,127,3,5
2017-07-10,348,119,3,4
2017-07-17,510,248,1,5
2017-07-24,684,164,3,4
2017-07-31,441,186,1,3
2017-08-07,372,157,3,5
2017-08-14,535,176,1,4
2017-08-21,434,210,1,5
2017-08-28,724,247,2,4
2017-09-04,758,224,2,5
2017-09-11,393,192,1,4
2017-09-18,506,173,3,3
2017-09-25,392,220,1,3
2017-10-02,424,145,1,5
2017-10-09,239,160,1,4
2017-10-16,337,128,3,4
2017-10-23,474,263,4,5
2017-10-29,205,97,1,5
2017-11-06,224,125,2,5
2017-11-13,445,223,1,3
2017-11-20,514,232,2,5
2017-11-27,526,153,1,4
2017-12-04,205,149,1,5
2017-12-11,400,145,2,4
2017-12-18,299,164,1,3
2017-12-26,225,179,2,5
2018-01-02,327,88,3,4
2018-01-08,659,303,2,5
2018-01-15,905,159,3,4
2018-01-22,792,324,1,4
2018-01-29,704,188,2,4
2018-02-05,729,270,1,5
2018-02-12,853,321,1,5
2018-02-19,388,176,1,4
2018-02-26,485,200,1,4
2018-03-05,508,177,1,4
2018-03-12,385,153,3,5
2018-03-19,610,149,2,4
2018-03-26,362,193,2,4
2018-04-02,241,130,1,5
2018-04-09,285,136,1,3
2018-04-16,295,164,2,5
2018-04-23,328,234,1,5
2018-04-30,298,228,1,5
2018-05-07,346,155,1,3
2018-05-14,325,246,1,5
2018-05-21,362,184,2,5
2018-05-28,685,218,1,2
2018-06-04,524,188,2,4
2018-06-11,642,309,4,5
2018-06-18,423,167,4,5
2018-06-25,492,193,2,4
2018-07-02,300,177,1,5
2018-07-09,299,178,1,5
2018-07-16,428,170,2,4
2018-07-23,371,131,1,5
2018-07-30,297,186,2,5
2018-08-06,399,240,3,5
2018-08-13,363,144,3,5
2018-08-20,307,245,1,5
2018-08-27,400,149,2,5
2018-09-03,369,129,2,4
2018-09-10,480,196,1,5
2018-09-17,243,185,1,5
2018-09-24,390,246,1,5
2018-10-01,593,162,1,4
2018-10-08,336,178,2,5
2018-10-15,399,188,2,5
2018-10-22,348,214,1,5
2018-10-29,487,154,3,5
2018-11-05,541,184,3,5
2018-11-12,490,205,1,5
2018-11-19,401,145,2,5
2018-11-26,429,135,3,4
2018-12-03,482,113,3,5
2018-12-10,437,173,1,5
2018-12-17,654,189,1,4
2018-12-24,107,78,1,1
2018-12-26,234,130,3,5
2018-12-31,11,45,1,1
2019-01-02,532,193,3,4
2019-01-07,298,175,1,4
2019-01-14,177,137,2,5
2019-01-21,387,128,4,5
2019-01-28,303,124,1,4
2019-02-04,147,139,1,5
2019-02-11,360,107,3,5
2019-02-18,267,96,2,3
2019-02-25,279,92,1,4
2019-03-04,266,205,1,4
2019-03-11,154,123,1,5
2019-03-18,338,175,3,5
2019-03-25,163,122,1,5
2019-04-01,199,71,2,3
2019-04-08,143,115,1,5
2019-04-15,139,98,3,4
2019-04-22,204,151,1,5
2019-04-29,323,130,3,5
2019-05-06,202,87,2,5
2019-05-13,141,108,1,5
2019-05-20,220,105,4,5
2019-05-27,179,99,1,4
2019-06-03,420,188,1,5
2019-06-10,237,141,3,5
2019-06-17,307,197,2,5
2019-06-24,136,68,2,2
2019-07-01,193,164,1,5
2019-07-08,137,93,2,4
2019-07-15,280,84,1,3
2019-07-22,313,124,1,4
2019-07-29,273,135,3,4
2019-08-05,394,147,1,2
2019-08-12,295,164,1,5
2019-08-19,197,102,5,5
2019-08-26,244,201,1,5
2019-09-02,297,159,2,4
2019-09-09,593,183,4,5
2019-09-16,297,96,1,2
2019-09-23,171,121,1,5
2019-09-30,218,121,2,5
2019-10-07,228,122,2,5
2019-10-14,252,181,2,5
2019-10-21,132,107,1,5
2019-10-28,119,102,2,4
2019-11-04,169,159,1,5
2019-11-11,150,68,4,5
2019-11-18,133,82,4,5
2019-11-25,102,51,1,5
2019-12-02,230,113,1,3
2019-12-09,245,146,1,5
2019-12-16,174,108,2,5
2019-12-23,6,27,1,2
2019-12-26,127,106,4,5
2019-12-30,86,68,1,2
2020-01-02,166,89,4,5
2020-01-06,196,121,1,5
2020-01-13,174,87,4,5
2020-01-20,132,98,2,5
2020-01-27,142,103,3,5
2020-02-03,156,151,1,5
2020-02-10,148,130,1,5
2020-02-17,184,86,4,5
2020-02-24,485,248,1,5
2020-03-02,807,318,1,5
2020-03-09,1650,441,1,5
2020-03-16,2316,599,1,5
2020-03-23,1557,511,1,5
2020-03-30,660,372,1,5
2020-04-06,489,184,1,5
2020-04-13,642,179,3,5
2020-04-20,541,170,1,5
2020-04-27,336,209,2,5
2020-05-04,360,209,1,4
2020-05-11,431,122,3,4
2020-05-18,359,209,1,4
2020-05-25,341,275,1,5
2020-06-01,520,283,1,5
2020-06-08,693,210,3,5
2020-06-15,331,185,2,5
2020-06-22,380,180,1,2
2020-06-29,405,118,3,4
2020-07-06,515,129,1,4
2020-07-13,324,151,1,3
2020-07-20,392,256,1,5
2020-07-27,752,270,1,5
2020-08-03,860,221,1,4
2020-08-10,588,153,3,4
2020-08-17,401,212,2,5
2020-08-24,594,158,4,5
2020-08-31,432,231,2,5
2020-09-07,463,165,3,4
2020-09-14,400,163,2,4
2020-09-21,306,260,1,5
2020-09-28,259,155,1,4
2020-10-05,298,125,1,5
2020-10-12,177,138,1,4
2020-10-19,368,177,1,3
2020-10-26,225,216,1,5
2020-11-02,649,289,3,5
2020-11-09,357,175,1,3
2020-11-16,356,80,1,2
2020-11-23,324,164,1,5
2020-11-30,432,254,1,5
2020-12-07,445,108,1,3
2020-12-14,365,157,1,4
2020-12-21,459,128,1,2
2020-12-28,230,130,1,3
2021-01-04,474,157,3,5
2021-01-11,328,148,3,5
2021-01-18,341,136,1,5
2021-01-25,260,125,1,3
2021-02-01,289,184,1,5
2021-02-08,255,130,1,4
2021-02-15,350,146,2,3
2021-02-22,371,181,4,5
2021-03-01,502,220,3,5
2021-03-08,404,155,2,4
2021-03-15,355,115,4,5
2021-03-22,295,185,1,4
2021-03-29,205,90,1,3
2021-04-05,235,189,1,4
2021-04-12,162,124,1,5
2021-04-19,363,158,1,5
2021-04-26,315,134,4,5
2021-05-03,361,186,3,5
2021-05-10,522,131,2,4
2021-05-17,398,119,1,3
2021-05-24,321,134,2,5
2021-05-31,334,151,2,5
2021-06-07,233,125,3,5
2021-06-14,379,300,2,5
2021-06-21,176,128,1,5
2021-06-28,204,138,1,5
2021-07-05,251,114,2,3
2021-07-12,265,108,1,3
2021-07-19,349,79,3,4
2021-07-26,191,145,1,5
2021-08-02,297,145,3,5
2021-08-09,176,99,3,5
2021-08-16,179,137,1,5
2021-08-23,129,114,1,5
2021-08-30,169,126,1,5
2021-09-06,101,84,1,3
2021-09-13,240,121,2,5
2021-09-20,249,72,3,4
2021-09-27,195,163,1,4
2021-10-04,240,111,1,3
2021-10-11,207,101,2,4
2021-10-18,249,98,1,2
2021-10-25,398,157,4,5
2021-11-01,251,103,4,5
2021-11-08,256,176,2,5
2021-11-15,567,214,1,5
2021-11-22,254,141,3,5
2021-11-29,643,149,2,2
2021-12-06,371,127,2,3
2021-12-13,502,139,3,4
2021-12-20,135,109,1,5
2021-12-27,202,113,3,5
2022-01-03,213,106,1,2
2022-01-10,344,198,1,5
2022-01-17,197,134,1,5
2022-01-24,256,224,1,5
2022-01-31,384,346,1,5
2022-02-07,397,165,4,5
2022-02-14,325,116,1,3
2022-02-21,695,284,1,4
2022-02-28,519,361,1,5
2022-03-07,1161,315,1,4
2022-03-14,849,237,1,4
2022-03-21,429,109,1,2
2022-03-28,459,240,1,4
2022-04-04,272,218,1,5
2022-04-11,553,176,1,4
2022-04-18,447,175,2,4
2022-04-25,660,343,1,4
2022-05-02,675,159,4,5
2022-05-09,599,243,1,5
2022-05-16,541,218,1,4
2022-05-23,565,210,1,5
2022-05-30,412,160,1,3
2022-06-06,538,268,4,5
2022-06-13,1184,242,3,4
2022-06-20,594,137,3,3
2022-06-27,606,249,1,5
2022-07-04,562,391,1,5
2022-07-11,839,231,1,4
2022-07-18,1126,200,1,4
2022-07-25,864,161,1,3
2022-08-01,553,171,2,3
2022-08-08,376,209,1,3
2022-08-15,417,236,1,5
2022-08-22,874,189,2,5
2022-08-29,772,168,3,4
2022-09-05,809,250,2,5
2022-09-12,664,253,1,5
2022-09-19,576,383,2,5
2022-09-26,1481,318,3,5
2022-10-03,859,274,2,5
2022-10-10,1106,177,4,5
2022-10-17,685,171,2,5
2022-10-24,736,287,1,4
2022-10-31,904,246,3,4
2022-11-07,795,460,1,5
2022-11-14,1085,209,1,2
2022-11-21,399,226,1,4
2022-11-28,881,255,3,5
2022-12-05,669,151,1,3
2022-12-12,406,230,1,4
2022-12-19,409,86,4,4
2022-12-26,364,107,3,5
2023-01-02,639,226,1,5
2023-01-09,268,230,1,5
2023-01-16,593,121,3,3
2023-01-23,379,94,2,4
2023-01-30,655,241,4,5
2023-02-06,561,133,1,5
2023-02-13,457,192,2,5
2023-02-20,197,169,1,5
2023-02-27,512,158,1,3
2023-03-06,483,176,3,5
2023-03-13,907,244,3,3
2023-03-20,625,299,1,4
2023-03-27,292,182,1,4
2023-04-03,370,185,1,2
2023-04-10,474,245,1,5
2023-04-17,288,91,1,1
2023-04-24,601,133,3,5
2023-05-01,471,150,2,4
2023-05-08,244,206,1,5
2023-05-15,259,145,2,5
2023-05-22,180,130,1,5
2023-05-29,501,144,3,5
2023-06-05,316,120,2,4
2023-06-12,278,237,1,5
2023-06-19,399,168,4,5
2023-06-26,365,142,2,5
2023-07-03,346,140,4,5
2023-07-10,334,302,1,5
2023-07-17,286,168,2,5
2023-07-24,622,206,4,5
2023-07-31,332,134,1,4
2023-08-07,355,136,2,4
2023-08-14,309,115,1,5
2023-08-21,411,165,2,5
2023-08-28,439,173,3,5
2023-09-04,170,123,1,4
2023-09-11,234,137,2,4
2023-09-18,239,122,3,5
2023-09-25,346,168,1,3
2023-10-02,507,152,2,5
2023-10-09,357,144,4,5
2023-10-16,234,112,1,4
2023-10-23,360,172,2,4
2023-10-30,551,230,3,5
2023-11-06,163,100,1,5
2023-11-13,270,251,1,5
2023-11-20,295,113,2,3
2023-11-27,351,188,3,5
2023-12-04,229,171,1,5
2023-12-11,408,268,1,4
2023-12-18,178,149,1,5
2023-12-26,258,131,2,4
2024-01-02,521,168,2,5
2024-01-08,396,89,2,4
2024-01-15,319,123,1,3
2024-01-22,454,119,3,5
2024-01-29,503,118,4,5
2024-02-05,146,72,2,5
2024-02-12,239,111,1,3
2024-02-19,240,126,2,4
2024-02-26,184,70,2,4
2024-03-04,188,145,1,5
2024-03-11,205,91,3,5
2024-03-18,342,141,4,5
2024-03-25,188,96,2,5
2024-04-01,384,152,2,4
2024-04-08,361,263,2,5
2024-04-15,354,89,2,4
2024-04-22,255,129,1,5
2024-04-29,344,163,3,5
2024-05-06,183,67,1,4
2024-05-13,160,129,1,4
2024-05-20,164,80,1,4
2024-05-27,275,101,2,4
2024-06-03,226,117,2,5
2024-06-10,423,185,3,5
2024-06-17,204,90,2,5
2024-06-24,220,80,1,3
2024-07-01,242,133,2,5
2024-07-08,120,113,1,5
2024-07-15,250,77,2,3
2024-07-22,126,77,1,3
2024-07-29,271,149,4,5
2024-08-05,309,127,1,4
2024-08-12,321,138,1,3
2024-08-19,343,178,1,5
2024-08-26,178,158,1,5
2024-09-02,454,129,2,5
2024-09-09,226,100,3,5
2024-09-16,368,121,3,4
2024-09-23,476,131,1,3
2024-09-30,339,258,1,5
2024-10-07,204,97,2,4
2024-10-14,187,126,1,4
2024-10-21,243,110,1,3
2024-10-27,307,137,2,5
2024-11-04,639,255,3,3
2024-11-11,298,232,1,4
2024-11-18,649,277,3,5
2024-11-25,629,172,2,5
2024-12-02,397,169,1,5
2024-12-09,318,141,1,5
2024-12-16,460,191,2,5
2024-12-23,88,62,1,2
2024-12-26,79,54,4,5
2024-12-30,156,114,1,2
2025-01-02,262,152,4,4
2025-01-06,566,224,1,5
2025-01-13,498,177,1,3
2025-01-20,649,255,1,5
2025-01-27,467,184,1,5
2025-02-03,635,232,1,3
2025-02-10,264,236,1,5
2025-02-17,301,106,1,3
2025-02-24,414,169,3,5
2025-03-03,570,500,1,5
2025-03-10,489,142,1,2
2025-03-17,270,158,2,5
2025-03-24,285,126,1,4
2025-03-31,1588,368,2,4
2025-04-07,2539,594,1,5
2025-04-14,747,160,1,2
2025-04-21,976,266,1,3
2025-04-28,538,159,1,4
2025-05-05,586,185,2,5
2025-05-12,604,201,1,3
2025-05-19,580,205,1,5
2025-05-26,492,209,1,4
2025-06-02,493,154,1,4
2025-06-09,617,259,2,4
2025-06-16,383,169,1,4
2025-06-23,339,302,1,5
2025-06-30,339,122,1,2
2025-07-07,372,128,1,4
2025-07-14,658,165,3,4
2025-07-21,232,174,1,4
2025-07-28,608,379,1,5
2025-08-04,460,171,2,4
2025-08-11,455,140,1,3
2025-08-18,319,160,5,5
2025-08-25,318,153,1,3
2025-09-01,365,151,3,5
2025-09-08,305,121,2,4
2025-09-15,418,203,1,3
2025-09-22,331,174,2,4
2025-09-29,268,96,3,4
2025-10-06,276,189,1,4
2025-10-13,368,186,2,5
2025-10-20,205,99,1,3
2025-10-27,222,147,2,5
2025-11-03,234,123,3,5
2025-11-10,164,115,1,4
2025-11-17,172,133,1,5
2025-11-24,240,111,1,4
2025-12-01,166,93,1,4
2025-12-08,263,148,2,4
2025-12-15,192,101,2,5
2025-12-22,140,102,1,3
2025-12-26,15,35,5,5
2025-12-29,114,69,1,3
2026-01-02,77,52,5,5
2026-01-05,290,125,2,5
2026-01-12,209,114,1,5
2026-01-19,464,256,1,5
2026-01-26,775,246,1,2
2026-02-02,205,109,1,5
2026-02-09,301,119,1,2
2026-02-16,230,133,1,4
2026-02-23,292,69,1,2
2026-03-02,608,266,1,2
2026-03-09,464,257,2,5
2026-03-16,582,202,1,4
2026-03-23,589,155,1,1
2026-03-30,408,184,1,3
2026-04-06,265,235,1,5
2026-04-13,277,185,1,5
2026-04-20,242,122,2,4
2026-04-27,365,130,4,5
2026-05-04,337,120,2,3
2026-05-11,221,171,1,5
2026-05-18,232,85,2,4
2026-05-25,224,100,4,5
2026-06-01,163,147,1,5
2026-06-08,272,90,1,4
2026-06-15,302,204,1,5
2026-06-22,323,149,1,3
2026-06-29,288,111,3,4
2026-07-06,183,70,3,5
2026-07-13,323,105,1,3
