year;events;avgUpPips;avgDownPips;avgMaxPips;minMaxPips;maxMaxPips
2011;7;57.5;83.7;119.5;35.6;216.7
2012;8;50.4;34.8;67.2;17.8;137.9
2013;8;47.2;48.9;76.9;18.3;169.2
2014;8;19.2;64.1;66.1;11.2;126.6
2015;8;91.8;74.1;140.1;66.7;392.9
2016;8;51.8;37.7;74.2;17.5;156.9
2017;8;48.2;41.1;74.0;17.3;146.6
2018;8;29.4;36.7;49.4;11.7;78.8
2019;8;41.1;28.7;60.6;36.3;96.1
2020;8;37.7;21.5;42.4;17.6;89.4
2021;8;36.3;36.5;55.1;22.8;126.9
2022;8;56.9;48.8;72.4;54.1;92.0
2023;8;60.9;25.1;77.5;42.1;120.0
2024;8;29.9;39.3;58.8;19.0;144.1
2025;8;31.6;40.7;52.7;30.4;78.3
2026;5;30.0;47.9;68.0;25.1;116.5
