rank;a1Minutes;a2Minutes;xPips;stopLossPips;takeProfitPips;riskPercent;deposit;finalEquity;returnPercent;maxDrawdownPercent;entries;pips;winRate;wins;doubleWin;mixed;doubleLoss
1;660;750;20;20;60;0.50;100000;298894;198.9;16.31;1814;4740.4;0.2751;998;0;998;816
2;25;420;15;20;60;0.45;100000;290331;190.3;23.06;2193;5129.8;0.2734;1199;0;1199;994
3;6480;6720;20;30;80;0.50;100000;268104;168.1;10.90;600;6060.0;0.3250;390;0;390;210
4;420;690;25;20;60;0.50;100000;260872;160.9;17.70;1654;4164.4;0.2745;908;0;908;746
5;2;5040;10;20;60;0.50;100000;254267;154.3;15.71;1068;3944.8;0.2818;602;0;602;466
6;2580;3600;20;20;60;0.50;100000;254062;154.1;14.48;895;3907.0;0.2860;512;0;512;383
7;180;1170;15;25;70;0.50;100000;249226;149.2;21.15;1347;4864.2;0.2895;780;0;780;567
8;20;2400;10;25;70;0.50;100000;245479;145.5;24.54;1135;4741.0;0.2925;664;0;664;471
9;660;750;20;25;60;0.50;100000;242693;142.7;19.95;1653;4710.8;0.3191;1055;0;1055;598
10;20;2370;10;25;70;0.50;100000;242155;142.2;19.98;1140;4674.0;0.2921;666;0;666;474
11;90;630;10;25;70;0.50;100000;240125;140.1;18.64;1680;4753.0;0.2854;959;0;959;721
12;150;1380;10;25;70;0.50;100000;239823;139.8;17.17;1336;4669.6;0.2889;772;0;772;564
13;1440;5040;30;20;60;0.50;100000;239641;139.6;12.89;691;3632.6;0.2916;403;0;403;288
14;150;1380;10;25;60;0.50;100000;238502;138.5;18.65;1508;4598.8;0.3203;966;0;966;542
15;25;1380;15;25;70;0.50;100000;236286;136.3;13.95;1354;4599.4;0.2884;781;0;781;573
16;20;2130;15;25;60;0.50;100000;235642;135.6;14.49;1257;4495.2;0.3234;813;0;813;444
17;2730;3600;20;25;70;0.50;100000;235632;135.6;15.35;793;4459.8;0.3001;476;0;476;317
18;60;2040;10;25;60;0.50;100000;235282;135.3;9.71;1300;4495.0;0.3227;839;0;839;461
19;1650;1710;20;20;60;0.50;100000;234341;134.3;20.81;1497;3704.2;0.2742;821;0;821;676
20;2460;3360;25;20;60;0.50;100000;233211;133.2;19.79;884;3562.4;0.2839;502;0;502;382
21;60;1890;10;25;70;0.50;100000;233132;133.1;19.08;1186;4494.6;0.2905;689;0;689;497
22;1260;1950;25;20;60;0.50;100000;231726;131.7;13.93;1150;3590.0;0.2783;640;0;640;510
23;240;1740;10;20;60;0.50;100000;230066;130.1;17.77;1443;3619.8;0.2744;792;0;792;651
24;120;1620;10;25;70;0.50;100000;229890;129.9;19.91;1226;4433.6;0.2896;710;0;710;516
25;2820;3360;20;20;60;0.50;100000;229325;129.3;19.34;976;3513.6;0.2812;549;0;549;427
26;2280;2790;30;20;60;0.50;100000;229142;129.1;15.77;978;3510.8;0.2812;550;0;550;428
27;2430;4320;20;20;60;0.50;100000;229139;129.1;12.54;778;3470.8;0.2866;446;0;446;332
28;1410;5040;30;20;60;0.50;100000;228223;128.2;15.16;688;3436.8;0.2900;399;0;399;289
29;1;2100;15;20;60;0.50;100000;226232;126.2;14.55;1460;3556.0;0.2740;800;0;800;660
30;20;450;15;20;60;0.45;100000;225267;125.3;24.98;2147;3994.2;0.2704;1161;0;1161;986
31;960;1230;10;25;70;0.50;100000;225034;125.0;18.61;1344;4353.4;0.2876;773;0;773;571
32;2310;7680;15;20;60;0.50;100000;224059;124.1;11.63;534;3332.4;0.2978;318;0;318;216
33;120;900;20;20;50;0.50;100000;223086;123.1;23.26;1948;3492.8;0.3085;1202;0;1202;746
34;4;1560;15;25;70;0.50;100000;221336;121.3;20.46;1318;4264.8;0.2876;758;0;758;560
35;360;1380;10;25;70;0.50;100000;220864;120.9;18.51;1263;4241.8;0.2882;728;0;728;535
36;4;1440;10;25;70;0.50;100000;220350;120.3;22.00;1381;4256.6;0.2867;792;0;792;589
37;930;1350;15;30;80;0.50;100000;219438;119.4;15.03;1037;4968.2;0.3009;624;0;624;413
38;6;1560;15;25;70;0.50;100000;219329;119.3;17.05;1306;4216.6;0.2875;751;0;751;555
39;4;1710;15;20;60;0.50;100000;219282;119.3;18.95;1588;3456.8;0.2724;865;0;865;723
40;12480;12720;10;25;70;0.50;100000;219208;119.2;8.67;535;4041.0;0.3103;332;0;332;203
41;2160;9840;15;20;60;0.50;100000;219093;119.1;7.73;465;3229.0;0.3022;281;0;281;184
42;2430;3840;20;25;70;0.50;100000;218816;118.8;14.93;756;4081.6;0.2989;452;0;452;304
43;25;420;15;25;60;0.50;100000;218661;118.7;15.51;1968;4244.8;0.3150;1240;0;1240;728
44;30;2070;10;20;60;0.50;100000;218230;118.2;15.16;1450;3410.0;0.2734;793;0;793;657
45;4320;4560;10;20;60;0.50;100000;218224;118.2;14.96;975;3315.0;0.2800;546;0;546;429
46;1;1620;15;20;60;0.50;100000;218058;118.1;23.36;1652;3447.2;0.2718;898;0;898;754
47;15;2310;15;25;70;0.50;100000;217383;117.4;21.42;1121;4130.6;0.2899;650;0;650;471
48;120;1680;10;20;60;0.50;100000;217185;117.2;24.28;1512;3403.2;0.2728;825;0;825;687
49;20;660;10;25;70;0.50;100000;216897;116.9;24.07;1642;4236.2;0.2841;933;0;933;709
50;20;2340;10;25;70;0.50;100000;216852;116.9;17.86;1147;4124.2;0.2895;664;0;664;483
51;270;1710;10;20;60;0.45;100000;216608;116.6;23.91;1447;3694.2;0.2747;795;0;795;652
52;1890;5280;25;20;60;0.50;100000;216481;116.5;20.42;670;3222.0;0.2888;387;0;387;283
53;1350;1530;15;25;70;0.50;100000;216426;116.4;17.80;1230;4133.0;0.2882;709;0;709;521
54;2280;2310;30;20;60;0.50;100000;215968;116.0;24.70;1226;3323.6;0.2757;676;0;676;550
55;20;2100;15;25;60;0.50;100000;215745;115.7;12.89;1254;4054.4;0.3214;806;0;806;448
56;2;1620;15;20;60;0.50;100000;215283;115.3;21.00;1634;3392.4;0.2717;888;0;888;746
57;2310;4560;20;20;60;0.50;100000;215100;115.1;13.03;736;3209.6;0.2860;421;0;421;315
58;1770;4320;30;25;60;0.50;100000;214957;115.0;12.99;722;3944.2;0.3345;483;0;483;239
59;1;1590;15;20;60;0.50;100000;214939;114.9;23.36;1663;3391.8;0.2715;903;0;903;760
60;1;1560;15;20;60;0.50;100000;214424;114.4;18.56;1669;3383.4;0.2714;906;0;906;763
61;1380;1950;25;20;60;0.50;100000;214418;114.4;11.20;1169;3283.4;0.2763;646;0;646;523
62;3;1440;10;25;70;0.50;100000;214068;114.1;24.94;1393;4114.8;0.2861;797;0;797;596
63;60;1890;10;25;60;0.50;100000;213896;113.9;13.45;1329;4024.4;0.3202;851;0;851;478
64;2400;4320;25;20;60;0.50;100000;213728;113.7;16.84;752;3187.2;0.2852;429;0;429;323
65;2280;7920;15;20;60;0.50;100000;213725;113.7;9.12;527;3142.2;0.2960;312;0;312;215
66;1650;1740;20;20;60;0.50;100000;213565;113.6;18.62;1454;3324.4;0.2730;794;0;794;660
67;390;780;25;20;60;0.50;100000;212714;112.7;22.62;1639;3345.4;0.2715;890;0;890;749
68;180;1380;10;25;70;0.50;100000;212635;112.6;22.06;1309;4062.4;0.2869;751;0;751;558
69;2520;7680;15;20;60;0.50;100000;212191;112.2;8.46;520;3112.0;0.2962;308;0;308;212
70;1200;1410;15;25;70;0.50;100000;212090;112.1;21.56;1243;4034.8;0.2876;715;0;715;528
71;8;990;20;20;60;0.50;100000;212035;112.0;18.43;1747;3354.2;0.2707;946;0;946;801
72;2580;3600;20;20;50;0.50;100000;211474;111.5;13.59;949;3131.4;0.3193;606;0;606;343
73;6480;6720;20;25;70;0.50;100000;211413;111.4;10.59;671;3890.6;0.3010;404;0;404;267
74;2850;3600;20;25;70;0.50;100000;211191;111.2;14.57;822;3919.2;0.2956;486;0;486;336
75;20;1530;15;25;70;0.50;100000;211054;111.1;16.46;1295;4022.0;0.2869;743;0;743;552
76;7;1050;20;20;60;0.50;100000;211020;111.0;24.34;1734;3332.4;0.2708;939;0;939;795
77;3360;6000;15;20;60;0.50;100000;210669;110.7;19.27;613;3101.8;0.2904;356;0;356;257
78;2130;9360;20;20;60;0.50;100000;210499;110.5;10.06;465;3069.0;0.3000;279;0;279;186
79;2250;4560;25;20;60;0.50;100000;209997;110.0;11.84;721;3110.6;0.2857;412;0;412;309
80;1680;4800;40;20;60;0.50;100000;209660;109.7;9.84;650;3090.0;0.2885;375;0;375;275
81;90;630;10;30;70;0.50;100000;209123;109.1;20.41;1516;4717.6;0.3226;978;0;978;538
82;2250;3360;20;30;70;0.50;100000;209061;109.1;8.26;766;4567.6;0.3368;516;0;516;250
83;1350;5040;30;20;60;0.50;100000;208657;108.7;12.47;687;3078.2;0.2868;394;0;394;293
84;6480;6720;20;30;70;0.50;100000;208242;108.2;10.02;643;4519.8;0.3421;440;0;440;203
85;9600;11520;25;20;60;0.50;100000;208153;108.2;13.45;418;3014.8;0.3038;254;0;254;164
86;2550;7680;15;20;60;0.50;100000;207821;107.8;9.84;522;3029.2;0.2950;308;0;308;214
87;2310;7680;20;20;60;0.50;100000;207821;107.8;10.71;522;3029.2;0.2950;308;0;308;214
88;20;2310;10;25;70;0.50;100000;207728;107.7;16.50;1153;3910.8;0.2884;665;0;665;488
89;1620;1680;20;20;60;0.50;100000;207666;107.7;21.06;1499;3221.4;0.2722;816;0;816;683
90;1680;1740;15;25;60;0.50;100000;207606;107.6;12.67;1411;3889.6;0.3186;899;0;899;512
91;2430;4320;25;20;60;0.50;100000;207492;107.5;20.11;751;3068.6;0.2843;427;0;427;324
92;2430;4560;20;25;70;0.50;100000;207177;107.2;11.16;684;3792.4;0.2997;410;0;410;274
93;2100;3600;25;20;60;0.50;100000;206995;107.0;11.03;857;3080.2;0.2812;482;0;482;375
94;60;1890;10;20;60;0.50;100000;206175;106.2;19.14;1467;3186.2;0.2723;799;0;799;668
95;60;1920;10;20;60;0.50;100000;206010;106.0;20.55;1444;3178.4;0.2725;787;0;787;657
96;1;5040;10;20;50;0.50;100000;205908;105.9;14.76;1147;3054.2;0.3147;722;0;722;425
97;150;270;25;25;60;0.50;100000;205829;105.8;18.22;1753;3905.8;0.3155;1106;0;1106;647
98;2820;3360;20;25;70;0.50;100000;205685;105.7;13.98;854;3794.4;0.2939;502;0;502;352
99;2310;7680;15;20;50;0.50;100000;205573;105.6;11.27;544;2958.4;0.3346;364;0;364;180
100;2850;6960;15;20;60;0.50;100000;205178;105.2;11.98;554;2984.4;0.2924;324;0;324;230
101;2460;3600;20;25;70;0.50;100000;205159;105.2;12.55;788;3766.8;0.2957;466;0;466;322
102;210;810;15;30;60;0.50;100000;204998;105.0;14.00;1568;4524.8;0.3571;1120;0;1120;448
103;270;1080;15;20;60;0.50;100000;204698;104.7;22.00;1710;3206.0;0.2705;925;0;925;785
104;1500;4800;30;20;60;0.50;100000;204360;104.4;12.89;714;3000.4;0.2850;407;0;407;307
105;2460;4320;20;25;70;0.50;100000;204209;104.2;17.56;713;3726.8;0.2980;425;0;425;288
106;30;2070;10;20;50;0.50;100000;203784;103.8;20.63;1613;3081.8;0.3094;998;0;998;615
107;2;1470;10;25;70;0.50;100000;203451;103.5;22.26;1374;3856.4;0.2853;784;0;784;590
108;210;1320;10;25;70;0.50;100000;203439;103.4;17.65;1328;3845.8;0.2858;759;0;759;569
109;6480;6720;20;30;90;0.50;100000;203423;103.4;11.66;565;4429.0;0.2885;326;0;326;239
110;10;1410;10;25;70;0.50;100000;203289;103.3;23.77;1398;3857.8;0.2851;797;0;797;601
111;90;1260;15;25;70;0.50;100000;203277;103.3;22.26;1352;3847.2;0.2855;772;0;772;580
112;1800;4560;30;25;60;0.50;100000;203236;103.2;18.14;706;3661.6;0.3329;470;0;470;236
113;30;390;15;25;60;0.50;100000;202665;102.7;17.16;1977;3867.2;0.3139;1241;0;1241;736
114;2;5040;10;20;50;0.50;100000;202445;102.4;12.52;1152;2987.2;0.3142;724;0;724;428
115;2;1680;15;20;60;0.50;100000;202255;102.3;15.23;1615;3139.0;0.2709;875;0;875;740
116;60;1980;10;25;70;0.50;100000;202053;102.1;17.53;1152;3772.2;0.2878;663;0;663;489
117;1860;2010;10;25;70;0.50;100000;201893;101.9;17.77;1176;3773.6;0.2874;676;0;676;500
118;2610;3600;20;25;70;0.50;100000;201799;101.8;16.88;808;3688.8;0.2946;476;0;476;332
119;2100;9360;20;20;60;0.50;100000;201757;101.8;15.23;471;2900.6;0.2972;280;0;280;191
120;930;1350;15;30;70;0.50;100000;201711;101.7;9.39;1138;4426.8;0.3264;743;0;743;395
121;210;1200;10;20;50;0.50;100000;201452;101.5;15.50;1914;3080.4;0.3072;1176;0;1176;738
122;120;900;20;20;60;0.35;100000;201056;101.1;23.48;1747;4234.2;0.2739;957;0;957;790
123;1500;4800;30;25;60;0.50;100000;200878;100.9;11.49;689;3600.4;0.3331;459;0;459;230
124;3;2040;10;25;70;0.50;100000;200821;100.8;17.83;1217;3756.2;0.2868;698;0;698;519
125;90;6720;25;20;60;0.50;100000;200794;100.8;18.03;758;2938.8;0.2830;429;0;429;329
126;2850;7200;15;20;60;0.50;100000;200791;100.8;11.70;533;2893.8;0.2927;312;0;312;221
127;1710;4800;30;20;60;0.50;100000;200633;100.6;15.37;710;2926.0;0.2845;404;0;404;306
128;1200;1920;20;15;40;0.50;100000;200483;100.5;13.32;1553;2275.8;0.2988;928;0;928;625
129;2;1530;15;25;70;0.50;100000;200353;100.4;20.53;1335;3771.0;0.2854;762;0;762;573
130;5;1560;15;25;70;0.50;100000;200182;100.2;21.51;1313;3761.8;0.2856;750;0;750;563
131;60;2010;10;25;60;0.50;100000;199886;99.9;14.14;1296;3680.6;0.3191;827;0;827;469
132;4;1740;15;20;60;0.50;100000;199841;99.8;22.44;1570;3082.0;0.2710;851;0;851;719
133;2310;2400;35;20;60;0.50;100000;199835;99.8;13.24;1070;2982.0;0.2762;591;0;591;479
134;2550;3840;20;20;60;0.50;100000;199833;99.8;12.82;845;2937.0;0.2805;474;0;474;371
135;1;2070;10;25;70;0.50;100000;199499;99.5;13.80;1225;3725.0;0.2865;702;0;702;523
136;150;1890;10;25;70;0.50;100000;199402;99.4;15.45;1168;3709.8;0.2872;671;0;671;497
137;2820;3840;10;20;60;0.50;100000;199354;99.4;20.62;901;2938.6;0.2791;503;0;503;398
138;1830;8400;15;20;60;0.50;100000;199191;99.2;8.75;528;2860.8;0.2926;309;0;309;219
139;2880;3600;20;25;60;0.50;100000;199081;99.1;10.81;886;3589.6;0.3262;578;0;578;308
140;120;1620;10;25;60;0.50;100000;199047;99.0;24.52;1392;3676.2;0.3179;885;0;885;507
141;930;1290;10;25;70;0.50;100000;198938;98.9;14.23;1286;3724.6;0.2858;735;0;735;551
142;1620;4800;20;20;60;0.50;100000;198715;98.7;23.61;734;2892.4;0.2834;416;0;416;318
143;1590;4800;30;20;60;0.50;100000;198715;98.7;16.91;709;2887.4;0.2842;403;0;403;306
144;1650;7200;20;20;60;0.50;100000;198714;98.7;15.50;584;2862.4;0.2894;338;0;338;246
145;2;1440;10;25;70;0.45;100000;198605;98.6;23.64;1399;4091.4;0.2859;800;0;800;599
146;4800;11280;20;20;60;0.50;100000;198394;98.4;9.19;363;2811.8;0.3072;223;0;223;140
147;270;1170;15;25;70;0.50;100000;198378;98.4;17.90;1347;3724.2;0.2851;768;0;768;579
148;4;1470;10;25;70;0.50;100000;197978;98.0;23.41;1384;3722.4;0.2847;788;0;788;596
149;60;1980;10;25;60;0.50;100000;197831;97.8;15.20;1297;3629.2;0.3188;827;0;827;470
150;60;1410;15;25;70;0.50;100000;197797;97.8;18.27;1316;3702.6;0.2853;751;0;751;565
151;3;1470;10;25;70;0.50;100000;197651;97.7;23.22;1386;3714.6;0.2846;789;0;789;597
152;1560;4320;40;20;60;0.50;100000;197447;97.4;14.41;700;2860.0;0.2843;398;0;398;302
153;2610;5520;20;20;60;0.50;100000;197446;97.4;21.75;650;2850.0;0.2862;372;0;372;278
154;2130;9840;10;20;60;0.50;100000;197444;97.4;7.06;475;2815.0;0.2958;281;0;281;194
155;360;930;20;25;60;0.50;100000;197417;97.4;17.16;1523;3657.8;0.3165;964;0;964;559
156;180;840;15;30;60;0.50;100000;197326;97.3;13.69;1541;4292.6;0.3566;1099;0;1099;442
157;1740;4320;25;20;60;0.50;100000;197132;97.1;15.77;779;2869.4;0.2818;439;0;439;340
158;330;750;25;25;60;0.50;100000;197040;97.0;14.36;1510;3646.0;0.3166;956;0;956;554
159;2850;6960;15;20;50;0.50;100000;196993;97.0;10.44;570;2792.0;0.3307;377;0;377;193
160;30;390;15;20;60;0.50;100000;196832;96.8;21.12;2183;3143.8;0.2678;1169;0;1169;1014
161;2250;9120;15;25;70;0.50;100000;196688;96.7;9.12;459;3482.4;0.3105;285;0;285;174
162;10;1440;10;25;70;0.50;100000;196591;96.6;23.82;1381;3686.6;0.2846;786;0;786;595
163;960;1320;10;30;80;0.50;100000;196516;96.5;13.82;1062;4313.2;0.2976;632;0;632;430
164;60;1950;10;20;60;0.50;100000;196509;96.5;16.98;1437;2988.2;0.2717;781;0;781;656
165;210;1260;10;25;70;0.50;100000;196507;96.5;22.95;1370;3682.0;0.2847;780;0;780;590
166;2340;5760;20;20;60;0.50;100000;196343;96.3;13.59;639;2825.4;0.2864;366;0;366;273
167;2820;7200;15;20;60;0.50;100000;196342;96.3;11.49;539;2805.4;0.2913;314;0;314;225
168;60;2040;10;20;50;0.50;100000;196319;96.3;20.54;1593;2929.8;0.3089;984;0;984;609
169;90;540;10;25;70;0.50;100000;196262;96.3;20.69;1694;3748.4;0.2822;956;0;956;738
170;600;1290;10;30;80;0.50;100000;196199;96.2;13.49;1080;4308.0;0.2972;642;0;642;438
171;1380;5040;30;20;60;0.50;100000;196187;96.2;17.04;691;2832.6;0.2844;393;0;393;298
172;4320;4560;10;25;60;0.50;100000;196132;96.1;12.95;927;3522.2;0.3247;602;0;602;325
173;11760;12000;15;25;70;0.50;100000;196062;96.1;10.13;555;3488.0;0.3036;337;0;337;218
174;7;1440;10;25;70;0.50;100000;195859;95.9;23.70;1374;3666.4;0.2846;782;0;782;592
175;990;1410;10;25;70;0.50;100000;195825;95.8;15.62;1236;3634.6;0.2860;707;0;707;529
176;990;1380;10;25;70;0.50;100000;195502;95.5;21.00;1238;3626.8;0.2859;708;0;708;530
177;20;540;15;20;60;0.45;100000;195418;95.4;24.16;2091;3352.6;0.2688;1124;0;1124;967
178;1740;1830;10;20;60;0.50;100000;195412;95.4;17.24;1551;2988.6;0.2708;840;0;840;711
179;2010;9840;10;20;60;0.50;100000;195245;95.2;8.75;478;2770.8;0.2950;282;0;282;196
180;960;1290;15;30;80;0.50;100000;195095;95.1;22.07;1052;4267.2;0.2975;626;0;626;426
181;1470;4800;35;20;60;0.50;100000;195090;95.1;10.06;680;2808.0;0.2846;387;0;387;293
182;8;2340;15;25;70;0.50;100000;194907;94.9;24.13;1115;3584.0;0.2874;641;0;641;474
183;2430;3360;25;20;60;0.50;100000;194781;94.8;18.39;884;2842.4;0.2788;493;0;493;391
184;210;1290;10;30;70;0.50;100000;194650;94.7;11.67;1234;4232.4;0.3241;800;0;800;434
185;1770;4800;30;20;60;0.50;100000;194623;94.6;12.75;711;2804.6;0.2834;403;0;403;308
186;2040;5040;15;25;70;0.50;100000;194473;94.5;11.60;657;3470.2;0.2983;392;0;392;265
187;2190;9840;15;20;60;0.50;100000;194465;94.5;8.90;463;2751.8;0.2959;274;0;274;189
188;1260;6000;35;20;60;0.50;100000;194311;94.3;12.12;615;2779.0;0.2870;353;0;353;262
189;3;2160;10;25;60;0.50;100000;194305;94.3;17.16;1335;3546.0;0.3180;849;0;849;486
190;60;1800;10;25;70;0.50;100000;194287;94.3;18.46;1211;3589.6;0.2861;693;0;693;518
191;270;1050;15;25;60;0.50;100000;194270;94.3;17.13;1574;3586.4;0.3158;994;0;994;580
192;1140;1980;15;25;60;0.50;100000;194266;94.3;18.44;1129;3509.4;0.3206;724;0;724;405
193;1;1530;15;20;60;0.45;100000;194211;94.2;24.09;1678;3250.8;0.2709;909;0;909;769
194;3840;5040;10;25;70;0.50;100000;194163;94.2;12.04;705;3473.0;0.2965;418;0;418;287
195;2340;4800;20;20;60;0.50;100000;194001;94.0;16.51;719;2793.4;0.2830;407;0;407;312
196;7;1560;15;25;70;0.50;100000;193989;94.0;18.48;1305;3603.0;0.2851;744;0;744;561
197;2640;3600;20;25;70;0.50;100000;193948;93.9;12.69;810;3491.0;0.2932;475;0;475;335
198;8;1020;20;20;60;0.50;100000;193857;93.9;22.56;1746;2995.6;0.2695;941;0;941;805
199;1350;1980;25;20;60;0.50;100000;193851;93.9;15.71;1171;2880.6;0.2741;642;0;642;529
200;150;1560;10;30;70;0.50;100000;193814;93.8;12.84;1150;4190.0;0.3252;748;0;748;402
201;4560;6960;25;20;60;0.50;100000;193689;93.7;23.97;523;2747.8;0.2916;305;0;305;218
202;1290;1470;15;25;70;0.50;100000;193492;93.5;18.67;1239;3575.4;0.2857;708;0;708;531
203;2730;3600;20;25;60;0.50;100000;193188;93.2;11.76;851;3433.6;0.3261;555;0;555;296
204;210;1350;10;25;70;0.50;100000;193113;93.1;21.35;1322;3584.2;0.2848;753;0;753;569
205;1530;4320;35;20;60;0.50;100000;193072;93.1;18.23;731;2776.6;0.2825;413;0;413;318
206;2340;7680;15;20;60;0.50;100000;193070;93.1;12.40;531;2736.6;0.2910;309;0;309;222
207;1110;1260;10;30;70;0.50;100000;192891;92.9;14.18;1243;4179.8;0.3238;805;0;805;438
208;2430;4320;20;25;70;0.50;100000;192885;92.9;14.48;713;3441.8;0.2959;422;0;422;291
209;15;2310;20;30;70;0.50;100000;192822;92.8;15.37;1019;4133.4;0.3273;667;0;667;352
210;1890;2010;10;35;70;0.50;100000;192793;92.8;10.74;1026;4758.6;0.3621;743;0;743;283
211;2250;2850;35;20;60;0.50;100000;192765;92.8;15.77;910;2806.0;0.2780;506;0;506;404
212;2880;7200;15;20;60;0.50;100000;192607;92.6;11.91;537;2728.2;0.2905;312;0;312;225
213;2880;3600;25;20;60;0.50;100000;192456;92.5;17.44;889;2795.4;0.2784;495;0;495;394
214;1980;9840;20;20;60;0.50;100000;192452;92.5;12.96;464;2710.4;0.2953;274;0;274;190
215;120;1230;15;25;70;0.50;100000;192405;92.4;21.03;1361;3574.6;0.2843;774;0;774;587
216;1380;1500;15;25;70;0.50;100000;192383;92.4;17.26;1269;3553.4;0.2853;724;0;724;545
217;2280;7920;10;25;70;0.50;100000;192358;92.4;7.03;509;3382.4;0.3055;311;0;311;198
218;5;1830;10;25;60;0.50;100000;192308;92.3;16.30;1425;3510.0;0.3168;903;0;903;522
219;2880;3600;15;20;60;0.50;100000;192303;92.3;16.31;941;2802.6;0.2774;522;0;522;419
220;2100;9360;25;25;70;0.50;100000;192265;92.3;9.38;452;3367.2;0.3097;280;0;280;172
221;2850;3600;25;25;70;0.50;100000;192190;92.2;16.47;798;3442.8;0.2932;468;0;468;330
222;540;660;25;20;60;0.50;100000;192157;92.2;19.91;1718;2954.8;0.2695;926;0;926;792
223;1560;4320;30;25;60;0.50;100000;191971;92.0;14.21;728;3380.8;0.3297;480;0;480;248
224;2250;3360;20;25;70;0.50;100000;191955;92.0;13.55;811;3439.6;0.2928;475;0;475;336
225;15;5040;10;20;60;0.50;100000;191690;91.7;19.98;1049;2811.4;0.2755;578;0;578;471
226;180;1470;10;30;70;0.50;100000;191550;91.5;20.10;1169;4123.4;0.3246;759;0;759;410
227;1620;6960;20;20;60;0.50;100000;191531;91.5;11.42;601;2718.6;0.2870;345;0;345;256
228;2370;7680;15;20;60;0.50;100000;191531;91.5;13.93;526;2703.6;0.2909;306;0;306;220
229;2250;4800;20;25;70;0.50;100000;191523;91.5;16.66;664;3395.4;0.2974;395;0;395;269
230;1;1530;15;25;60;0.50;100000;191501;91.5;21.75;1521;3505.6;0.3159;961;0;961;560
231;1170;1410;15;20;60;0.50;100000;191388;91.4;22.62;1528;2900.8;0.2706;827;0;827;701
232;20;2370;10;30;70;0.50;100000;191285;91.3;15.11;1049;4091.4;0.3265;685;0;685;364
233;270;1710;10;25;70;0.50;100000;191247;91.2;17.92;1161;3499.6;0.2864;665;0;665;496
234;210;840;10;20;60;0.50;100000;191239;91.2;21.06;1930;2978.0;0.2684;1036;0;1036;894
235;3360;6000;20;20;60;0.50;100000;191225;91.2;12.82;605;2713.0;0.2868;347;0;347;258
236;2280;7920;10;20;60;0.50;100000;190919;90.9;7.73;534;2692.4;0.2903;310;0;310;224
237;2880;6960;15;20;50;0.50;100000;190832;90.8;11.01;568;2664.8;0.3292;374;0;374;194
238;960;1350;10;30;80;0.50;100000;190699;90.7;15.69;1056;4131.6;0.2969;627;0;627;429
239;2100;4320;30;25;60;0.50;100000;190690;90.7;12.27;727;3347.2;0.3294;479;0;479;248
240;2190;9120;15;25;70;0.50;100000;190684;90.7;8.33;462;3328.2;0.3084;285;0;285;177
241;240;1770;10;20;60;0.50;100000;190622;90.6;17.11;1413;2861.8;0.2714;767;0;767;646
242;2220;3600;25;20;60;0.50;100000;190617;90.6;13.79;863;2751.8;0.2787;481;0;481;382
243;1680;4320;40;20;60;0.50;100000;190615;90.6;16.11;688;2716.8;0.2834;390;0;390;298
244;2310;7680;15;25;60;0.50;100000;190542;90.5;8.49;526;3308.6;0.3394;357;0;357;169
245;3;2160;10;30;50;0.50;100000;190473;90.5;10.21;1423;3987.8;0.4013;1142;0;1142;281
246;1230;1410;15;20;60;0.50;100000;190472;90.5;15.97;1565;2889.0;0.2703;846;0;846;719
247;1500;5040;30;20;60;0.50;100000;190462;90.5;18.30;690;2714.0;0.2833;391;0;391;299
248;150;1410;10;25;70;0.50;100000;190416;90.4;16.57;1316;3512.6;0.2846;749;0;749;567
249;3;5040;10;20;60;0.50;100000;190314;90.3;12.54;1067;2786.2;0.2751;587;0;587;480
250;3;2160;10;25;50;0.50;100000;190290;90.3;15.43;1523;3392.8;0.3575;1089;0;1089;434
251;1830;4800;30;25;60;0.50;100000;190289;90.3;7.42;686;3329.6;0.3309;454;0;454;232
252;450;1710;10;30;80;0.50;100000;190277;90.3;15.32;967;4096.2;0.2983;577;0;577;390
253;150;1380;10;30;70;0.50;100000;190228;90.2;13.71;1220;4092.0;0.3238;790;0;790;430
254;1560;7440;20;20;60;0.50;100000;190157;90.2;12.47;569;2683.4;0.2882;328;0;328;241
255;2040;9840;15;20;60;0.50;100000;190155;90.2;10.49;469;2663.4;0.2942;276;0;276;193
256;1740;4320;25;25;60;0.50;100000;190144;90.1;10.37;752;3337.2;0.3285;494;0;494;258
257;3840;5280;10;30;70;0.50;100000;190083;90.1;7.83;647;3974.2;0.3377;437;0;437;210
258;5;1740;15;20;60;0.50;100000;190015;90.0;16.11;1571;2880.6;0.2702;849;0;849;722
259;4;1620;15;25;70;0.50;100000;189940;89.9;21.71;1296;3495.6;0.2847;738;0;738;558
260;2880;3600;25;25;70;0.50;100000;189900;89.9;19.11;801;3383.6;0.2928;469;0;469;332
261;20;600;15;25;60;0.50;100000;189862;89.9;19.92;1863;3521.8;0.3135;1168;0;1168;695
262;1260;1890;25;20;60;0.50;100000;189859;89.9;15.23;1173;2797.8;0.2737;642;0;642;531
263;1770;4320;35;20;60;0.50;100000;189854;89.9;17.57;723;2707.8;0.2822;408;0;408;315
264;2580;5520;20;20;60;0.50;100000;189853;89.9;19.40;648;2692.8;0.2847;369;0;369;279
265;2820;3840;10;20;50;0.50;100000;189847;89.8;15.57;956;2701.6;0.3159;604;0;604;352
266;180;1200;15;25;70;0.50;100000;189788;89.8;17.15;1320;3497.0;0.2845;751;0;751;569
267;15;2070;15;25;60;0.50;100000;189784;89.8;14.80;1273;3417.8;0.3181;810;0;810;463
268;1;5040;10;20;60;0.50;100000;189706;89.7;13.45;1050;2770.0;0.2752;578;0;578;472
269;1980;9840;15;25;70;0.50;100000;189580;89.6;8.29;446;3295.6;0.3094;276;0;276;170
270;6;2670;10;25;60;0.50;100000;189530;89.5;23.46;1255;3408.0;0.3183;799;0;799;456
271;20;2280;10;25;70;0.50;100000;189512;89.5;16.66;1149;3451.4;0.2863;658;0;658;491
272;6480;6720;25;30;90;0.50;100000;189506;89.5;11.25;568;4004.8;0.2852;324;0;324;244
273;2340;7920;15;20;50;0.50;100000;189455;89.5;7.30;535;2631.0;0.3308;354;0;354;181
274;2130;9360;20;25;60;0.50;100000;189415;89.4;7.56;459;3267.4;0.3442;316;0;316;143
275;2880;6960;15;20;60;0.50;100000;189397;89.4;18.69;554;2664.4;0.2888;320;0;320;234
276;2070;9600;20;25;70;0.50;100000;189268;89.3;10.01;448;3287.8;0.3092;277;0;277;171
277;2130;9360;20;25;70;0.50;100000;189268;89.3;7.57;448;3287.8;0.3092;277;0;277;171
278;60;2040;10;20;60;0.50;100000;189103;89.1;23.73;1433;2833.8;0.2711;777;0;777;656
279;390;690;25;25;60;0.50;100000;189062;89.1;17.87;1514;3440.4;0.3157;956;0;956;558
280;150;1470;10;30;70;0.50;100000;189060;89.1;13.40;1193;4049.8;0.3240;773;0;773;420
281;150;270;25;25;70;0.50;100000;189056;89.1;19.01;1532;3525.2;0.2826;866;0;866;666
282;360;1020;10;30;60;0.50;100000;189039;89.0;13.28;1513;4031.8;0.3559;1077;0;1077;436
283;12240;12960;10;25;70;0.50;100000;189036;89.0;7.98;461;3284.6;0.3080;284;0;284;177
284;2760;7440;10;20;60;0.50;100000;188943;88.9;19.40;535;2651.0;0.2897;310;0;310;225
285;2280;7920;15;20;50;0.50;100000;188835;88.8;9.64;537;2618.2;0.3305;355;0;355;182
286;660;750;20;30;80;0.50;100000;188822;88.8;18.21;1189;4105.4;0.2948;701;0;701;488
287;1890;2100;20;25;70;0.50;100000;188635;88.6;14.85;1074;3411.4;0.2872;617;0;617;457
288;2370;9600;10;20;60;0.50;100000;188489;88.5;9.05;466;2627.6;0.2940;274;0;274;192
289;1320;1560;15;30;70;0.50;100000;188475;88.5;13.98;1117;4016.2;0.3250;726;0;726;391
290;8;1500;15;25;70;0.50;100000;188459;88.5;21.37;1317;3461.2;0.2844;749;0;749;568
291;2430;4320;20;20;50;0.50;100000;188199;88.2;10.09;817;2646.2;0.3188;521;0;521;296
292;2;2130;15;20;60;0.50;100000;188197;88.2;16.58;1445;2817.0;0.2709;783;0;783;662
293;8;1050;20;20;60;0.45;100000;188185;88.2;24.66;1716;3117.6;0.2701;927;0;927;789
294;630;690;25;30;60;0.50;100000;188104;88.1;15.97;1474;3996.4;0.3562;1050;0;1050;424
295;2;2040;10;25;70;0.50;100000;188046;88.0;23.08;1216;3427.6;0.2854;694;0;694;522
296;2280;7920;20;20;60;0.50;100000;188037;88.0;14.21;522;2629.2;0.2902;303;0;303;219
297;20;2100;15;25;70;0.50;100000;188024;88.0;23.44;1124;3406.4;0.2865;644;0;644;480
298;3;1590;15;25;70;0.50;100000;187987;88.0;18.40;1297;3444.2;0.2845;738;0;738;559
299;2400;3840;20;25;70;0.50;100000;187937;87.9;18.67;756;3321.6;0.2937;444;0;444;312
300;2;1560;15;25;70;0.50;100000;187918;87.9;23.52;1332;3450.2;0.2842;757;0;757;575
301;6480;6720;25;25;70;0.50;100000;187915;87.9;14.83;664;3300.4;0.2967;394;0;394;270
302;180;870;15;30;90;0.50;100000;187894;87.9;13.35;1057;4100.2;0.2720;575;0;575;482
303;5;2700;10;25;60;0.50;100000;187797;87.8;19.80;1246;3360.6;0.3182;793;0;793;453
304;2430;4800;15;25;60;0.50;100000;187793;87.8;10.59;712;3268.2;0.3294;469;0;469;243
305;930;1320;10;30;80;0.50;100000;187760;87.8;12.84;1070;4042.0;0.2963;634;0;634;436
306;2670;3840;20;20;60;0.50;100000;187740;87.7;11.84;851;2688.6;0.2785;474;0;474;377
307;1;2100;15;20;50;0.50;100000;187722;87.7;15.05;1631;2756.6;0.3078;1004;0;1004;627
308;12480;12720;10;25;60;0.50;100000;187720;87.7;7.77;567;3241.2;0.3360;381;0;381;186
309;20;2130;15;25;70;0.50;100000;187634;87.6;23.82;1115;3394.0;0.2865;639;0;639;476
310;1;1680;15;20;60;0.50;100000;187598;87.6;21.50;1628;2840.8;0.2697;878;0;878;750
311;60;2010;10;25;70;0.50;100000;187564;87.6;13.84;1150;3400.0;0.2861;658;0;658;492
312;3;1620;15;20;60;0.50;100000;187448;87.4;21.88;1630;2838.0;0.2696;879;0;879;751
313;2490;9120;10;20;60;0.50;100000;187436;87.4;8.97;480;2608.0;0.2927;281;0;281;199
314;1770;11280;15;20;60;0.50;100000;187436;87.4;7.58;455;2603.0;0.2945;268;0;268;187
315;2880;3600;20;25;70;0.50;100000;187408;87.4;12.21;817;3321.2;0.2919;477;0;477;340
316;4320;4560;10;20;50;0.50;100000;187332;87.3;18.17;1055;2663.0;0.3137;662;0;662;393
317;3360;6000;15;25;70;0.50;100000;187194;87.2;14.37;565;3259.0;0.3009;340;0;340;225
318;1080;1170;15;25;60;0.50;100000;187154;87.2;16.19;1543;3394.8;0.3153;973;0;973;570
319;7;1530;15;25;70;0.50;100000;187138;87.1;21.68;1314;3425.4;0.2842;747;0;747;567
320;1920;4560;30;20;60;0.50;100000;186989;87.0;14.28;736;2649.6;0.2812;414;0;414;322
321;1710;1950;10;25;70;0.50;100000;186946;86.9;15.98;1154;3384.4;0.2860;660;0;660;494
322;1980;9840;20;25;70;0.50;100000;186933;86.9;7.87;440;3224.0;0.3091;272;0;272;168
323;1230;1410;15;25;70;0.50;100000;186898;86.9;16.42;1281;3411.6;0.2845;729;0;729;552
324;1200;1410;15;25;60;0.50;100000;186867;86.9;16.32;1408;3363.8;0.3164;891;0;891;517
325;1500;8640;15;20;60;0.50;100000;186837;86.8;9.19;538;2606.8;0.2890;311;0;311;227
326;1;1560;15;20;50;0.50;100000;186773;86.8;24.80;1896;2775.6;0.3062;1161;0;1161;735
327;330;780;25;25;60;0.50;100000;186760;86.8;16.25;1502;3377.2;0.3156;948;0;948;554
328;180;840;10;25;70;0.50;100000;186724;86.7;16.64;1524;3461.4;0.2825;861;0;861;663
329;2250;3360;20;30;60;0.50;100000;186575;86.6;9.05;846;3855.6;0.3664;620;0;620;226
330;2430;5520;20;20;50;0.50;100000;186566;86.6;18.04;678;2590.8;0.3230;438;0;438;240
331;2340;5760;20;25;60;0.50;100000;186538;86.5;8.81;622;3219.2;0.3328;414;0;414;208
332;990;1440;10;25;70;0.50;100000;186420;86.4;20.72;1215;3384.0;0.2852;693;0;693;522
333;210;1260;10;30;70;0.50;100000;186330;86.3;14.86;1235;3971.0;0.3231;798;0;798;437
334;180;1380;15;25;70;0.50;100000;186282;86.3;19.58;1285;3396.0;0.2844;731;0;731;554
335;2310;3600;20;25;70;0.50;100000;186244;86.2;13.76;790;3284.0;0.2924;462;0;462;328
336;1770;4320;30;20;60;0.50;100000;186242;86.2;16.24;746;2635.6;0.2808;419;0;419;327
337;2310;7920;15;20;50;0.50;100000;186163;86.2;9.85;535;2561.0;0.3299;353;0;353;182
338;150;1260;15;20;50;0.50;100000;186118;86.1;22.23;1834;2752.4;0.3064;1124;0;1124;710
339;2580;3600;20;25;60;0.50;100000;186041;86.0;9.18;853;3245.8;0.3247;554;0;554;299
340;1200;3840;15;15;40;0.50;100000;186012;86.0;21.29;1021;1985.6;0.3031;619;0;619;402
341;3360;6000;15;25;60;0.50;100000;185932;85.9;13.15;591;3197.6;0.3342;395;0;395;196
342;2280;2760;30;25;70;0.50;100000;185799;85.8;16.46;862;3288.2;0.2906;501;0;501;361
343;1890;2400;30;20;60;0.50;100000;185799;85.8;22.56;1052;2687.2;0.2747;578;0;578;474
344;2160;3360;40;20;60;0.50;100000;185796;85.8;14.76;777;2632.2;0.2799;435;0;435;342
345;1170;1410;15;25;70;0.50;100000;185737;85.7;24.41;1254;3374.4;0.2847;714;0;714;540
346;2160;9360;20;25;70;0.50;100000;185703;85.7;12.22;448;3192.8;0.3080;276;0;276;172
347;150;1380;10;30;60;0.50;100000;185669;85.7;18.85;1408;3908.8;0.3565;1004;0;1004;404
348;330;390;10;20;60;0.50;100000;185663;85.7;21.94;2329;2939.4;0.2666;1242;0;1242;1087
349;2;1710;15;20;60;0.50;100000;185656;85.7;17.11;1604;2794.4;0.2696;865;0;865;739
350;180;1350;10;30;70;0.50;100000;185634;85.6;18.04;1224;3946.4;0.3231;791;0;791;433
351;3840;5280;10;30;60;0.50;100000;185537;85.5;6.17;693;3799.8;0.3716;515;0;515;178
352;6480;6720;20;35;80;0.50;100000;185532;85.5;9.38;590;4449.0;0.3432;405;0;405;185
353;6;1530;15;25;70;0.50;100000;185520;85.5;23.78;1313;3381.8;0.2841;746;0;746;567
354;60;2490;10;25;70;0.50;100000;185467;85.5;17.53;1083;3328.8;0.2867;621;0;621;462
355;2430;4320;20;30;60;0.50;100000;185431;85.4;9.92;734;3802.4;0.3699;543;0;543;191
356;20;2160;15;25;60;0.50;100000;185299;85.3;19.20;1244;3293.4;0.3179;791;0;791;453
357;180;870;10;25;70;0.50;100000;185257;85.3;20.25;1499;3416.4;0.2825;847;0;847;652
358;270;1710;10;25;60;0.45;100000;185234;85.2;23.42;1312;3623.2;0.3186;836;0;836;476
359;25;2730;10;25;70;0.50;100000;185161;85.2;14.61;1085;3321.0;0.2866;622;0;622;463
360;2;2070;10;25;70;0.50;100000;185114;85.1;18.84;1212;3348.2;0.2851;691;0;691;521
361;2310;7680;20;25;70;0.50;100000;185101;85.1;9.91;498;3187.8;0.3042;303;0;303;195
362;9;1500;15;20;60;0.45;100000;185027;85.0;22.98;1637;3028.2;0.2703;885;0;885;752
363;2430;4320;20;25;60;0.50;100000;185011;85.0;13.05;753;3200.8;0.3274;493;0;493;260
364;10320;12240;20;25;70;0.50;100000;185001;85.0;10.20;395;3162.0;0.3127;247;0;247;148
365;2400;3360;25;20;60;0.50;100000;184907;84.9;18.49;889;2635.4;0.2773;493;0;493;396
366;1800;4320;25;20;60;0.50;100000;184906;84.9;15.91;764;2610.4;0.2801;428;0;428;336
367;2400;3360;25;25;60;0.50;100000;184906;84.9;9.66;847;3214.2;0.3247;550;0;550;297
368;90;1230;20;20;60;0.50;100000;184766;84.8;24.70;1591;2772.6;0.2696;858;0;858;733
369;150;1350;10;30;70;0.50;100000;184670;84.7;15.96;1231;3916.6;0.3229;795;0;795;436
370;25;2130;10;20;60;0.50;100000;184617;84.6;16.78;1468;2744.8;0.2704;794;0;794;674
371;20;1500;15;25;70;0.50;100000;184525;84.5;23.67;1308;3353.8;0.2840;743;0;743;565
372;1560;4800;30;25;60;0.50;100000;184480;84.5;15.50;689;3175.4;0.3295;454;0;454;235
373;2880;3600;20;20;60;0.50;100000;184464;84.5;10.13;920;2632.0;0.2766;509;0;509;411
374;1680;4320;30;20;60;0.50;100000;184462;84.5;13.52;745;2597.0;0.2805;418;0;418;327
375;2340;7920;15;20;60;0.50;100000;184460;84.5;8.32;520;2552.0;0.2894;301;0;301;219
376;1410;5040;30;25;60;0.50;100000;184445;84.4;12.13;661;3169.6;0.3306;437;0;437;224
377;570;1050;15;25;70;0.50;100000;184389;84.4;18.33;1378;3365.8;0.2834;781;0;781;597
378;1470;5280;30;20;60;0.50;100000;184314;84.3;11.35;672;2579.2;0.2827;380;0;380;292
379;5280;6960;30;20;60;0.50;100000;184313;84.3;11.56;547;2554.2;0.2879;315;0;315;232
380;2220;9600;15;20;60;0.50;100000;184312;84.3;11.42;472;2539.2;0.2924;276;0;276;196
381;1830;11040;25;10;30;0.50;100000;184284;84.3;12.23;479;1269.4;0.3006;288;0;288;191
382;12480;12720;10;30;80;0.50;100000;184278;84.3;8.24;483;3783.8;0.3147;304;0;304;179
383;1890;2040;10;35;70;0.50;100000;184275;84.3;8.09;1004;4439.4;0.3611;725;0;725;279
384;2130;4320;30;25;70;0.50;100000;184229;84.2;17.38;688;3206.8;0.2951;406;0;406;282
385;330;1500;10;25;50;0.50;100000;184192;84.2;14.31;1564;3235.4;0.3565;1115;0;1115;449
386;1350;2010;25;20;60;0.50;100000;184171;84.2;15.84;1149;2671.4;0.2733;628;0;628;521
387;2;1530;15;25;60;0.50;100000;184170;84.2;20.70;1505;3308.0;0.3153;949;0;949;556
388;1530;6960;20;20;60;0.50;100000;184166;84.2;18.88;599;2561.4;0.2855;342;0;342;257
389;2370;7920;15;20;60;0.50;100000;184165;84.2;9.26;524;2546.4;0.2891;303;0;303;221
390;4080;12000;35;20;60;0.50;100000;184163;84.2;16.71;349;2511.4;0.3037;212;0;212;137
391;2880;3600;25;25;60;0.50;100000;184129;84.1;12.37;854;3194.4;0.3244;554;0;554;300
392;2610;6960;20;20;60;0.50;100000;184018;84.0;12.47;551;2548.6;0.2877;317;0;317;234
393;12240;12960;10;30;70;0.50;100000;183972;84.0;6.38;444;3738.4;0.3491;310;0;310;134
394;4;1560;15;25;60;0.50;100000;183923;83.9;20.79;1487;3298.2;0.3154;938;0;938;549
395;210;1740;10;20;60;0.50;100000;183880;83.9;21.75;1453;2725.8;0.2705;786;0;786;667
396;2250;2430;30;20;60;0.50;100000;183876;83.9;23.12;1103;2655.8;0.2738;604;0;604;499
397;1590;6960;20;20;60;0.50;100000;183871;83.9;17.97;603;2555.8;0.2852;344;0;344;259
398;6480;6720;25;30;80;0.50;100000;183831;83.8;12.62;601;3798.6;0.3078;370;0;370;231
399;4;2160;10;25;60;0.50;100000;183710;83.7;20.48;1319;3263.4;0.3169;836;0;836;483
400;1410;5040;25;25;60;0.50;100000;183705;83.7;14.13;696;3155.6;0.3290;458;0;458;238
401;420;510;15;30;80;0.50;100000;183674;83.7;21.52;1338;3976.8;0.2926;783;0;783;555
402;150;1020;10;20;50;0.50;100000;183634;83.6;21.95;2056;2731.6;0.3052;1255;0;1255;801
403;1410;1980;25;20;60;0.50;100000;183583;83.6;17.77;1157;2660.2;0.2731;632;0;632;525
404;2010;2700;30;20;60;0.50;100000;183581;83.6;18.23;982;2625.2;0.2755;541;0;541;441
405;2280;7680;15;20;60;0.50;100000;183577;83.6;18.23;532;2535.2;0.2885;307;0;307;225
406;1980;9600;15;25;70;0.50;100000;183569;83.6;8.67;462;3138.2;0.3063;283;0;283;179
407;900;1350;15;30;80;0.50;100000;183566;83.6;10.99;1049;3901.4;0.2960;621;0;621;428
408;2250;7680;20;30;80;0.50;100000;183352;83.4;12.93;471;3750.6;0.3153;297;0;297;174
409;2460;4320;20;20;60;0.50;100000;183286;83.3;22.31;786;2579.6;0.2793;439;0;439;347
410;1050;1260;15;30;80;0.50;100000;183270;83.3;13.66;1067;3896.2;0.2957;631;0;631;436
411;930;1320;20;25;70;0.50;100000;183211;83.2;22.35;1213;3296.8;0.2848;691;0;691;522
412;2;1590;15;20;60;0.45;100000;183173;83.2;23.33;1640;2984.0;0.2701;886;0;886;754
413;1170;1770;20;20;60;0.50;100000;183144;83.1;22.06;1288;2676.8;0.2717;700;0;700;588
414;15;1560;20;25;70;0.50;100000;183143;83.1;18.47;1248;3302.8;0.2845;710;0;710;538
415;1620;7200;20;20;60;0.50;100000;183137;83.1;13.52;588;2536.8;0.2857;336;0;336;252
416;2820;6960;15;20;60;0.50;100000;183137;83.1;15.43;563;2531.8;0.2869;323;0;323;240
417;3;2100;10;25;70;0.50;100000;183133;83.1;18.80;1202;3292.2;0.2849;685;0;685;517
418;1740;4320;30;25;60;0.50;100000;183074;83.1;13.45;726;3143.6;0.3278;476;0;476;250
419;150;840;20;20;60;0.45;100000;183017;83.0;24.49;1769;3003.4;0.2694;953;0;953;816
420;1350;1530;15;25;60;0.50;100000;183009;83.0;17.11;1382;3255.2;0.3162;874;0;874;508
421;2790;6240;15;20;60;0.50;100000;182990;83.0;10.85;590;2534.0;0.2856;337;0;337;253
422;1710;4560;30;20;60;0.45;100000;182945;82.9;23.13;732;2815.2;0.2828;414;0;414;318
423;25;2160;10;20;60;0.50;100000;182853;82.9;19.14;1442;2701.2;0.2705;780;0;780;662
424;150;870;15;30;90;0.50;100000;182717;82.7;14.93;1085;3941.0;0.2710;588;0;588;497
425;1;1650;15;20;60;0.50;100000;182708;82.7;23.55;1644;2738.4;0.2692;885;0;885;759
426;2070;9840;15;20;60;0.50;100000;182697;82.7;8.24;469;2503.4;0.2921;274;0;274;195
427;1;2040;10;25;70;0.50;100000;182685;82.7;14.00;1228;3285.8;0.2846;699;0;699;529
428;2850;6480;15;20;60;0.50;100000;182551;82.6;11.06;571;2520.6;0.2863;327;0;327;244
429;150;1500;10;25;70;0.45;100000;182536;82.5;22.97;1270;3597.0;0.2854;725;0;725;545
430;150;1170;15;25;60;0.50;100000;182521;82.5;17.29;1524;3266.4;0.3150;960;0;960;564
431;1620;1770;20;20;50;0.50;100000;182488;82.5;21.42;1536;2629.6;0.3079;946;0;946;590
432;870;5040;30;20;60;0.50;100000;182407;82.4;16.24;723;2547.8;0.2808;406;0;406;317
433;2610;7440;15;20;60;0.50;100000;182405;82.4;9.92;523;2507.8;0.2887;302;0;302;221
434;780;7200;10;20;60;0.50;100000;182261;82.3;15.84;675;2535.0;0.2822;381;0;381;294
435;2520;7680;10;20;60;0.50;100000;182259;82.3;8.02;525;2505.0;0.2886;303;0;303;222
436;1890;5280;20;25;70;0.50;100000;182247;82.2;14.40;632;3140.2;0.2967;375;0;375;257
437;15;2310;20;30;90;0.50;100000;182196;82.2;13.95;848;3852.8;0.2748;466;0;466;382
438;1;1560;15;25;70;0.50;100000;182182;82.2;18.27;1335;3296.0;0.2835;757;0;757;578
439;60;2040;10;25;70;0.50;100000;182140;82.1;14.43;1151;3253.6;0.2854;657;0;657;494
440;1650;4560;35;20;60;0.50;100000;182115;82.1;18.88;702;2537.2;0.2813;395;0;395;307
441;90;1260;15;25;60;0.50;100000;182067;82.1;24.71;1516;3252.6;0.3150;955;0;955;561
442;300;1140;15;25;70;0.50;100000;182037;82.0;21.11;1359;3297.4;0.2833;770;0;770;589
443;2070;9600;15;20;60;0.50;100000;181967;82.0;8.24;479;2489.4;0.2912;279;0;279;200
444;1560;4320;30;25;70;0.50;100000;181957;82.0;11.59;680;3143.0;0.2949;401;0;401;279
445;2010;9840;15;25;70;0.50;100000;181904;81.9;11.57;450;3090.0;0.3067;276;0;276;174
446;2310;3600;20;25;60;0.50;100000;181888;81.9;13.02;842;3131.2;0.3242;546;0;546;296
447;2310;6240;25;20;60;0.50;100000;181823;81.8;11.63;581;2506.6;0.2857;332;0;332;249
448;2850;3600;20;25;60;0.50;100000;181818;81.8;11.15;875;3135.0;0.3234;566;0;566;309
449;1500;5040;30;25;60;0.50;100000;181782;81.8;10.49;669;3098.4;0.3296;441;0;441;228
450;4;2610;15;30;60;0.50;100000;181767;81.8;17.91;1141;3742.6;0.3593;820;0;820;321
451;12480;12720;10;30;70;0.50;100000;181730;81.7;7.32;515;3679.0;0.3427;353;0;353;162
452;1500;4800;30;25;70;0.50;100000;181724;81.7;11.89;647;3129.2;0.2960;383;0;383;264
453;4320;4560;15;20;60;0.50;100000;181681;81.7;19.01;958;2578.8;0.2756;528;0;528;430
454;4320;7680;25;20;60;0.50;100000;181676;81.7;11.98;483;2483.8;0.2909;281;0;281;202
455;660;750;20;35;60;0.50;100000;181592;81.6;12.25;1472;4339.2;0.3913;1152;0;1152;320
456;150;1860;10;25;60;0.50;100000;181578;81.6;24.98;1302;3202.2;0.3168;825;0;825;477
457;4;1770;15;20;60;0.50;100000;181541;81.5;24.22;1560;2696.0;0.2696;841;0;841;719
458;60;1980;10;20;60;0.50;100000;181540;81.5;21.81;1435;2671.0;0.2704;776;0;776;659
459;2880;6960;10;20;60;0.50;100000;181532;81.5;8.54;560;2496.0;0.2866;321;0;321;239
460;2640;3600;20;25;60;0.50;100000;181470;81.5;12.13;862;3123.2;0.3237;558;0;558;304
461;180;1260;10;25;70;0.50;100000;181359;81.4;24.51;1352;3277.2;0.2833;766;0;766;586
462;2310;7680;15;25;70;0.50;100000;181315;81.3;11.34;500;3085.0;0.3030;303;0;303;197
463;11280;12240;20;25;70;0.50;100000;181305;81.3;12.98;454;3074.4;0.3062;278;0;278;176
464;2280;4560;20;25;60;0.50;100000;181296;81.3;11.64;722;3094.2;0.3276;473;0;473;249
465;1;1440;10;25;60;0.50;100000;181268;81.3;24.83;1584;3242.4;0.3144;996;0;996;588
466;1350;4800;30;25;60;0.50;100000;181261;81.3;11.83;694;3088.4;0.3285;456;0;456;238
467;930;1410;10;25;70;0.50;100000;181261;81.3;17.04;1249;3251.4;0.2842;710;0;710;539
468;150;1500;10;30;70;0.50;100000;181244;81.2;20.07;1176;3793.6;0.3231;760;0;760;416
469;2160;9360;20;20;60;0.50;100000;181240;81.2;11.49;464;2470.4;0.2920;271;0;271;193
470;2040;9600;25;25;70;0.50;100000;181227;81.2;10.60;443;3069.8;0.3070;272;0;272;171
471;3;690;10;25;70;0.50;100000;181210;81.2;19.61;1687;3348.2;0.2810;948;0;948;739
472;20;1470;15;25;70;0.50;100000;181127;81.1;20.92;1319;3263.4;0.2835;748;0;748;571
473;1680;4800;40;25;70;0.50;100000;181114;81.1;13.26;605;3103.0;0.2975;360;0;360;245
474;2790;3600;15;20;60;0.50;100000;181100;81.1;11.91;916;2557.6;0.2762;506;0;506;410
475;300;1560;10;25;60;0.50;100000;181093;81.1;14.14;1355;3198.0;0.3162;857;0;857;498
476;2400;3360;20;25;70;0.50;100000;181089;81.1;20.87;824;3151.4;0.2907;479;0;479;345
477;25;390;15;20;60;0.45;100000;180997;81.0;24.94;2180;3028.0;0.2674;1166;0;1166;1014
478;1830;4560;30;25;60;0.50;100000;180949;80.9;13.14;709;3082.4;0.3279;465;0;465;244
479;60;1920;10;20;50;0.50;100000;180948;80.9;21.61;1616;2607.6;0.3072;993;0;993;623
480;10;300;15;30;80;0.50;100000;180842;80.8;23.13;1443;3909.8;0.2914;841;0;841;602
481;2280;2790;35;20;60;0.50;100000;180810;80.8;16.78;920;2552.0;0.2761;508;0;508;412
482;2490;7680;15;20;60;0.50;100000;180806;80.8;9.12;520;2472.0;0.2885;300;0;300;220
483;2280;7680;10;25;70;0.50;100000;180717;80.7;10.31;504;3069.4;0.3026;305;0;305;199
484;1650;4320;40;20;60;0.50;100000;180663;80.7;10.13;697;2504.2;0.2812;392;0;392;305
485;150;1560;10;25;70;0.50;100000;180586;80.6;20.00;1242;3231.2;0.2842;706;0;706;536
486;1800;4560;30;30;60;0.50;100000;180458;80.5;15.49;684;3632.4;0.3706;507;0;507;177
487;150;5040;25;25;70;0.50;100000;180394;80.4;17.46;725;3110.0;0.2931;425;0;425;300
488;2130;4320;25;20;60;0.50;100000;180375;80.4;18.69;776;2513.6;0.2790;433;0;433;343
489;1200;1470;10;30;60;0.50;100000;180354;80.4;12.87;1307;3720.2;0.3569;933;0;933;374
490;2;1200;20;20;60;0.50;100000;180240;80.2;25.00;1703;2695.8;0.2686;915;0;915;788
491;1710;4320;35;20;60;0.50;100000;180230;80.2;12.61;728;2500.8;0.2802;408;0;408;320
492;1800;9840;15;20;60;0.50;100000;180228;80.2;20.11;478;2450.8;0.2908;278;0;278;200
493;2340;11760;25;10;30;0.50;100000;180179;80.2;10.66;429;1219.4;0.3030;260;0;260;169
494;1290;1470;15;25;60;0.50;100000;180160;80.2;17.11;1400;3180.0;0.3157;884;0;884;516
495;630;10080;25;20;60;0.50;100000;180084;80.1;14.62;530;2458.0;0.2877;305;0;305;225
496;2160;10080;15;20;60;0.50;100000;180083;80.1;9.41;455;2443.0;0.2923;266;0;266;189
497;180;1380;15;30;70;0.50;100000;180062;80.1;21.28;1188;3756.8;0.3228;767;0;767;421
498;3;1410;10;25;70;0.45;100000;180021;80.0;24.47;1393;3544.8;0.2839;791;0;791;602
499;2820;6960;15;20;50;0.50;100000;179974;80.0;13.70;577;2432.2;0.3258;376;0;376;201
500;930;1320;10;30;60;0.50;100000;179953;80.0;13.87;1335;3711.0;0.3566;952;0;952;383
