year;rank;variant;maMinutes;bandPips;distancePips;stopLossPips;takeProfitPips;riskPercent;deposit;finalEquity;returnPercent;maxDrawdownPercent;entries;pips;winRate
2011;1;C;60;20;7;20;90;0.50;100000;313867;213.9;15.27;914;4820.0;0.2298
2011;2;C;60;20;8;20;90;0.50;100000;284275;184.3;14.84;912;4420.0;0.2259
2011;3;C;60;20;7;20;95;0.50;100000;277637;177.6;18.95;876;4330.0;0.2169
2011;4;C;60;20;7;20;85;0.50;100000;272892;172.9;11.43;953;4250.0;0.2329
2011;5;C;60;20;9;20;90;0.50;100000;272834;172.8;19.21;893;4250.0;0.2251
2011;6;D;60;5;5;20;95;0.50;100000;270166;170.2;11.48;961;4240.0;0.2123
2011;7;D;60;5;3;20;95;0.50;100000;268388;168.4;12.91;968;4215.0;0.2118
2011;8;C;60;20;6;20;90;0.50;100000;266928;166.9;14.12;930;4170.0;0.2226
2011;9;C;60;20;8;20;95;0.50;100000;264905;164.9;18.54;874;4140.0;0.2151
2011;10;C;1560;50;20;20;85;0.50;100000;263926;163.9;6.22;409;4000.0;0.2836
2011;11;D;120;10;4;20;80;0.50;100000;263049;163.0;14.52;1015;4100.0;0.2404
2011;12;D;60;5;4;20;95;0.50;100000;262162;162.2;11.62;967;4120.0;0.2110
2011;13;B;150;0;15;20;80;0.50;100000;260458;160.5;15.39;814;4020.0;0.2494
2011;14;D;150;0;15;20;80;0.50;100000;260458;160.5;15.39;814;4020.0;0.2494
2011;15;D;60;5;0;20;95;0.50;100000;260023;160.0;17.45;980;4090.0;0.2102
2011;16;D;60;5;1;20;95;0.50;100000;260023;160.0;17.45;980;4090.0;0.2102
2011;17;C;60;20;4;20;90;0.50;100000;260003;160.0;13.95;957;4070.0;0.2205
2011;18;D;60;5;5;20;90;0.50;100000;258071;158.1;11.75;1002;4050.0;0.2186
2011;19;D;150;5;13;20;75;0.50;100000;257920;157.9;10.92;851;3975.0;0.2597
2011;20;D;60;5;0;20;90;0.50;100000;257755;157.8;16.80;1024;4050.0;0.2178
2012;1;D;60;10;3;20;50;0.50;100000;230521;130.5;9.62;856;3460.0;0.3435
2012;2;D;1080;20;12;20;65;0.50;100000;220774;120.8;6.78;428;3255.0;0.3248
2012;3;D;1080;20;13;20;65;0.50;100000;220210;120.2;7.24;399;3240.0;0.3308
2012;4;D;60;10;3;20;45;0.50;100000;219306;119.3;8.87;926;3255.0;0.3618
2012;5;D;1080;20;15;20;65;0.50;100000;219172;119.2;5.84;362;3215.0;0.3398
2012;6;C;570;35;5;20;80;0.50;100000;218926;118.9;8.70;413;3240.0;0.2785
2012;7;D;1080;20;14;20;65;0.50;100000;217927;117.9;6.31;380;3195.0;0.3342
2012;8;D;60;10;3;20;55;0.50;100000;217788;117.8;9.18;787;3235.0;0.3215
2012;9;D;1080;20;6;20;80;0.50;100000;214687;114.7;8.19;407;3160.0;0.2776
2012;10;D;1080;20;6;20;65;0.50;100000;213793;113.8;8.53;485;3135.0;0.3113
2012;11;C;570;35;9;20;80;0.50;100000;210790;110.8;5.84;376;3080.0;0.2819
2012;12;C;570;35;15;20;80;0.50;100000;209205;109.2;8.19;328;3040.0;0.2927
2012;13;D;1080;20;11;20;65;0.50;100000;208111;108.1;7.71;444;3020.0;0.3153
2012;14;D;1080;20;9;20;80;0.50;100000;206555;106.6;8.19;385;3000.0;0.2779
2012;15;D;60;10;2;20;50;0.50;100000;205823;105.8;10.03;896;3010.0;0.3337
2012;16;C;90;20;4;20;100;0.50;100000;204619;104.6;15.68;432;3000.0;0.2245
2012;17;C;570;35;8;20;80;0.50;100000;204545;104.5;5.84;382;2960.0;0.2775
2012;18;C;570;35;10;20;80;0.50;100000;203673;103.7;7.29;368;2940.0;0.2799
2012;19;D;1080;20;9;20;65;0.50;100000;203620;103.6;8.07;461;2935.0;0.3102
2012;20;D;1080;20;7;20;65;0.50;100000;203480;103.5;8.53;478;2935.0;0.3075
2013;1;D;60;10;1;20;45;0.50;100000;207876;107.9;6.45;746;3020.0;0.3700
2013;2;D;60;10;0;20;45;0.50;100000;203513;103.5;6.45;747;2935.0;0.3681
2013;3;C;810;30;0;20;90;0.50;100000;196613;96.6;7.71;322;2800.0;0.2609
2013;4;D;900;20;3;20;60;0.50;100000;196342;96.3;7.33;453;2780.0;0.3267
2013;5;C;180;25;2;20;50;0.50;100000;195076;95.1;6.84;538;2750.0;0.3587
2013;6;C;240;30;6;20;80;0.50;100000;194340;94.3;17.38;313;2740.0;0.2875
2013;7;C;180;25;4;20;50;0.50;100000;193762;93.8;8.23;515;2720.0;0.3612
2013;8;D;900;20;5;20;60;0.50;100000;191625;91.6;5.36;438;2680.0;0.3265
2013;9;C;180;25;3;20;50;0.50;100000;191287;91.3;8.23;528;2670.0;0.3580
2013;10;D;870;20;9;20;65;0.50;100000;191146;91.1;7.67;364;2665.0;0.3214
2013;11;D;870;20;2;20;65;0.50;100000;190829;90.8;7.41;436;2670.0;0.3073
2013;12;C;600;35;7;20;85;0.50;100000;190707;90.7;6.22;292;2665.0;0.2774
2013;13;C;810;30;1;20;90;0.50;100000;189950;89.9;7.71;318;2660.0;0.2579
2013;14;C;180;25;0;20;50;0.50;100000;189792;89.8;7.44;540;2640.0;0.3556
2013;15;C;180;25;1;20;50;0.50;100000;189792;89.8;7.44;540;2640.0;0.3556
2013;16;C;720;40;12;20;85;0.50;100000;188668;88.7;7.06;237;2610.0;0.2954
2013;17;C;600;35;7;20;80;0.50;100000;188629;88.6;6.33;314;2620.0;0.2834
2013;18;D;60;10;3;20;45;0.50;100000;188252;88.3;7.38;727;2620.0;0.3631
2013;19;C;810;30;3;20;90;0.50;100000;188170;88.2;8.63;309;2620.0;0.2589
2013;20;D;900;20;6;20;60;0.50;100000;187961;88.0;5.38;422;2600.0;0.3270
2014;1;D;120;20;2;20;90;0.50;100000;185975;86.0;7.76;208;2550.0;0.2933
2014;2;C;120;20;4;20;45;0.50;100000;182149;82.1;8.63;391;2450.0;0.4041
2014;3;C;120;20;4;20;40;0.50;100000;178251;78.3;8.63;422;2360.0;0.4265
2014;4;D;300;15;4;20;90;0.50;100000;177837;77.8;7.36;255;2380.0;0.2667
2014;5;C;810;15;6;20;70;0.50;100000;177594;77.6;5.84;220;2350.0;0.3409
2014;6;C;120;20;3;20;45;0.50;100000;177163;77.2;9.08;403;2340.0;0.3970
2014;7;D;120;20;2;20;80;0.50;100000;175791;75.8;4.96;234;2320.0;0.2991
2014;8;C;570;25;4;20;90;0.50;100000;175226;75.2;5.84;209;2310.0;0.2823
2014;9;C;120;20;0;20;45;0.50;100000;175129;75.1;9.08;415;2295.0;0.3928
2014;10;D;120;20;2;20;85;0.50;100000;175025;75.0;5.56;226;2305.0;0.2876
2014;11;C;120;20;0;20;40;0.50;100000;174609;74.6;9.08;450;2280.0;0.4178
2014;12;D;120;20;0;20;80;0.50;100000;173995;74.0;4.96;241;2280.0;0.2946
2014;13;D;120;20;1;20;80;0.50;100000;173995;74.0;4.96;241;2280.0;0.2946
2014;14;C;420;10;1;20;85;0.50;100000;173980;74.0;5.65;222;2280.0;0.2883
2014;15;C;120;20;1;20;45;0.50;100000;173180;73.2;9.08;414;2250.0;0.3913
2014;16;C;120;20;2;20;45;0.50;100000;172979;73.0;9.08;411;2245.0;0.3917
2014;17;C;90;20;8;20;75;0.50;100000;171941;71.9;7.52;226;2225.0;0.3142
2014;18;C;810;15;5;20;75;0.50;100000;171839;71.8;5.84;212;2220.0;0.3208
2014;19;D;660;10;4;20;90;0.50;100000;171265;71.3;12.22;219;2220.0;0.2740
2014;20;D;840;10;3;20;90;0.50;100000;170513;70.5;12.22;209;2200.0;0.2775
2015;1;C;60;10;18;20;40;0.50;100000;226081;126.1;13.58;1091;3380.0;0.3850
2015;2;C;210;15;17;20;85;0.50;100000;224728;124.7;11.62;519;3375.0;0.2524
2015;3;C;210;15;18;20;85;0.50;100000;221157;121.2;12.06;517;3310.0;0.2515
2015;4;B;600;5;3;20;75;0.50;100000;217817;117.8;9.94;480;3225.0;0.2812
2015;5;B;600;5;3;20;55;0.50;100000;217169;117.2;10.08;579;3195.0;0.3402
2015;6;B;90;5;9;20;95;0.50;100000;215389;115.4;11.63;580;3235.0;0.2224
2015;7;B;990;5;3;20;80;0.50;100000;214580;114.6;8.65;417;3160.0;0.2758
2015;8;C;60;10;18;20;35;0.50;100000;211710;111.7;13.20;1192;3110.0;0.4111
2015;9;C;60;10;11;20;45;0.50;100000;210576;110.6;14.84;1086;3110.0;0.3517
2015;10;B;990;5;1;20;75;0.50;100000;210244;110.2;10.12;440;3075.0;0.2841
2015;11;C;60;10;17;20;40;0.50;100000;209659;109.7;14.01;1115;3080.0;0.3794
2015;12;C;60;10;19;20;40;0.50;100000;208876;108.9;15.31;1065;3060.0;0.3812
2015;13;C;60;10;18;20;45;0.50;100000;208689;108.7;13.26;1007;3065.0;0.3545
2015;14;C;60;10;11;20;40;0.50;100000;208268;108.3;15.38;1182;3060.0;0.3765
2015;15;B;600;5;3;20;70;0.50;100000;208215;108.2;10.27;505;3040.0;0.2891
2015;16;B;990;5;3;20;75;0.50;100000;207289;107.3;8.76;424;3015.0;0.2854
2015;17;B;990;5;1;20;70;0.50;100000;207099;107.1;10.23;457;3010.0;0.2954
2015;18;B;990;5;3;20;70;0.50;100000;206621;106.6;9.05;453;3000.0;0.2958
2015;19;B;990;5;3;20;100;0.50;100000;205682;105.7;7.38;348;3000.0;0.2385
2015;20;B;600;5;3;20;65;0.50;100000;205330;105.3;10.60;531;2980.0;0.3013
2016;1;D;180;5;5;20;85;0.50;100000;207769;107.8;10.18;384;3030.0;0.2656
2016;2;D;180;5;5;20;80;0.50;100000;195474;95.5;10.51;396;2780.0;0.2702
2016;3;B;750;5;9;20;100;0.50;100000;193239;93.2;8.66;236;2720.0;0.2627
2016;4;D;240;15;1;20;90;0.50;100000;190857;90.9;10.75;366;2690.0;0.2486
2016;5;D;180;5;5;20;90;0.50;100000;190438;90.4;10.94;361;2680.0;0.2493
2016;6;C;1680;20;2;20;100;0.50;100000;190426;90.4;8.17;233;2660.0;0.2618
2016;7;C;60;5;7;20;25;0.50;100000;188951;89.0;9.22;1091;2615.0;0.4977
2016;8;D;240;15;0;20;90;0.50;100000;188009;88.0;11.19;369;2630.0;0.2466
2016;9;D;120;5;2;20;85;0.50;100000;186986;87.0;13.11;431;2615.0;0.2483
2016;10;B;60;10;12;20;80;0.50;100000;182916;82.9;9.58;434;2520.0;0.2581
2016;11;D;240;15;2;20;90;0.50;100000;181637;81.6;13.15;365;2490.0;0.2438
2016;12;C;1680;20;4;20;100;0.50;100000;180410;80.4;8.63;226;2440.0;0.2566
2016;13;D;120;5;4;20;85;0.50;100000;180187;80.2;13.88;428;2465.0;0.2453
2016;14;B;750;5;11;20;50;0.50;100000;179805;79.8;7.55;356;2400.0;0.3820
2016;15;C;1680;20;3;20;100;0.50;100000;179442;79.4;9.08;233;2420.0;0.2532
2016;16;C;2550;25;5;20;95;0.50;100000;179116;79.1;14.19;219;2405.0;0.2694
2016;17;D;120;10;0;20;100;0.50;100000;179014;79.0;10.92;352;2440.0;0.2244
2016;18;B;750;5;11;20;55;0.50;100000;178958;79.0;6.95;342;2385.0;0.3596
2016;19;C;1710;20;4;20;100;0.50;100000;178677;78.7;9.54;222;2400.0;0.2568
2016;20;D;120;5;3;20;85;0.50;100000;178389;78.4;16.18;430;2425.0;0.2442
2017;1;C;1740;30;3;20;100;0.50;100000;187862;87.9;9.08;212;2600.0;0.2689
2017;2;D;420;5;1;20;90;0.50;100000;187161;87.2;7.24;272;2590.0;0.2684
2017;3;C;1740;30;4;20;100;0.50;100000;186056;86.1;8.63;208;2560.0;0.2692
2017;4;C;1050;30;4;20;95;0.50;100000;180920;80.9;6.75;217;2445.0;0.2719
2017;5;A;150;10;7;20;80;0.50;100000;180119;80.1;9.56;244;2420.0;0.2992
2017;6;C;1080;30;2;20;95;0.50;100000;180059;80.1;7.37;235;2430.0;0.2638
2017;7;D;420;5;4;20;90;0.50;100000;179914;79.9;7.24;269;2430.0;0.2639
2017;8;C;1050;30;3;20;100;0.50;100000;179641;79.6;6.41;215;2420.0;0.2605
2017;9;D;480;5;4;20;90;0.50;100000;179519;79.5;6.22;264;2420.0;0.2652
2017;10;A;90;5;3;20;50;0.50;100000;179454;79.5;5.88;499;2410.0;0.3547
2017;11;A;90;5;0;20;50;0.50;100000;179376;79.4;7.51;513;2410.0;0.3528
2017;12;A;90;5;5;20;50;0.50;100000;179219;79.2;6.57;461;2400.0;0.3601
2017;13;A;420;15;7;20;50;0.50;100000;178205;78.2;5.14;323;2360.0;0.3901
2017;14;C;1020;30;5;20;100;0.50;100000;177915;77.9;9.08;211;2380.0;0.2607
2017;15;C;1020;30;2;20;100;0.50;100000;177652;77.7;9.19;235;2380.0;0.2511
2017;16;B;600;0;11;20;90;0.50;100000;177381;77.4;5.84;212;2360.0;0.2830
2017;17;D;600;0;11;20;90;0.50;100000;177381;77.4;5.84;212;2360.0;0.2830
2017;18;D;450;5;3;20;90;0.50;100000;177337;77.3;7.76;261;2370.0;0.2644
2017;19;C;150;10;4;25;95;0.50;100000;177160;77.2;5.71;214;2930.0;0.3224
2017;20;A;90;5;4;20;50;0.50;100000;176852;76.9;6.33;488;2350.0;0.3545
2018;1;C;780;20;7;20;70;0.50;100000;211961;112.0;10.68;323;3080.0;0.3282
2018;2;C;780;20;6;20;70;0.50;100000;204101;104.1;11.57;335;2930.0;0.3194
2018;3;C;780;20;8;20;70;0.50;100000;199205;99.2;9.12;322;2830.0;0.3199
2018;4;C;780;20;5;20;70;0.50;100000;197597;97.6;10.03;337;2800.0;0.3145
2018;5;C;780;20;9;20;70;0.50;100000;197295;97.3;9.12;315;2790.0;0.3206
2018;6;C;900;20;7;20;80;0.50;100000;196639;96.6;5.84;276;2780.0;0.3007
2018;7;C;780;20;7;20;80;0.50;100000;192735;92.7;12.66;280;2700.0;0.2964
2018;8;C;870;20;7;20;70;0.50;100000;191967;92.0;5.66;316;2680.0;0.3165
2018;9;C;810;20;6;20;70;0.50;100000;190933;90.9;9.33;326;2660.0;0.3129
2018;10;C;900;20;8;20;80;0.50;100000;189953;90.0;5.86;273;2640.0;0.2967
2018;11;C;900;20;10;20;80;0.50;100000;189190;89.2;5.36;254;2620.0;0.3031
2018;12;C;780;20;7;20;65;0.50;100000;189165;89.2;9.34;345;2620.0;0.3246
2018;13;C;900;20;6;20;75;0.50;100000;188678;88.7;7.79;311;2615.0;0.2990
2018;14;C;780;20;9;20;75;0.50;100000;187900;87.9;12.66;293;2595.0;0.3038
2018;15;C;870;20;7;20;75;0.50;100000;187900;87.9;8.73;293;2595.0;0.3038
2018;16;C;330;20;7;20;70;0.50;100000;187210;87.2;5.40;379;2590.0;0.2982
2018;17;C;810;20;7;20;70;0.50;100000;186784;86.8;11.13;317;2570.0;0.3123
2018;18;C;930;20;6;20;80;0.50;100000;186136;86.1;7.27;282;2560.0;0.2908
2018;19;C;780;20;7;20;75;0.50;100000;185752;85.8;12.66;300;2550.0;0.3000
2018;20;C;810;20;8;20;70;0.50;100000;185421;85.4;11.13;314;2540.0;0.3121
2019;1;C;60;5;13;20;20;0.50;100000;146037;46.0;5.88;505;1540.0;0.5762
2019;2;A;120;10;3;20;50;0.50;100000;142498;42.5;8.89;225;1450.0;0.3778
2019;3;C;60;5;13;20;25;0.50;100000;141302;41.3;6.83;420;1410.0;0.5190
2019;4;B;150;15;4;20;50;0.50;100000;140402;40.4;8.43;221;1390.0;0.3756
2019;5;C;60;5;14;20;20;0.50;100000;140367;40.4;4.93;473;1380.0;0.5729
2019;6;A;240;10;2;20;45;0.50;100000;139502;39.5;11.19;260;1365.0;0.3885
2019;7;A;120;10;3;20;55;0.50;100000;138053;38.1;9.46;215;1325.0;0.3488
2019;8;B;210;15;2;25;40;0.50;100000;137568;37.6;6.22;229;1620.0;0.4934
2019;9;C;60;5;11;20;20;0.50;100000;137447;37.4;6.81;555;1300.0;0.5586
2019;10;B;150;15;3;20;50;0.50;100000;137285;37.3;8.43;222;1300.0;0.3694
2019;11;B;150;15;2;20;50;0.50;100000;136897;36.9;8.43;233;1290.0;0.3648
2019;12;A;120;10;4;20;50;0.50;100000;136658;36.7;7.06;209;1280.0;0.3732
2019;13;B;150;15;1;20;50;0.50;100000;136539;36.5;9.34;237;1280.0;0.3629
2019;14;B;150;15;0;20;50;0.50;100000;135857;35.9;9.34;238;1260.0;0.3613
2019;15;C;90;5;15;20;40;0.50;100000;135443;35.4;6.34;235;1240.0;0.4213
2019;16;A;570;15;2;20;60;0.50;100000;135093;35.1;5.84;206;1240.0;0.3252
2019;17;B;1740;20;1;20;30;0.50;100000;134892;34.9;7.02;284;1220.0;0.4859
2019;18;A;90;0;6;30;35;0.50;100000;134850;34.9;3.79;232;1815.0;0.5819
2019;19;C;90;0;6;30;35;0.50;100000;134850;34.9;3.79;232;1815.0;0.5819
2019;20;C;90;5;0;20;20;0.50;100000;134658;34.7;6.41;595;1220.0;0.5513
2020;1;B;2610;20;6;20;95;0.50;100000;189315;89.3;6.14;225;2630.0;0.2756
2020;2;B;2610;20;5;20;95;0.50;100000;189315;89.3;6.14;225;2630.0;0.2756
2020;3;B;2610;20;7;20;95;0.50;100000;187725;87.7;8.31;221;2595.0;0.2760
2020;4;B;2610;20;4;20;95;0.50;100000;186489;86.5;6.14;228;2570.0;0.2719
2020;5;B;2610;20;3;20;95;0.50;100000;184629;84.6;6.61;230;2530.0;0.2696
2020;6;B;2670;20;4;20;95;0.50;100000;184629;84.6;5.67;230;2530.0;0.2696
2020;7;B;2610;20;8;20;95;0.50;100000;184291;84.3;8.31;219;2520.0;0.2740
2020;8;B;2610;20;2;20;95;0.50;100000;183706;83.7;6.61;231;2510.0;0.2684
2020;9;B;2850;20;1;20;90;0.50;100000;183491;83.5;5.42;227;2500.0;0.2819
2020;10;B;2580;20;4;20;95;0.50;100000;183414;83.4;5.67;237;2505.0;0.2658
2020;11;B;2640;20;4;20;95;0.50;100000;182787;82.8;5.94;232;2490.0;0.2672
2020;12;B;2610;20;0;20;95;0.50;100000;182787;82.8;6.61;232;2490.0;0.2672
2020;13;B;2610;20;1;20;95;0.50;100000;182787;82.8;6.61;232;2490.0;0.2672
2020;14;B;2850;20;0;20;90;0.50;100000;182573;82.6;5.42;228;2480.0;0.2807
2020;15;B;2580;20;9;20;95;0.50;100000;182453;82.5;7.85;221;2480.0;0.2715
2020;16;B;2610;25;13;20;90;0.50;100000;182284;82.3;10.44;212;2470.0;0.2877
2020;17;B;2640;20;5;20;95;0.50;100000;181874;81.9;5.94;233;2470.0;0.2661
2020;18;B;2580;20;3;20;95;0.50;100000;181585;81.6;6.14;239;2465.0;0.2636
2020;19;B;2850;20;3;20;90;0.50;100000;181261;81.3;7.50;224;2450.0;0.2812
2020;20;B;2670;20;5;20;95;0.50;100000;181252;81.3;5.67;228;2455.0;0.2675
2021;1;D;1440;5;12;20;45;0.50;100000;150156;50.2;4.19;213;1655.0;0.4272
2021;2;D;1470;5;13;20;45;0.50;100000;147400;47.4;5.84;207;1580.0;0.4251
2021;3;D;1440;5;15;20;40;0.50;100000;146062;46.1;3.48;208;1540.0;0.4567
2021;4;C;330;10;20;20;25;0.50;100000;145916;45.9;5.15;362;1535.0;0.5387
2021;5;D;1470;10;11;20;50;0.50;100000;145447;45.4;3.45;207;1530.0;0.3913
2021;6;C;60;5;20;20;55;0.50;100000;145201;45.2;9.05;231;1530.0;0.3550
2021;7;C;330;10;19;20;25;0.50;100000;145166;45.2;5.15;372;1515.0;0.5349
2021;8;D;1440;5;13;20;40;0.50;100000;144584;44.6;3.94;216;1500.0;0.4491
2021;9;D;1410;5;13;20;45;0.50;100000;144139;44.1;4.78;205;1490.0;0.4195
2021;10;C;420;10;18;20;20;0.50;100000;143278;43.3;5.37;431;1460.0;0.5847
2021;11;C;420;10;19;20;25;0.50;100000;142518;42.5;5.72;351;1440.0;0.5356
2021;12;D;1440;5;14;20;40;0.50;100000;142458;42.5;4.42;210;1440.0;0.4476
2021;13;B;1050;5;18;20;35;0.50;100000;142417;42.4;3.93;206;1435.0;0.4903
2021;14;D;1470;10;10;20;50;0.50;100000;142219;42.2;4.20;208;1440.0;0.3846
2021;15;C;480;10;19;20;25;0.50;100000;142191;42.2;7.48;338;1430.0;0.5385
2021;16;D;1440;5;11;20;45;0.50;100000;141936;41.9;4.59;221;1430.0;0.4072
2021;17;C;240;20;10;20;50;0.50;100000;141724;41.7;6.35;240;1430.0;0.3708
2021;18;C;330;10;1;20;60;0.50;100000;141551;41.6;6.34;288;1440.0;0.3125
2021;19;C;60;5;6;20;80;0.50;100000;141417;41.4;6.42;218;1440.0;0.2661
2021;20;C;810;15;20;20;45;0.50;100000;141277;41.3;6.23;209;1410.0;0.4115
2022;1;B;150;5;9;20;65;0.50;100000;248172;148.2;7.04;548;3745.0;0.3157
2022;2;D;480;15;1;20;85;0.50;100000;229844;129.8;9.00;421;3445.0;0.2684
2022;3;D;210;5;4;20;55;0.50;100000;221918;121.9;11.84;638;3290.0;0.3354
2022;4;D;480;15;2;20;85;0.50;100000;221486;121.5;8.63;418;3295.0;0.2656
2022;5;B;150;5;9;20;70;0.50;100000;217653;117.7;8.03;514;3220.0;0.2918
2022;6;D;480;15;0;20;85;0.50;100000;217089;117.1;9.00;422;3215.0;0.2630
2022;7;D;120;5;5;20;60;0.50;100000;215146;115.1;9.13;669;3180.0;0.3094
2022;8;D;480;15;1;20;80;0.50;100000;214315;114.3;9.11;442;3160.0;0.2715
2022;9;B;120;0;0;20;90;0.50;100000;212666;112.7;12.66;426;3140.0;0.2488
2022;10;D;120;0;0;20;90;0.50;100000;212666;112.7;12.66;426;3140.0;0.2488
2022;11;B;150;5;9;20;60;0.50;100000;210573;110.6;7.30;578;3080.0;0.3166
2022;12;D;480;15;1;20;75;0.50;100000;209749;109.7;9.22;464;3070.0;0.2802
2022;13;B;690;0;9;20;70;0.50;100000;209274;109.3;7.49;388;3040.0;0.3093
2022;14;D;690;0;9;20;70;0.50;100000;209274;109.3;7.49;388;3040.0;0.3093
2022;15;D;480;15;3;20;85;0.50;100000;209195;109.2;8.92;419;3065.0;0.2601
2022;16;B;150;5;9;20;80;0.50;100000;208959;109.0;10.93;452;3060.0;0.2677
2022;17;B;150;5;10;20;65;0.50;100000;206809;106.8;9.11;538;3010.0;0.3011
2022;18;D;990;5;12;20;55;0.50;100000;206217;106.2;6.44;418;2965.0;0.3612
2022;19;D;90;5;2;20;85;0.50;100000;205566;105.6;9.82;516;3015.0;0.2461
2022;20;D;1020;10;9;20;60;0.50;100000;205495;105.5;6.79;432;2960.0;0.3356
2023;1;D;390;5;6;20;90;0.50;100000;228714;128.7;5.84;232;3390.0;0.3147
2023;2;C;420;15;2;20;90;0.50;100000;216444;116.4;5.63;243;3170.0;0.3004
2023;3;B;210;10;14;20;85;0.50;100000;210638;110.6;9.90;241;3055.0;0.3112
2023;4;B;210;10;13;20;85;0.50;100000;209585;109.6;9.90;242;3035.0;0.3099
2023;5;C;540;15;16;20;85;0.50;100000;208156;108.2;6.59;207;3000.0;0.3285
2023;6;D;390;5;5;20;90;0.50;100000;207606;107.6;4.41;235;3000.0;0.2979
2023;7;C;420;15;2;20;85;0.50;100000;206457;106.5;6.22;245;2975.0;0.3061
2023;8;D;390;5;3;20;90;0.50;100000;206442;106.4;7.97;247;2980.0;0.2915
2023;9;C;660;15;4;20;85;0.50;100000;205852;105.9;6.22;230;2960.0;0.3130
2023;10;C;540;15;15;20;85;0.50;100000;205049;105.0;6.78;210;2940.0;0.3238
2023;11;C;360;10;20;20;80;0.50;100000;204165;104.2;4.94;219;2920.0;0.3333
2023;12;C;360;10;19;20;80;0.50;100000;204064;104.1;5.39;229;2920.0;0.3275
2023;13;C;660;15;5;20;90;0.50;100000;202716;102.7;6.57;218;2900.0;0.3028
2023;14;C;90;10;6;20;90;0.50;100000;202542;102.5;7.97;278;2910.0;0.2770
2023;15;C;660;15;4;20;90;0.50;100000;201702;101.7;6.10;219;2880.0;0.3014
2023;16;D;390;5;7;20;90;0.50;100000;201579;101.6;6.10;230;2880.0;0.2957
2023;17;D;390;5;6;20;85;0.50;100000;201150;101.1;5.84;245;2870.0;0.3020
2023;18;D;390;5;8;20;90;0.50;100000;200694;100.7;10.94;220;2860.0;0.3000
2023;19;C;420;10;17;20;65;0.50;100000;198867;98.9;8.49;276;2810.0;0.3551
2023;20;C;630;10;17;20;75;0.50;100000;197965;98.0;4.83;212;2790.0;0.3491
2024;1;B;270;5;4;20;50;0.50;100000;160785;60.8;5.39;267;1940.0;0.3895
2024;2;D;1680;20;2;20;45;0.50;100000;154044;54.0;7.71;279;1765.0;0.4050
2024;3;B;270;10;18;20;45;0.50;100000;153743;53.7;6.81;260;1755.0;0.4115
2024;4;D;1680;20;0;20;45;0.50;100000;153631;53.6;7.71;286;1755.0;0.4021
2024;5;D;1680;20;1;20;45;0.50;100000;153452;53.5;7.71;283;1750.0;0.4028
2024;6;D;1530;15;6;20;45;0.50;100000;153030;53.0;8.17;248;1735.0;0.4153
2024;7;C;630;15;12;20;55;0.50;100000;152532;52.5;6.95;210;1725.0;0.3762
2024;8;B;270;5;4;20;40;0.50;100000;152324;52.3;6.87;325;1720.0;0.4215
2024;9;D;1680;20;3;20;45;0.50;100000;152154;52.2;7.71;275;1715.0;0.4036
2024;10;D;1530;15;7;20;45;0.50;100000;152088;52.1;8.17;246;1710.0;0.4146
2024;11;C;1080;15;5;20;45;0.50;100000;152088;52.1;8.91;246;1710.0;0.4146
2024;12;D;1620;20;3;20;45;0.50;100000;151977;52.0;7.71;272;1710.0;0.4044
2024;13;D;1620;20;1;20;45;0.50;100000;151922;51.9;8.17;285;1710.0;0.4000
2024;14;D;1620;20;2;20;45;0.50;100000;151569;51.6;8.17;279;1700.0;0.4014
2024;15;D;1620;20;4;20;50;0.50;100000;151564;51.6;7.71;244;1700.0;0.3852
2024;16;B;270;10;17;20;45;0.50;100000;151272;51.3;7.28;260;1690.0;0.4077
2024;17;D;150;5;0;20;65;0.50;100000;151141;51.1;8.26;238;1700.0;0.3193
2024;18;D;1530;15;8;20;45;0.50;100000;150625;50.6;7.71;235;1670.0;0.4170
2024;19;D;270;10;1;20;55;0.50;100000;150624;50.6;6.31;287;1685.0;0.3449
2024;20;D;1620;20;0;20;45;0.50;100000;150406;50.4;8.17;287;1670.0;0.3972
2025;1;D;240;15;0;20;80;0.50;100000;173919;73.9;11.44;350;2300.0;0.2657
2025;2;B;270;0;14;20;85;0.50;100000;173257;73.3;5.65;254;2270.0;0.2756
2025;3;D;270;0;14;20;85;0.50;100000;173257;73.3;5.65;254;2270.0;0.2756
2025;4;B;270;0;15;20;85;0.50;100000;172919;72.9;5.36;244;2260.0;0.2787
2025;5;D;270;0;15;20;85;0.50;100000;172919;72.9;5.36;244;2260.0;0.2787
2025;6;B;270;0;14;20;100;0.50;100000;171844;71.8;4.89;212;2240.0;0.2547
2025;7;D;270;0;14;20;100;0.50;100000;171844;71.8;4.89;212;2240.0;0.2547
2025;8;B;270;0;15;20;80;0.50;100000;171313;71.3;5.86;254;2220.0;0.2874
2025;9;D;270;0;15;20;80;0.50;100000;171313;71.3;5.86;254;2220.0;0.2874
2025;10;B;270;0;14;20;90;0.50;100000;171056;71.1;5.95;241;2220.0;0.2656
2025;11;D;270;0;14;20;90;0.50;100000;171056;71.1;5.95;241;2220.0;0.2656
2025;12;D;240;15;1;20;80;0.50;100000;170509;70.5;11.44;349;2220.0;0.2636
2025;13;B;270;0;15;20;90;0.50;100000;169453;69.5;6.83;232;2180.0;0.2672
2025;14;D;270;0;15;20;90;0.50;100000;169453;69.5;6.83;232;2180.0;0.2672
2025;15;B;270;0;14;20;80;0.50;100000;167031;67.0;5.88;264;2120.0;0.2803
2025;16;D;270;0;14;20;80;0.50;100000;167031;67.0;5.88;264;2120.0;0.2803
2025;17;B;270;0;15;20;100;0.50;100000;165151;65.2;6.78;214;2080.0;0.2477
2025;18;D;270;0;15;20;100;0.50;100000;165151;65.2;6.78;214;2080.0;0.2477
2025;19;B;270;0;14;20;95;0.50;100000;165009;65.0;4.89;224;2075.0;0.2545
2025;20;D;270;0;14;20;95;0.50;100000;165009;65.0;4.89;224;2075.0;0.2545
2026;1;C;270;15;0;20;55;0.50;100000;141898;41.9;5.28;176;1430.0;0.3750
2026;2;C;270;15;1;20;55;0.50;100000;141898;41.9;5.28;176;1430.0;0.3750
2026;3;B;270;5;11;20;55;0.50;100000;141652;41.7;5.54;154;1420.0;0.3896
2026;4;C;270;15;0;20;60;0.50;100000;140105;40.1;5.39;163;1380.0;0.3558
2026;5;C;270;15;1;20;60;0.50;100000;140105;40.1;5.39;163;1380.0;0.3558
2026;6;C;60;5;12;20;45;0.50;100000;139655;39.7;4.67;221;1365.0;0.4027
2026;7;C;600;10;5;20;40;0.50;100000;138299;38.3;5.37;198;1320.0;0.4444
2026;8;C;600;10;5;20;50;0.50;100000;137915;37.9;6.08;155;1310.0;0.4065
2026;9;C;210;5;5;20;20;0.50;100000;137742;37.7;4.44;383;1300.0;0.5849
2026;10;C;210;5;6;20;20;0.50;100000;137736;37.7;4.44;387;1300.0;0.5840
2026;11;C;600;10;6;20;40;0.50;100000;137628;37.6;4.43;193;1300.0;0.4456
2026;12;C;600;10;6;20;45;0.50;100000;137242;37.2;4.89;176;1290.0;0.4205
2026;13;C;270;5;0;20;30;0.50;100000;136898;36.9;4.21;296;1280.0;0.4865
2026;14;C;600;10;5;20;35;0.50;100000;136819;36.8;4.89;214;1275.0;0.4720
2026;15;C;600;10;5;20;45;0.50;100000;136714;36.7;5.73;180;1275.0;0.4167
2026;16;C;600;10;7;20;45;0.50;100000;136238;36.2;5.14;171;1260.0;0.4211
2026;17;C;510;10;16;20;60;0.50;100000;136197;36.2;3.49;121;1260.0;0.3802
2026;18;C;420;10;14;20;65;0.50;100000;135957;36.0;4.89;120;1255.0;0.3583
2026;19;C;150;20;3;20;70;0.50;100000;135647;35.6;3.97;131;1250.0;0.3282
2026;20;C;510;10;17;20;60;0.50;100000;135537;35.5;2.99;118;1240.0;0.3814
