rank;a1Minutes;a2Minutes;stopLossPips;takeProfitPips;riskPercent;deposit;finalEquity;returnPercent;maxDrawdownPercent;entries;pips;pipsPerEntry;winRate;doubleWin;mixed;doubleLoss
1;1650;2160;20;85;0.50;100000;433815;333.8;18.23;1747;6455.0;3.695;0.2081;0;727;1020
2;300;1560;20;55;0.50;100000;421931;321.9;21.48;2657;6220.0;2.341;0.2823;0;1500;1157
3;1710;2010;20;90;0.50;100000;421396;321.4;24.74;1817;6410.0;3.528;0.1979;0;719;1098
4;660;1320;20;40;0.50;100000;413032;313.0;13.30;3206;5980.0;1.865;0.3489;0;2237;969
5;1650;2160;20;90;0.50;100000;399836;299.8;20.33;1705;6160.0;3.613;0.1982;0;676;1029
6;1560;2190;20;90;0.50;100000;394845;294.8;24.37;1649;6090.0;3.693;0.1986;0;655;994
7;1740;1950;20;60;0.50;100000;394478;294.5;22.22;2353;5960.0;2.533;0.2658;0;1251;1102
8;630;1260;20;55;0.50;100000;393058;293.1;21.70;2819;5965.0;2.116;0.2808;0;1583;1236
9;600;2790;20;80;0.50;100000;390044;290.0;22.03;1609;5940.0;3.692;0.2185;0;703;906
10;810;1260;20;70;0.50;100000;389150;289.1;22.54;2434;6050.0;2.486;0.2360;0;1149;1285
11;630;1380;20;55;0.50;100000;387775;287.8;22.23;2671;5885.0;2.203;0.2814;0;1503;1168
12;1680;2250;20;75;0.50;100000;381742;281.7;17.31;1808;5865.0;3.244;0.2276;0;823;985
13;660;1320;20;50;0.50;100000;378512;278.5;17.82;2882;5750.0;1.995;0.3000;0;1729;1153
14;810;1260;20;65;0.50;100000;367166;267.2;22.12;2531;5775.0;2.282;0.2487;0;1259;1272
15;1260;1380;20;55;0.50;100000;357688;257.7;23.11;3030;5625.0;1.856;0.2790;0;1691;1339
16;1680;2250;20;70;0.50;100000;355468;255.5;21.43;1884;5550.0;2.946;0.2386;0;899;985
17;660;1320;20;55;0.50;100000;355439;255.4;22.99;2717;5545.0;2.041;0.2803;0;1523;1194
18;1770;2040;20;85;0.50;100000;355372;255.4;19.86;1871;5695.0;3.044;0.2050;0;767;1104
19;660;1320;20;45;0.50;100000;353621;253.6;19.59;3017;5420.0;1.796;0.3215;0;1940;1077
20;660;1320;20;60;0.45;100000;353450;253.4;24.11;2604;6080.0;2.335;0.2646;0;1378;1226
21;1680;2250;20;60;0.50;100000;352345;252.3;22.20;2012;5440.0;2.704;0.2669;0;1074;938
22;1710;1830;20;55;0.50;100000;352099;252.1;23.06;2647;5495.0;2.076;0.2805;0;1485;1162
23;1650;2160;20;80;0.50;100000;351156;251.2;21.48;1813;5580.0;3.078;0.2154;0;781;1032
24;120;1890;20;70;0.50;100000;350207;250.2;19.20;2203;5570.0;2.528;0.2363;0;1041;1162
25;90;2010;20;50;0.50;100000;349323;249.3;22.73;2686;5400.0;2.010;0.3001;0;1612;1074
26;630;1320;20;95;0.50;100000;348604;248.6;24.41;2012;5770.0;2.868;0.1864;0;750;1262
27;810;1230;25;50;0.50;100000;348567;248.6;15.15;2777;6575.0;2.368;0.3491;0;1939;838
28;1560;2190;20;80;0.50;100000;346232;246.2;24.35;1735;5500.0;3.170;0.2159;0;749;986
29;1650;2160;20;100;0.45;100000;345806;245.8;23.92;1617;6120.0;3.785;0.1824;0;590;1027
30;1560;2190;20;85;0.50;100000;343164;243.2;24.66;1687;5495.0;3.257;0.2060;0;695;992
31;600;1530;20;100;0.45;100000;343012;243.0;24.99;1829;6160.0;3.368;0.1807;0;661;1168
32;1800;1920;25;85;0.50;100000;342340;242.3;20.80;1837;6710.0;3.653;0.2439;0;896;941
33;1320;2280;20;100;0.50;100000;339744;239.7;23.93;1512;5520.0;3.651;0.1819;0;550;962
34;1650;2280;20;70;0.50;100000;337814;237.8;19.27;1860;5340.0;2.871;0.2382;0;886;974
35;1650;2250;20;70;0.50;100000;336824;236.8;19.88;1867;5330.0;2.855;0.2381;0;889;978
36;600;1530;20;95;0.50;100000;335811;235.8;21.09;1879;5570.0;2.964;0.1868;0;702;1177
37;1380;2370;20;95;0.50;100000;334951;235.0;23.64;1546;5435.0;3.516;0.1892;0;585;961
38;1350;2280;25;95;0.50;100000;334851;234.9;24.62;1417;6550.0;4.622;0.2276;0;645;772
39;810;1290;20;55;0.50;100000;334200;234.2;16.96;2753;5305.0;1.927;0.2795;0;1539;1214
40;1770;2040;20;90;0.50;100000;332630;232.6;20.28;1816;5460.0;3.007;0.1955;0;710;1106
41;1500;2430;20;75;0.50;100000;332603;232.6;24.81;1725;5290.0;3.067;0.2267;0;782;943
42;1680;2220;20;70;0.50;100000;332293;232.3;20.49;1884;5280.0;2.803;0.2378;0;896;988
43;1680;2220;20;65;0.50;100000;332079;232.1;20.23;1962;5245.0;2.673;0.2510;0;985;977
44;60;2280;20;70;0.50;100000;331839;231.8;23.59;2186;5350.0;2.447;0.2358;0;1031;1155
45;120;3840;20;70;0.50;100000;329317;229.3;19.94;1668;5190.0;3.112;0.2395;0;799;869
46;810;1260;20;40;0.50;100000;329055;229.1;15.53;3275;5080.0;1.551;0.3463;0;2268;1007
47;810;1260;20;60;0.45;100000;328283;228.3;23.31;2650;5760.0;2.174;0.2636;0;1397;1253
48;90;1980;20;50;0.50;100000;325335;225.3;23.01;2714;5120.0;1.887;0.2992;0;1624;1090
49;1470;2190;20;90;0.45;100000;324975;225.0;23.09;1635;5770.0;3.529;0.1979;0;647;988
50;420;1500;20;45;0.50;100000;324550;224.5;24.45;2917;5065.0;1.736;0.3210;0;1873;1044
51;1410;2220;20;90;0.45;100000;324179;224.2;23.76;1638;5760.0;3.516;0.1978;0;648;990
52;1650;2280;20;65;0.50;100000;323877;223.9;20.27;1918;5135.0;2.677;0.2510;0;963;955
53;2250;2280;20;55;0.50;100000;323808;223.8;24.70;2646;5160.0;1.950;0.2797;0;1480;1166
54;1350;2280;25;100;0.50;100000;323590;223.6;22.35;1372;6400.0;4.665;0.2187;0;600;772
55;1770;2070;20;80;0.50;100000;323536;223.5;24.40;1908;5280.0;2.767;0.2138;0;816;1092
56;270;1560;20;50;0.50;100000;323220;223.2;19.80;2821;5110.0;1.811;0.2987;0;1685;1136
57;1680;2220;20;75;0.50;100000;322454;222.5;22.65;1813;5190.0;2.863;0.2256;0;818;995
58;1650;2010;20;60;0.50;100000;322405;222.4;22.15;2188;5120.0;2.340;0.2646;0;1158;1030
59;1680;2220;20;60;0.50;100000;321616;221.6;18.94;2037;5080.0;2.494;0.2656;0;1082;955
60;810;1230;20;50;0.45;100000;321552;221.6;24.51;2998;5590.0;1.865;0.2990;0;1793;1205
61;1650;2070;25;90;0.50;100000;319974;220.0;21.41;1589;6340.0;3.990;0.2347;0;746;843
62;1680;2220;20;95;0.50;100000;319689;219.7;24.88;1619;5275.0;3.258;0.1881;0;609;1010
63;630;1470;20;70;0.50;100000;319601;219.6;16.37;2268;5220.0;2.302;0.2350;0;1066;1202
64;1500;1620;25;95;0.50;100000;319505;219.5;19.76;1803;6450.0;3.577;0.2232;0;805;998
65;1680;2160;20;85;0.50;100000;319432;219.4;19.42;1741;5225.0;3.001;0.2048;0;713;1028
66;60;1830;20;60;0.50;100000;319340;219.3;23.71;2579;5160.0;2.001;0.2625;0;1354;1225
67;1560;2190;20;75;0.50;100000;318495;218.5;24.57;1793;5135.0;2.864;0.2256;0;809;984
68;540;1530;20;45;0.50;100000;316513;216.5;21.68;2798;4950.0;1.769;0.3213;0;1798;1000
69;1380;1860;20;95;0.50;100000;316281;216.3;24.44;1734;5275.0;3.042;0.1871;0;649;1085
70;2190;2310;20;95;0.50;100000;315889;215.9;22.26;1774;5285.0;2.979;0.1869;0;663;1111
71;1740;2070;20;85;0.50;100000;315348;215.3;23.48;1823;5200.0;2.852;0.2041;0;744;1079
72;630;1350;20;55;0.50;100000;315048;215.0;22.08;2701;5060.0;1.873;0.2792;0;1508;1193
73;1380;2220;20;90;0.45;100000;314975;215.0;23.26;1633;5630.0;3.448;0.1975;0;645;988
74;1680;2190;20;85;0.50;100000;314920;214.9;23.31;1732;5165.0;2.982;0.2047;0;709;1023
75;690;1260;20;40;0.50;100000;314493;214.5;16.81;3281;4900.0;1.493;0.3458;0;2269;1012
76;1740;2070;30;60;0.50;100000;314234;214.2;11.00;1915;7140.0;3.728;0.3540;0;1356;559
77;630;1290;20;55;0.50;100000;314229;214.2;20.65;2789;5065.0;1.816;0.2788;0;1555;1234
78;300;1560;20;70;0.50;100000;314024;214.0;22.86;2310;5160.0;2.234;0.2346;0;1084;1226
79;480;1650;20;45;0.50;100000;313800;213.8;13.84;2713;4905.0;1.808;0.3216;0;1745;968
80;1680;2130;25;85;0.50;100000;312951;213.0;19.03;1601;6190.0;3.866;0.2448;0;784;817
81;1350;2280;25;90;0.50;100000;312808;212.8;24.07;1461;6185.0;4.233;0.2358;0;689;772
82;1710;1890;25;55;0.50;100000;312247;212.2;12.88;2321;6030.0;2.598;0.3287;0;1526;795
83;480;1500;20;45;0.45;100000;311285;211.3;24.02;2903;5365.0;1.848;0.3219;0;1869;1034
84;1620;2190;20;85;0.50;100000;311120;211.1;22.09;1728;5115.0;2.960;0.2046;0;707;1021
85;630;1470;20;55;0.50;100000;311033;211.0;22.90;2594;4990.0;1.924;0.2795;0;1450;1144
86;660;1320;20;65;0.50;100000;309980;210.0;24.29;2476;5085.0;2.054;0.2474;0;1225;1251
87;1710;2010;20;95;0.50;100000;308381;208.4;24.71;1765;5185.0;2.938;0.1867;0;659;1106
88;180;1890;20;50;0.50;100000;308058;208.1;18.78;2634;4890.0;1.856;0.2990;0;1575;1059
89;300;1560;20;60;0.50;100000;307863;207.9;21.68;2511;5000.0;1.991;0.2624;0;1318;1193
90;120;1890;20;75;0.50;100000;307292;207.3;20.86;2115;5080.0;2.402;0.2232;0;944;1171
91;1650;2160;20;75;0.50;100000;307193;207.2;19.04;1865;5010.0;2.686;0.2247;0;838;1027
92;660;1290;20;50;0.50;100000;307040;207.0;18.79;2922;4920.0;1.684;0.2977;0;1740;1182
93;1650;2250;20;65;0.50;100000;306662;206.7;23.06;1934;4920.0;2.544;0.2503;0;968;966
94;1680;2040;20;85;0.50;100000;306622;206.6;20.04;1831;5090.0;2.780;0.2037;0;746;1085
95;1770;2010;20;85;0.40;100000;306113;206.1;24.34;1895;6100.0;3.219;0.2058;0;780;1115
96;1380;2370;20;85;0.50;100000;305670;205.7;20.82;1623;5010.0;3.087;0.2052;0;666;957
97;2130;2250;30;100;0.50;100000;304988;205.0;19.10;1412;7190.0;5.092;0.2504;0;707;705
98;660;1440;20;70;0.50;100000;304659;204.7;21.74;2275;5030.0;2.211;0.2345;0;1067;1208
99;540;1440;25;50;0.50;100000;304187;204.2;17.40;2611;5875.0;2.250;0.3483;0;1819;792
100;540;1470;20;55;0.40;100000;303997;204.0;24.53;2597;5920.0;2.280;0.2819;0;1464;1133
101;2190;2400;20;95;0.50;100000;303920;203.9;21.45;1681;5095.0;3.031;0.1871;0;629;1052
102;600;1500;20;75;0.50;100000;302800;202.8;19.12;2166;5035.0;2.325;0.2228;0;965;1201
103;120;3840;20;80;0.50;100000;302040;202.0;21.93;1560;4900.0;3.141;0.2157;0;673;887
104;1770;1950;20;60;0.50;100000;300938;200.9;19.79;2366;4880.0;2.063;0.2629;0;1244;1122
105;1770;1980;25;85;0.50;100000;300104;200.1;22.21;1767;6030.0;3.413;0.2428;0;858;909
106;420;1290;25;60;0.50;100000;300002;200.0;21.65;2486;5920.0;2.381;0.3081;0;1532;954
107;120;3840;20;85;0.50;100000;299689;199.7;24.44;1513;4895.0;3.235;0.2059;0;623;890
108;1500;2190;20;80;0.50;100000;299672;199.7;24.21;1732;4920.0;2.841;0.2142;0;742;990
109;600;1500;20;55;0.50;100000;299571;199.6;20.18;2566;4835.0;1.884;0.2792;0;1433;1133
110;600;1440;20;40;0.50;100000;299344;199.3;24.69;3051;4680.0;1.534;0.3461;0;2112;939
111;1350;2280;20;60;0.50;100000;298675;198.7;21.21;1917;4760.0;2.483;0.2655;0;1018;899
112;1320;2280;20;90;0.50;100000;298355;198.4;23.12;1606;4950.0;3.082;0.1958;0;629;977
113;1350;2280;20;95;0.50;100000;298256;198.3;24.45;1549;4970.0;3.209;0.1879;0;582;967
114;390;1680;20;50;0.45;100000;297969;198.0;23.78;2614;5200.0;1.989;0.2999;0;1568;1046
115;570;1470;20;50;0.50;100000;297888;197.9;23.01;2728;4770.0;1.749;0.2982;0;1627;1101
116;600;1290;25;60;0.50;100000;297711;197.7;18.31;2419;5870.0;2.427;0.3084;0;1492;927
117;1650;2040;20;90;0.50;100000;297604;197.6;20.84;1778;5000.0;2.812;0.1946;0;692;1086
118;2250;2340;20;55;0.50;100000;297536;197.5;23.72;2436;4785.0;1.964;0.2798;0;1363;1073
119;600;1290;25;50;0.50;100000;297372;197.4;18.17;2715;5775.0;2.127;0.3475;0;1887;828
120;480;1590;20;55;0.50;100000;297160;197.2;23.37;2522;4795.0;1.901;0.2793;0;1409;1113
121;540;1320;20;50;0.40;100000;297160;197.2;22.74;2916;5790.0;1.986;0.2999;0;1749;1167
122;90;1470;20;70;0.45;100000;296653;196.7;24.97;2587;5420.0;2.095;0.2339;0;1210;1377
123;300;1530;20;55;0.50;100000;296215;196.2;20.70;2709;4815.0;1.777;0.2785;0;1509;1200
124;1740;2040;20;85;0.50;100000;295772;195.8;23.28;1845;4950.0;2.683;0.2033;0;750;1095
125;660;1320;20;70;0.40;100000;295617;195.6;23.65;2377;5900.0;2.482;0.2360;0;1122;1255
126;90;2010;20;65;0.50;100000;295312;195.3;24.37;2316;4855.0;2.096;0.2476;0;1147;1169
127;1200;2700;20;95;0.50;100000;295288;195.3;22.07;1456;4895.0;3.362;0.1885;0;549;907
128;1470;2310;20;75;0.50;100000;295041;195.0;24.64;1744;4815.0;2.761;0.2251;0;785;959
129;360;2820;25;70;0.50;100000;294708;194.7;20.89;1661;5775.0;3.477;0.2815;0;935;726
130;1680;2220;20;90;0.50;100000;293961;194.0;22.90;1662;4910.0;2.954;0.1952;0;649;1013
131;1560;2130;20;90;0.50;100000;293925;193.9;20.05;1692;4920.0;2.908;0.1950;0;660;1032
132;720;1260;20;90;0.45;100000;293324;193.3;23.24;2102;5460.0;2.598;0.1936;0;814;1288
133;720;1200;30;75;0.50;100000;292879;192.9;13.65;1980;6885.0;3.477;0.3023;0;1197;783
134;810;1260;25;60;0.50;100000;292753;192.8;15.00;2441;5790.0;2.372;0.3081;0;1504;937
135;1350;2280;20;90;0.50;100000;292698;192.7;16.92;1597;4870.0;3.049;0.1957;0;625;972
136;1680;2250;20;65;0.50;100000;292296;192.3;22.98;1943;4730.0;2.434;0.2496;0;970;973
137;1650;2160;20;65;0.50;100000;292123;192.1;20.61;1998;4740.0;2.372;0.2492;0;996;1002
138;1680;2250;20;80;0.50;100000;291963;192.0;21.33;1747;4820.0;2.759;0.2138;0;747;1000
139;1770;2070;20;85;0.50;100000;291651;191.7;22.01;1849;4895.0;2.647;0.2031;0;751;1098
140;1650;2280;20;75;0.50;100000;291554;191.6;24.82;1790;4780.0;2.670;0.2246;0;804;986
141;1770;2640;20;100;0.50;100000;291528;191.5;23.00;1450;4880.0;3.366;0.1807;0;524;926
142;1770;2070;20;75;0.50;100000;291513;191.5;24.08;1974;4830.0;2.447;0.2234;0;882;1092
143;990;1020;20;45;0.50;100000;291486;191.5;21.47;4188;4795.0;1.145;0.3165;0;2651;1537
144;630;1440;20;55;0.50;100000;291268;191.3;22.18;2608;4730.0;1.814;0.2788;0;1454;1154
145;630;1470;20;65;0.50;100000;290200;190.2;23.40;2360;4795.0;2.032;0.2472;0;1167;1193
146;1740;2070;20;65;0.50;100000;290123;190.1;22.02;2098;4735.0;2.257;0.2486;0;1043;1055
147;660;1320;30;75;0.50;100000;289889;189.9;19.09;1920;6810.0;3.547;0.3026;0;1162;758
148;1500;1620;25;100;0.50;100000;289476;189.5;18.16;1728;5975.0;3.458;0.2138;0;739;989
149;870;1200;20;45;0.50;100000;289264;189.3;19.05;3233;4645.0;1.437;0.3187;0;2061;1172
150;1680;2100;25;90;0.50;100000;288982;189.0;23.75;1574;5825.0;3.701;0.2335;0;735;839
151;630;1140;25;60;0.50;100000;288923;188.9;21.27;2588;5750.0;2.222;0.3072;0;1590;998
152;120;3840;20;75;0.50;100000;288680;188.7;23.55;1607;4690.0;2.918;0.2259;0;726;881
153;90;2280;20;45;0.45;100000;288573;188.6;23.29;2691;5005.0;1.860;0.3220;0;1733;958
154;2190;2370;20;55;0.45;100000;288100;188.1;23.68;2253;5055.0;2.244;0.2816;0;1269;984
155;90;2010;20;40;0.50;100000;287851;187.9;14.59;3013;4520.0;1.500;0.3458;0;2084;929
156;120;1860;20;40;0.50;100000;287765;187.8;17.75;3025;4520.0;1.494;0.3458;0;2092;933
157;60;1800;20;65;0.50;100000;287558;187.6;21.98;2456;4780.0;1.946;0.2467;0;1212;1244
158;840;1230;20;65;0.50;100000;286995;187.0;23.65;2602;4805.0;1.847;0.2462;0;1281;1321
159;2190;2400;20;60;0.50;100000;286519;186.5;17.32;2148;4640.0;2.160;0.2635;0;1132;1016
160;180;1860;20;50;0.50;100000;286315;186.3;23.81;2650;4600.0;1.736;0.2981;0;1580;1070
161;1530;2160;20;45;0.50;100000;286198;186.2;22.63;2254;4480.0;1.988;0.3230;0;1456;798
162;1320;2640;20;90;0.50;100000;286189;186.2;24.05;1512;4750.0;3.142;0.1961;0;593;919
163;90;1920;20;40;0.50;100000;285903;185.9;17.32;3084;4500.0;1.459;0.3455;0;2131;953
164;1680;2040;20;90;0.50;100000;285091;185.1;19.15;1785;4830.0;2.706;0.1941;0;693;1092
165;1650;2160;20;60;0.50;100000;284933;184.9;17.37;2059;4600.0;2.234;0.2640;0;1087;972
166;810;1260;20;50;0.50;100000;284635;184.6;24.76;2940;4620.0;1.571;0.2969;0;1746;1194
167;90;1950;20;50;0.45;100000;284488;184.5;24.58;2729;5010.0;1.836;0.2988;0;1631;1098
168;480;1440;20;45;0.50;100000;284167;184.2;18.05;2961;4540.0;1.533;0.3195;0;1892;1069
169;30;1980;20;55;0.50;100000;283589;183.6;23.84;2704;4640.0;1.716;0.2781;0;1504;1200
170;1740;2070;20;60;0.50;100000;283285;183.3;23.74;2175;4600.0;2.115;0.2632;0;1145;1030
171;1680;2220;20;80;0.45;100000;282545;182.5;23.95;1755;5100.0;2.906;0.2145;0;753;1002
172;1320;2370;20;95;0.50;100000;282264;182.3;20.75;1526;4740.0;3.106;0.1874;0;572;954
173;1290;2520;20;95;0.50;100000;282009;182.0;22.47;1509;4730.0;3.135;0.1875;0;566;943
174;1350;2280;20;75;0.50;100000;281962;182.0;23.94;1732;4630.0;2.673;0.2246;0;778;954
175;1770;2040;20;75;0.50;100000;281685;181.7;24.58;2001;4700.0;2.349;0.2229;0;892;1109
176;570;1470;20;75;0.50;100000;281645;181.6;24.22;2185;4750.0;2.174;0.2220;0;970;1215
177;1710;2130;20;85;0.50;100000;281536;181.5;21.93;1777;4730.0;2.662;0.2032;0;722;1055
178;1680;2220;20;85;0.45;100000;280726;180.7;23.62;1710;5100.0;2.982;0.2047;0;700;1010
179;150;3840;20;85;0.45;100000;280667;180.7;23.19;1525;5045.0;3.308;0.2062;0;629;896
180;150;3840;20;80;0.50;100000;280371;180.4;21.61;1555;4600.0;2.958;0.2148;0;668;887
181;660;1440;20;65;0.45;100000;280325;180.3;24.04;2402;5070.0;2.111;0.2477;0;1190;1212
182;1290;2460;25;95;0.50;100000;280141;180.1;20.93;1399;5650.0;4.039;0.2252;0;630;769
183;1740;2070;25;85;0.50;100000;279984;180.0;18.33;1658;5650.0;3.408;0.2428;0;805;853
184;1320;2370;20;75;0.50;100000;279871;179.9;22.62;1695;4590.0;2.708;0.2248;0;762;933
185;540;1440;25;55;0.50;100000;279628;179.6;20.55;2458;5500.0;2.238;0.3265;0;1605;853
186;120;1890;20;80;0.50;100000;279598;179.6;24.94;2059;4740.0;2.302;0.2115;0;871;1188
187;570;1170;25;55;0.50;100000;279282;179.3;19.01;2699;5530.0;2.049;0.3253;0;1756;943
188;1470;2310;20;70;0.50;100000;279178;179.2;21.00;1794;4560.0;2.542;0.2363;0;848;946
189;1650;2040;20;85;0.50;100000;278937;178.9;22.06;1830;4710.0;2.574;0.2027;0;742;1088
190;2130;2250;25;100;0.50;100000;278810;178.8;23.04;1563;5725.0;3.663;0.2147;0;671;892
191;1680;2130;25;95;0.50;100000;278689;178.7;20.49;1502;5660.0;3.768;0.2240;0;673;829
192;30;1860;20;50;0.50;100000;278472;178.5;24.04;2923;4530.0;1.550;0.2968;0;1735;1188
193;1650;2010;20;90;0.50;100000;278383;178.4;19.75;1801;4740.0;2.632;0.1938;0;698;1103
194;1680;2070;20;90;0.45;100000;278315;178.3;24.39;1734;5110.0;2.947;0.1952;0;677;1057
195;1530;2160;20;90;0.50;100000;278286;178.3;22.46;1662;4690.0;2.822;0.1946;0;647;1015
196;1770;2640;20;95;0.50;100000;278087;178.1;21.06;1499;4670.0;3.115;0.1875;0;562;937
197;1590;2340;20;70;0.50;100000;278048;178.0;23.54;1819;4550.0;2.501;0.2361;0;859;960
198;1740;2190;20;70;0.50;100000;277996;178.0;24.86;1942;4580.0;2.358;0.2353;0;914;1028
199;450;1650;30;55;0.50;100000;277931;177.9;13.14;2156;6385.0;2.962;0.3704;0;1597;559
200;90;2280;20;40;0.50;100000;277844;177.8;18.57;2825;4360.0;1.543;0.3462;0;1956;869
201;450;1650;30;50;0.50;100000;277734;177.7;14.47;2313;6340.0;2.741;0.3921;0;1814;499
202;2250;2340;20;60;0.45;100000;277668;177.7;23.07;2340;4960.0;2.120;0.2632;0;1232;1108
203;1350;1620;20;95;0.45;100000;277609;177.6;23.00;1897;5195.0;2.739;0.1858;0;705;1192
204;600;2790;20;75;0.50;100000;277582;177.6;21.69;1651;4545.0;2.753;0.2250;0;743;908
205;1650;2220;20;65;0.50;100000;277339;177.3;24.18;1944;4520.0;2.325;0.2490;0;968;976
206;420;1740;20;50;0.45;100000;277246;177.2;24.02;2540;4870.0;1.917;0.2994;0;1521;1019
207;1740;2220;20;70;0.50;100000;276992;177.0;21.16;1920;4560.0;2.375;0.2354;0;904;1016
208;510;1650;20;55;0.50;100000;276952;177.0;21.77;2445;4500.0;1.840;0.2789;0;1364;1081
209;1680;2160;20;80;0.50;100000;276825;176.8;23.13;1792;4620.0;2.578;0.2129;0;763;1029
210;1650;2010;25;90;0.50;100000;276768;176.8;18.64;1624;5625.0;3.464;0.2325;0;755;869
211;1800;1920;25;90;0.50;100000;276669;176.7;20.97;1768;5670.0;3.207;0.2313;0;818;950
212;300;1560;20;65;0.45;100000;276656;176.7;22.93;2395;5010.0;2.092;0.2476;0;1186;1209
213;600;1290;25;55;0.50;100000;276628;176.6;20.15;2550;5460.0;2.141;0.3259;0;1662;888
214;450;1620;25;50;0.50;100000;276450;176.5;20.45;2426;5375.0;2.216;0.3481;0;1689;737
215;1740;2220;20;100;0.45;100000;276250;176.3;24.32;1624;5120.0;3.153;0.1798;0;584;1040
216;1710;1890;20;55;0.50;100000;276037;176.0;22.33;2492;4495.0;1.804;0.2787;0;1389;1103
217;360;1410;20;55;0.40;100000;276014;176.0;24.99;2794;5465.0;1.956;0.2797;0;1563;1231
218;180;1890;20;55;0.50;100000;275487;175.5;24.03;2509;4490.0;1.790;0.2786;0;1398;1111
219;570;1380;25;55;0.50;100000;275442;175.4;18.61;2493;5430.0;2.178;0.3261;0;1626;867
220;450;1620;25;55;0.50;100000;275385;175.4;22.84;2300;5400.0;2.348;0.3272;0;1505;795
221;480;1590;20;45;0.50;100000;275305;175.3;24.67;2773;4390.0;1.583;0.3199;0;1774;999
222;1710;1830;20;50;0.40;100000;275195;175.2;23.50;2779;5390.0;1.940;0.2996;0;1665;1114
223;630;1440;20;70;0.50;100000;274875;174.9;20.08;2283;4620.0;2.024;0.2335;0;1066;1217
224;1680;2190;20;75;0.50;100000;274556;174.6;24.87;1829;4550.0;2.488;0.2236;0;818;1011
225;510;1650;20;50;0.50;100000;274556;174.6;24.01;2567;4420.0;1.722;0.2980;0;1530;1037
226;1590;2160;20;60;0.50;100000;274198;174.2;20.61;2027;4440.0;2.190;0.2637;0;1069;958
227;30;1890;20;60;0.50;100000;274157;174.2;24.43;2630;4560.0;1.734;0.2608;0;1372;1258
228;1650;2220;20;85;0.50;100000;273997;174.0;21.75;1712;4600.0;2.687;0.2033;0;696;1016
229;600;2820;20;80;0.50;100000;273972;174.0;22.92;1597;4520.0;2.830;0.2142;0;684;913
230;630;1350;30;75;0.50;100000;273917;173.9;13.61;1896;6465.0;3.410;0.3020;0;1145;751
231;1560;2190;20;95;0.40;100000;273893;173.9;24.43;1601;5535.0;3.457;0.1889;0;605;996
232;240;270;35;20;0.50;100000;273200;173.2;14.11;7173;7355.0;1.025;0.6457;2090;5083;0
233;810;1260;20;55;0.50;100000;273165;173.2;23.67;2788;4505.0;1.616;0.2774;0;1547;1241
234;1410;2220;20;85;0.50;100000;272750;172.7;23.33;1676;4570.0;2.727;0.2035;0;682;994
235;30;1860;20;60;0.40;100000;272688;172.7;23.20;2652;5440.0;2.051;0.2628;0;1394;1258
236;1590;2340;20;75;0.50;100000;272666;172.7;20.37;1766;4505.0;2.551;0.2240;0;791;975
237;60;2280;20;45;0.50;100000;272663;172.7;24.72;2761;4350.0;1.576;0.3198;0;1766;995
238;870;2850;20;70;0.50;100000;272496;172.5;21.30;1622;4420.0;2.725;0.2374;0;770;852
239;630;1080;30;60;0.50;100000;272283;172.3;16.40;2432;6360.0;2.615;0.3479;0;1692;740
240;1740;2220;20;65;0.50;100000;272278;172.3;21.25;2005;4460.0;2.224;0.2484;0;996;1009
241;1500;2190;20;60;0.50;100000;272272;172.3;24.03;1968;4400.0;2.236;0.2640;0;1039;929
242;90;2010;20;55;0.45;100000;272127;172.1;23.23;2560;4850.0;1.895;0.2793;0;1430;1130
243;630;1260;30;55;0.50;100000;271887;171.9;16.71;2448;6290.0;2.569;0.3681;0;1802;646
244;1650;2160;20;95;0.45;100000;271815;171.8;24.32;1657;5020.0;3.030;0.1871;0;620;1037
245;1770;2040;25;85;0.50;100000;271641;171.6;17.30;1696;5510.0;3.249;0.2420;0;821;875
246;720;1200;30;70;0.50;100000;271506;171.5;14.22;2085;6400.0;3.070;0.3153;0;1315;770
247;660;1440;20;55;0.50;100000;271481;171.5;21.34;2615;4450.0;1.702;0.2780;0;1454;1161
248;1710;1830;20;45;0.45;100000;271468;171.5;24.23;2923;4760.0;1.628;0.3202;0;1872;1051
249;1650;2190;25;85;0.50;100000;271391;171.4;18.85;1578;5470.0;3.466;0.2430;0;767;811
250;1500;1620;25;90;0.50;100000;271100;171.1;22.98;1866;5600.0;3.001;0.2304;0;860;1006
251;1680;1800;20;75;0.50;100000;271026;171.0;21.55;2236;4610.0;2.062;0.2214;0;990;1246
252;1770;2040;20;80;0.50;100000;271001;171.0;23.18;1943;4580.0;2.357;0.2118;0;823;1120
253;1320;2310;20;95;0.50;100000;270974;171.0;21.56;1550;4585.0;2.958;0.1868;0;579;971
254;570;1470;20;60;0.50;100000;270751;170.8;20.83;2480;4480.0;1.806;0.2613;0;1296;1184
255;510;1590;25;90;0.45;100000;270731;170.7;23.73;1726;6045.0;3.502;0.2326;0;803;923
256;1590;1650;25;60;0.50;100000;270546;170.5;19.14;2520;5410.0;2.147;0.3067;0;1546;974
257;1320;2370;20;90;0.50;100000;270378;170.4;20.91;1564;4540.0;2.903;0.1950;0;610;954
258;600;1440;20;55;0.40;100000;270233;170.2;23.10;2621;5335.0;2.035;0.2802;0;1469;1152
259;630;1380;20;60;0.50;100000;269913;169.9;24.68;2542;4480.0;1.762;0.2610;0;1327;1215
260;1740;2040;20;90;0.50;100000;269889;169.9;24.51;1785;4610.0;2.583;0.1936;0;691;1094
261;30;1890;20;55;0.50;100000;269704;169.7;24.50;2765;4450.0;1.609;0.2774;0;1534;1231
262;1320;2250;20;90;0.45;100000;269616;169.6;23.74;1612;4930.0;3.058;0.1957;0;631;981
263;1800;2040;20;80;0.50;100000;269592;169.6;20.65;1946;4560.0;2.343;0.2117;0;824;1122
264;1380;2220;20;85;0.50;100000;269459;169.5;23.01;1672;4520.0;2.703;0.2033;0;680;992
265;600;1500;20;70;0.50;100000;269220;169.2;22.41;2256;4530.0;2.008;0.2334;0;1053;1203
266;1800;1980;20;85;0.50;100000;268871;168.9;24.92;1930;4595.0;2.381;0.2018;0;779;1151
267;600;1530;20;75;0.50;100000;268685;168.7;22.29;2126;4545.0;2.138;0.2218;0;943;1183
268;1710;1830;20;60;0.45;100000;268297;168.3;22.92;2521;4840.0;1.920;0.2620;0;1321;1200
269;1530;1650;25;75;0.50;100000;268285;168.3;19.42;2063;5450.0;2.642;0.2632;0;1086;977
270;600;2820;20;75;0.50;100000;268162;168.2;24.44;1645;4405.0;2.678;0.2246;0;739;906
271;60;8640;20;95;0.45;100000;268018;168.0;23.15;1057;4755.0;4.499;0.1935;0;409;648
272;510;1620;20;55;0.50;100000;268014;168.0;16.70;2480;4375.0;1.764;0.2784;0;1381;1099
273;630;1440;20;75;0.50;100000;267842;167.8;20.22;2190;4550.0;2.078;0.2215;0;970;1220
274;120;3840;20;90;0.50;100000;267771;167.8;21.39;1475;4470.0;3.031;0.1956;0;577;898
275;1740;2070;20;75;0.50;100000;267756;167.8;22.08;1940;4480.0;2.309;0.2227;0;864;1076
276;1770;1950;25;60;0.50;100000;267740;167.7;22.56;2189;5300.0;2.421;0.3084;0;1350;839
277;1680;2130;20;85;0.50;100000;267686;167.7;23.59;1769;4525.0;2.558;0.2027;0;717;1052
278;90;2100;20;45;0.45;100000;267572;167.6;23.24;2782;4680.0;1.682;0.3206;0;1784;998
279;630;1320;25;55;0.50;100000;267451;167.5;16.69;2539;5290.0;2.083;0.3255;0;1653;886
280;630;1320;20;55;0.35;100000;266929;166.9;22.79;2752;5945.0;2.160;0.2811;0;1547;1205
281;60;1860;20;60;0.50;100000;266894;166.9;24.56;2567;4440.0;1.730;0.2608;0;1339;1228
282;1740;2070;25;65;0.50;100000;266825;166.8;16.35;1939;5290.0;2.728;0.2929;0;1136;803
283;1680;2040;20;80;0.50;100000;266802;166.8;23.30;1885;4500.0;2.387;0.2119;0;799;1086
284;570;1470;20;55;0.50;100000;266785;166.8;23.60;2585;4375.0;1.692;0.2779;0;1437;1148
285;1740;2070;30;65;0.50;100000;266616;166.6;11.62;1819;6190.0;3.403;0.3337;0;1214;605
286;1320;1890;20;95;0.50;100000;266531;166.5;22.64;1714;4580.0;2.672;0.1855;0;636;1078
287;2190;2400;20;55;0.50;100000;266524;166.5;18.12;2236;4310.0;1.928;0.2795;0;1250;986
288;810;1290;20;50;0.50;100000;266403;166.4;16.77;2903;4350.0;1.498;0.2964;0;1721;1182
289;540;1320;25;50;0.50;100000;266369;166.4;20.84;2708;5225.0;1.929;0.3462;0;1875;833
290;1680;2190;20;80;0.50;100000;266315;166.3;24.51;1776;4460.0;2.511;0.2126;0;755;1021
291;480;1650;20;50;0.50;100000;266261;166.3;19.49;2584;4300.0;1.664;0.2976;0;1538;1046
292;1470;1740;20;50;0.50;100000;265841;165.8;23.61;2626;4300.0;1.637;0.2974;0;1562;1064
293;1620;2160;25;95;0.50;100000;265653;165.7;23.89;1502;5420.0;3.609;0.2234;0;671;831
294;1410;2220;25;90;0.40;100000;265441;165.4;24.31;1487;6495.0;4.368;0.2364;0;703;784
295;1740;2010;20;80;0.50;100000;265211;165.2;23.65;1965;4500.0;2.290;0.2115;0;831;1134
296;1740;2190;20;65;0.50;100000;265093;165.1;21.61;2014;4355.0;2.162;0.2480;0;999;1015
297;1740;2070;25;60;0.50;100000;265013;165.0;14.34;2024;5220.0;2.579;0.3093;0;1252;772
298;1560;1770;20;45;0.50;100000;264772;164.8;19.39;2819;4240.0;1.504;0.3193;0;1800;1019
299;1710;2010;20;85;0.40;100000;264649;164.6;23.56;1874;5365.0;2.863;0.2041;0;765;1109
300;1470;2370;20;85;0.50;100000;264495;164.5;24.69;1640;4435.0;2.704;0.2034;0;667;973
301;1170;1890;20;95;0.50;100000;264432;164.4;21.14;1692;4540.0;2.683;0.1856;0;628;1064
302;1590;2160;25;90;0.50;100000;264395;164.4;23.50;1544;5370.0;3.478;0.2325;0;718;826
303;90;1620;20;75;0.40;100000;264137;164.1;23.13;2371;5385.0;2.271;0.2225;0;1055;1316
304;1350;2280;20;65;0.45;100000;264080;164.1;24.94;1861;4695.0;2.523;0.2501;0;931;930
305;1560;2130;20;75;0.45;100000;263891;163.9;23.76;1840;4775.0;2.595;0.2242;0;825;1015
306;1380;2370;20;90;0.45;100000;263660;163.7;23.04;1579;4820.0;3.053;0.1957;0;618;961
307;1710;2010;25;90;0.50;100000;263565;163.6;20.38;1654;5390.0;3.259;0.2316;0;766;888
308;1680;2070;20;85;0.45;100000;263432;163.4;24.40;1790;4840.0;2.704;0.2034;0;728;1062
309;630;1320;25;95;0.45;100000;263425;163.4;24.35;1777;5950.0;3.348;0.2223;0;790;987
310;120;1890;20;45;0.50;100000;262913;162.9;17.45;2844;4215.0;1.482;0.3191;0;1815;1029
311;1710;2010;25;85;0.50;100000;262905;162.9;24.60;1708;5350.0;3.132;0.2415;0;825;883
312;1200;2340;25;90;0.50;100000;262564;162.6;18.39;1451;5305.0;3.656;0.2333;0;677;774
313;1350;2160;25;90;0.50;100000;262543;162.5;18.31;1483;5315.0;3.584;0.2330;0;691;792
314;1890;2130;30;65;0.50;100000;262408;162.4;13.75;1849;6100.0;3.299;0.3332;0;1232;617
315;1500;2190;20;75;0.45;100000;262345;162.3;24.79;1784;4735.0;2.654;0.2245;0;801;983
316;270;1560;20;55;0.50;100000;262196;162.2;17.77;2667;4320.0;1.620;0.2775;0;1480;1187
317;600;1320;25;55;0.50;100000;262129;162.1;16.37;2541;5190.0;2.043;0.3253;0;1653;888
318;1200;2250;20;60;0.50;100000;262015;162.0;24.81;1936;4240.0;2.190;0.2637;0;1021;915
319;30;1860;20;55;0.45;100000;261938;161.9;23.20;2779;4715.0;1.697;0.2780;0;1545;1234
320;1650;2130;20;85;0.50;100000;261862;161.9;22.40;1779;4440.0;2.496;0.2024;0;720;1059
321;630;1470;20;75;0.50;100000;261707;161.7;22.51;2164;4450.0;2.056;0.2213;0;958;1206
322;1650;1980;30;95;0.50;100000;261704;161.7;22.16;1448;6245.0;4.313;0.2573;0;745;703
323;1650;2070;20;90;0.50;100000;261436;161.4;18.18;1750;4470.0;2.554;0.1934;0;677;1073
324;600;1530;20;65;0.50;100000;261119;161.1;24.95;2305;4360.0;1.892;0.2464;0;1136;1169
325;120;1950;20;45;0.50;100000;261076;161.1;20.14;2788;4180.0;1.499;0.3192;0;1780;1008
326;1890;2130;30;70;0.50;100000;261062;161.1;12.13;1760;6100.0;3.466;0.3173;0;1117;643
327;1770;1980;20;90;0.50;100000;261059;161.1;23.68;1881;4510.0;2.398;0.1927;0;725;1156
328;810;1290;20;60;0.50;100000;260956;161.0;21.50;2617;4360.0;1.666;0.2604;0;1363;1254
329;1350;2280;20;70;0.45;100000;260952;161.0;23.65;1789;4670.0;2.610;0.2367;0;847;942
330;1710;2040;20;90;0.50;100000;260904;160.9;24.92;1802;4480.0;2.486;0.1931;0;696;1106
331;1320;2640;20;80;0.50;100000;260739;160.7;21.77;1592;4320.0;2.714;0.2136;0;680;912
332;630;1140;20;60;0.40;100000;260632;160.6;24.26;2815;5240.0;1.861;0.2616;0;1473;1342
333;1740;1950;25;60;0.50;100000;260528;160.5;18.18;2168;5160.0;2.380;0.3081;0;1336;832
334;1560;1710;25;65;0.50;100000;260489;160.5;20.46;2239;5230.0;2.336;0.2908;0;1302;937
335;420;1500;20;55;0.40;100000;260419;160.4;23.17;2620;5150.0;1.966;0.2798;0;1466;1154
336;2340;3120;20;90;0.50;100000;260130;160.1;24.50;1407;4330.0;3.077;0.1958;0;551;856
337;810;1230;25;55;0.50;100000;260127;160.1;16.83;2596;5160.0;1.988;0.3249;0;1687;909
338;960;990;25;40;0.50;100000;259655;159.7;22.03;4273;5075.0;1.188;0.3938;0;3365;908
339;2190;2370;20;95;0.45;100000;259599;159.6;23.38;1702;4830.0;2.838;0.1863;0;634;1068
340;660;1320;20;100;0.30;100000;259413;159.4;24.43;1944;6840.0;3.519;0.1813;0;705;1239
341;690;1290;20;45;0.50;100000;259371;159.4;15.50;3077;4190.0;1.362;0.3182;0;1958;1119
342;480;1650;20;55;0.50;100000;258836;158.8;16.51;2476;4235.0;1.710;0.2781;0;1377;1099
343;1410;2160;20;60;0.50;100000;258773;158.8;22.59;1985;4200.0;2.116;0.2632;0;1045;940
344;600;1500;20;100;0.40;100000;258686;158.7;24.50;1843;5360.0;2.908;0.1788;0;659;1184
345;1710;1950;25;60;0.50;100000;258658;158.7;17.28;2145;5120.0;2.387;0.3082;0;1322;823
346;1500;2160;20;90;0.45;100000;258598;158.6;24.03;1663;4760.0;2.862;0.1948;0;648;1015
347;780;1230;25;60;0.50;100000;258541;158.5;16.37;2472;5175.0;2.093;0.3064;0;1515;957
348;30;1890;20;50;0.50;100000;258423;158.4;24.97;2913;4230.0;1.452;0.2961;0;1725;1188
349;90;2130;20;40;0.50;100000;258326;158.3;21.11;2931;4080.0;1.392;0.3449;0;2022;909
350;510;1590;20;80;0.50;100000;258287;158.3;23.90;2052;4420.0;2.154;0.2108;0;865;1187
351;720;1320;20;70;0.50;100000;258274;158.3;19.92;2401;4400.0;1.833;0.2324;0;1116;1285
352;1320;1890;20;100;0.50;100000;258209;158.2;23.24;1670;4480.0;2.683;0.1778;0;594;1076
353;2400;2460;20;50;0.50;100000;258149;158.1;22.90;2608;4180.0;1.603;0.2972;0;1550;1058
354;180;1920;30;70;0.50;100000;258020;158.0;17.33;1811;6040.0;3.335;0.3167;0;1147;664
355;1200;2250;25;60;0.50;100000;257980;158.0;21.68;1820;5050.0;2.775;0.3104;0;1130;690
356;360;1740;20;50;0.50;100000;257959;158.0;21.95;2561;4170.0;1.628;0.2973;0;1523;1038
357;1320;2370;20;70;0.50;100000;257867;157.9;23.29;1746;4230.0;2.423;0.2357;0;823;923
358;1500;2220;20;75;0.50;100000;257835;157.8;23.69;1781;4285.0;2.406;0.2232;0;795;986
359;1410;2160;20;70;0.50;100000;257820;157.8;24.87;1869;4260.0;2.279;0.2349;0;878;991
360;1860;2040;25;85;0.50;100000;257818;157.8;18.71;1734;5260.0;3.033;0.2411;0;836;898
361;2190;2370;20;60;0.45;100000;257780;157.8;23.45;2175;4600.0;2.115;0.2632;0;1145;1030
362;1470;2370;20;80;0.50;100000;257741;157.7;23.01;1680;4300.0;2.560;0.2128;0;715;965
363;540;1440;20;50;0.50;100000;257716;157.7;18.07;2786;4200.0;1.508;0.2965;0;1652;1134
364;120;3360;20;100;0.50;100000;257714;157.7;20.38;1489;4400.0;2.955;0.1790;0;533;956
365;2190;2400;20;65;0.50;100000;257606;157.6;22.45;2057;4250.0;2.066;0.2474;0;1018;1039
366;720;1800;20;95;0.50;100000;257508;157.5;23.90;1763;4460.0;2.530;0.1849;0;652;1111
367;510;1620;20;80;0.45;100000;257441;157.4;24.63;2031;4760.0;2.344;0.2117;0;860;1171
368;1710;2010;20;100;0.50;100000;257134;157.1;19.72;1712;4480.0;2.617;0.1776;0;608;1104
369;1680;2130;25;100;0.50;100000;256801;156.8;23.87;1462;5275.0;3.608;0.2144;0;627;835
370;1650;1980;25;90;0.50;100000;256481;156.5;20.71;1643;5250.0;3.195;0.2313;0;760;883
371;1560;1710;25;85;0.50;100000;256437;156.4;21.44;1857;5270.0;2.838;0.2402;0;892;965
372;1410;2190;25;100;0.50;100000;256422;156.4;21.89;1415;5250.0;3.710;0.2148;0;608;807
373;570;1380;30;55;0.50;100000;256346;156.3;15.29;2345;5925.0;2.527;0.3678;0;1725;620
374;90;2130;20;45;0.50;100000;256345;156.3;23.24;2772;4105.0;1.481;0.3191;0;1769;1003
375;510;1590;20;55;0.50;100000;256254;156.3;24.18;2505;4200.0;1.677;0.2778;0;1392;1113
376;1500;2370;20;70;0.50;100000;256247;156.2;22.22;1807;4220.0;2.335;0.2352;0;850;957
377;1290;2490;20;95;0.50;100000;256213;156.2;24.13;1510;4345.0;2.877;0.1864;0;563;947
378;1710;2100;20;90;0.50;100000;256019;156.0;23.27;1733;4380.0;2.527;0.1933;0;670;1063
379;1590;1740;25;60;0.50;100000;255755;155.8;14.61;2324;5095.0;2.192;0.3070;0;1427;897
380;60;120;25;20;0.50;100000;255698;155.7;12.46;12176;4955.0;0.407;0.5601;1466;10707;3
381;630;1290;25;55;0.50;100000;255685;155.7;17.62;2569;5070.0;1.974;0.3248;0;1669;900
382;2190;2340;20;60;0.50;100000;255584;155.6;23.79;2233;4200.0;1.881;0.2618;0;1169;1064
383;1650;2130;20;90;0.50;100000;255560;155.6;23.66;1725;4370.0;2.533;0.1933;0;667;1058
384;1500;2430;20;80;0.50;100000;255545;155.5;22.23;1661;4260.0;2.565;0.2128;0;707;954
385;630;1380;20;50;0.50;100000;255529;155.5;22.68;2813;4170.0;1.482;0.2963;0;1667;1146
386;60;10560;20;70;0.50;100000;255492;155.5;19.56;1094;4030.0;3.684;0.2427;0;531;563
387;1770;2700;20;75;0.50;100000;255352;155.4;19.17;1631;4205.0;2.578;0.2241;0;731;900
388;1470;2190;20;85;0.45;100000;255341;155.3;24.21;1684;4670.0;2.773;0.2037;0;686;998
389;1500;1710;25;70;0.50;100000;255336;155.3;20.04;2046;5145.0;2.515;0.2764;0;1131;915
390;1770;1980;20;80;0.45;100000;255278;155.3;23.73;2022;4720.0;2.334;0.2117;0;856;1166
391;750;1260;20;60;0.50;100000;255200;155.2;22.87;2663;4280.0;1.607;0.2600;0;1385;1278
392;1320;2370;20;100;0.50;100000;255137;155.1;22.52;1490;4360.0;2.926;0.1789;0;533;957
393;90;1620;20;60;0.40;100000;255112;155.1;24.90;2734;5120.0;1.873;0.2617;0;1431;1303
394;1350;2280;20;85;0.50;100000;255086;155.1;20.63;1641;4290.0;2.614;0.2029;0;666;975
395;1380;1860;20;60;0.45;100000;255005;155.0;23.40;2220;4560.0;2.054;0.2628;0;1167;1053
396;120;3360;20;70;0.50;100000;254859;154.9;17.65;1774;4190.0;2.362;0.2353;0;835;939
397;810;1230;30;60;0.50;100000;254646;154.6;18.10;2304;5940.0;2.578;0.3477;0;1602;702
398;1650;1980;30;90;0.50;100000;254640;154.6;20.48;1507;6060.0;4.021;0.2668;0;804;703
399;1710;1830;20;65;0.45;100000;254576;154.6;24.04;2419;4645.0;1.920;0.2466;0;1193;1226
400;120;3360;20;90;0.50;100000;254555;154.6;23.65;1570;4300.0;2.739;0.1943;0;610;960
401;1590;2250;20;75;0.50;100000;254533;154.5;22.00;1787;4235.0;2.370;0.2230;0;797;990
402;90;2100;20;40;0.50;100000;254375;154.4;23.73;2946;4020.0;1.365;0.3447;0;2031;915
403;1650;2190;25;90;0.50;100000;254356;154.4;24.28;1525;5170.0;3.390;0.2321;0;708;817
404;240;1500;20;55;0.50;100000;254261;154.3;22.54;2769;4215.0;1.522;0.2768;0;1533;1236
405;1500;2430;20;70;0.50;100000;254112;154.1;23.32;1781;4180.0;2.347;0.2353;0;838;943
406;1620;1800;20;80;0.45;100000;254044;154.0;23.47;2102;4720.0;2.245;0.2112;0;888;1214
407;1680;2040;20;75;0.50;100000;253911;153.9;23.86;1950;4270.0;2.190;0.2221;0;866;1084
408;660;1380;20;55;0.50;100000;253895;153.9;21.45;2659;4190.0;1.576;0.2772;0;1474;1185
409;180;1920;30;65;0.50;100000;253788;153.8;14.54;1906;5910.0;3.101;0.3321;0;1266;640
410;150;2760;20;70;0.40;100000;253775;153.8;22.54;1946;5050.0;2.595;0.2366;0;921;1025
411;1320;2280;20;80;0.50;100000;253742;153.7;21.97;1689;4240.0;2.510;0.2126;0;718;971
412;390;1680;20;45;0.45;100000;253695;153.7;23.75;2749;4440.0;1.615;0.3201;0;1760;989
413;1590;2340;20;85;0.50;100000;253641;153.6;21.94;1665;4275.0;2.568;0.2027;0;675;990
414;2490;2520;20;40;0.50;100000;253610;153.6;20.33;3066;4020.0;1.311;0.3443;0;2111;955
415;360;1440;20;55;0.50;100000;253575;153.6;24.59;2745;4200.0;1.530;0.2769;0;1520;1225
416;270;1500;20;50;0.50;100000;253547;153.5;23.35;2887;4150.0;1.437;0.2960;0;1709;1178
417;150;2760;20;40;0.50;100000;253328;153.3;17.20;2511;3960.0;1.577;0.3465;0;1740;771
418;1350;2160;25;95;0.50;100000;253312;153.3;17.69;1440;5160.0;3.583;0.2233;0;643;797
419;480;1590;20;40;0.50;100000;253300;153.3;24.57;2915;4000.0;1.372;0.3448;0;2010;905
420;1770;1860;20;70;0.50;100000;253245;153.2;23.54;2356;4310.0;1.829;0.2324;0;1095;1261
421;1440;1620;20;90;0.50;100000;253151;153.2;23.56;2034;4440.0;2.183;0.1917;0;780;1254
422;600;1440;20;45;0.45;100000;253094;153.1;24.34;2887;4445.0;1.540;0.3195;0;1845;1042
423;1770;2070;25;85;0.50;100000;253046;153.0;16.40;1679;5150.0;3.067;0.2412;0;810;869
424;870;1110;25;55;0.50;100000;252937;152.9;15.00;2795;5050.0;1.807;0.3238;0;1810;985
425;690;1380;20;55;0.50;100000;252878;152.9;18.07;2665;4175.0;1.567;0.2771;0;1477;1188
426;660;1440;20;50;0.50;100000;252853;152.9;19.40;2760;4120.0;1.493;0.2964;0;1636;1124
427;180;1890;20;45;0.50;100000;252814;152.8;17.36;2775;4050.0;1.459;0.3189;0;1770;1005
428;150;3840;20;90;0.50;100000;252796;152.8;24.85;1478;4240.0;2.869;0.1949;0;576;902
429;120;1920;20;75;0.50;100000;252767;152.8;23.41;2125;4300.0;2.024;0.2212;0;940;1185
430;1680;2220;20;55;0.50;100000;252753;152.8;21.61;2105;4075.0;1.936;0.2796;0;1177;928
431;480;1650;20;90;0.45;100000;252747;152.7;24.99;1892;4730.0;2.500;0.1932;0;731;1161
432;360;1380;35;65;0.50;100000;252726;152.7;11.84;2056;6780.0;3.298;0.3665;0;1507;549
433;720;1320;20;65;0.50;100000;252717;152.7;20.68;2509;4275.0;1.704;0.2453;0;1231;1278
434;90;2010;20;60;0.45;100000;252682;152.7;23.70;2446;4560.0;1.864;0.2617;0;1280;1166
435;90;2280;20;35;0.50;100000;252415;152.4;14.90;3037;3920.0;1.291;0.3754;0;2280;757
436;1650;2070;25;95;0.50;100000;252210;152.2;18.67;1531;5170.0;3.377;0.2224;0;681;850
437;150;270;30;20;0.50;100000;252121;152.1;12.13;7713;5820.0;0.755;0.6075;1661;6050;2
438;630;1470;20;50;0.50;100000;252082;152.1;23.49;2708;4100.0;1.514;0.2965;0;1606;1102
439;1530;2160;20;85;0.50;100000;251776;151.8;23.83;1710;4260.0;2.491;0.2023;0;692;1018
440;1440;1890;20;95;0.50;100000;251771;151.8;24.75;1751;4365.0;2.493;0.1848;0;647;1104
441;1620;2190;20;90;0.40;100000;251725;151.7;24.81;1682;5100.0;3.032;0.1956;0;658;1024
442;1770;1980;25;90;0.50;100000;251693;151.7;23.58;1718;5180.0;3.015;0.2305;0;792;926
443;60;10560;20;60;0.50;100000;251489;151.5;17.28;1156;3920.0;3.391;0.2712;0;627;529
444;660;1290;20;90;0.35;100000;251486;151.5;24.05;2110;5800.0;2.749;0.1943;0;820;1290
445;630;1260;20;60;0.40;100000;251480;151.5;23.44;2682;5040.0;1.879;0.2617;0;1404;1278
446;30;1980;20;60;0.45;100000;251477;151.5;24.48;2564;4560.0;1.778;0.2611;0;1339;1225
447;150;1950;20;45;0.50;100000;251346;151.3;23.98;2761;4025.0;1.458;0.3189;0;1761;1000
448;210;1380;35;60;0.50;100000;251262;151.3;22.26;2210;6705.0;3.034;0.3844;0;1699;511
449;1350;2370;20;95;0.50;100000;251185;151.2;21.61;1549;4280.0;2.763;0.1859;0;576;973
450;660;1440;20;45;0.50;100000;251181;151.2;19.88;2902;4040.0;1.392;0.3184;0;1848;1054
451;1320;2280;20;85;0.50;100000;251056;151.1;21.91;1653;4230.0;2.559;0.2027;0;670;983
452;180;1980;20;50;0.50;100000;251009;151.0;22.03;2555;4060.0;1.589;0.2971;0;1518;1037
453;600;2760;20;95;0.35;100000;250878;150.9;24.72;1480;5660.0;3.824;0.1905;0;564;916
454;1320;2730;20;70;0.50;100000;250739;150.7;23.86;1675;4100.0;2.448;0.2358;0;790;885
455;1680;1830;20;55;0.45;100000;250728;150.7;23.62;2584;4490.0;1.738;0.2783;0;1438;1146
456;1650;2010;25;85;0.50;100000;250681;150.7;19.66;1669;5100.0;3.056;0.2412;0;805;864
457;1320;2700;20;90;0.45;100000;250678;150.7;23.51;1500;4570.0;3.047;0.1957;0;587;913
458;1470;1770;25;100;0.50;100000;250652;150.7;22.93;1586;5200.0;3.279;0.2131;0;676;910
459;480;1500;20;50;0.45;100000;250613;150.6;24.25;2750;4450.0;1.618;0.2973;0;1635;1115
460;2160;2400;20;95;0.40;100000;250583;150.6;22.64;1672;5110.0;3.056;0.1872;0;626;1046
461;1500;2190;20;65;0.45;100000;250525;150.5;23.70;1907;4470.0;2.344;0.2491;0;950;957
462;180;9600;20;75;0.50;100000;250453;150.5;19.00;1022;3960.0;3.875;0.2309;0;472;550
463;720;1200;20;70;0.45;100000;250124;150.1;22.82;2494;4640.0;1.860;0.2326;0;1160;1334
464;30;1860;20;45;0.50;100000;250105;150.1;23.91;3079;4045.0;1.314;0.3178;0;1957;1122
465;420;2220;20;70;0.50;100000;250053;150.1;20.35;1919;4150.0;2.163;0.2342;0;899;1020
466;1320;2370;20;60;0.50;100000;250022;150.0;24.11;1873;4040.0;2.157;0.2635;0;987;886
467;1290;2310;20;85;0.50;100000;250010;150.0;23.31;1643;4210.0;2.562;0.2027;0;666;977
468;2190;2400;20;90;0.45;100000;249895;149.9;22.72;1735;4630.0;2.669;0.1939;0;673;1062
469;1740;2070;20;70;0.50;100000;249835;149.8;24.07;2013;4170.0;2.072;0.2337;0;941;1072
470;780;1230;25;55;0.50;100000;249757;149.8;22.91;2616;4960.0;1.896;0.3244;0;1697;919
471;1710;2130;20;60;0.50;100000;249735;149.7;21.49;2096;4080.0;1.947;0.2622;0;1099;997
472;810;1230;25;60;0.50;100000;249679;149.7;15.57;2467;5000.0;2.027;0.3060;0;1510;957
473;570;1440;20;55;0.50;100000;249668;149.7;18.06;2614;4115.0;1.574;0.2772;0;1449;1165
474;810;1290;20;65;0.50;100000;249622;149.6;24.06;2506;4225.0;1.686;0.2452;0;1229;1277
475;1350;2280;20;100;0.50;100000;249613;149.6;23.84;1510;4280.0;2.834;0.1785;0;539;971
476;540;1530;20;75;0.50;100000;249530;149.5;22.74;2131;4250.0;1.994;0.2210;0;942;1189
477;1470;2310;20;90;0.40;100000;249318;149.3;23.67;1604;5030.0;3.136;0.1961;0;629;975
478;90;2610;25;70;0.50;100000;249278;149.3;20.63;1846;4980.0;2.698;0.2774;0;1024;822
479;1650;2130;25;90;0.50;100000;249274;149.3;22.85;1559;5080.0;3.258;0.2316;0;722;837
480;420;1530;20;45;0.45;100000;249183;149.2;24.39;2879;4375.0;1.520;0.3194;0;1839;1040
481;1590;2160;20;90;0.40;100000;249172;149.2;22.68;1686;5050.0;2.995;0.1954;0;659;1027
482;180;2010;25;50;0.50;100000;249147;149.1;15.38;2375;4850.0;2.042;0.3469;0;1648;727
483;1320;2280;20;75;0.50;100000;249027;149.0;21.73;1742;4135.0;2.374;0.2230;0;777;965
484;120;1470;30;65;0.50;100000;249026;149.0;15.98;2211;5850.0;2.646;0.3297;0;1458;753
485;1710;2070;25;65;0.50;100000;248967;149.0;17.01;1919;4940.0;2.574;0.2921;0;1121;798
486;1200;2700;20;90;0.50;100000;248656;148.7;23.34;1496;4180.0;2.794;0.1945;0;582;914
487;180;1980;20;40;0.50;100000;248652;148.7;17.33;2854;3920.0;1.374;0.3448;0;1968;886
488;630;1140;30;55;0.50;100000;248534;148.5;16.71;2546;5765.0;2.264;0.3663;0;1865;681
489;630;1260;25;55;0.50;100000;248327;148.3;17.58;2607;4930.0;1.891;0.3243;0;1691;916
490;1650;2250;20;85;0.50;100000;248220;148.2;24.06;1701;4200.0;2.469;0.2022;0;688;1013
491;1740;2130;30;95;0.50;100000;248134;148.1;21.56;1416;5915.0;4.177;0.2567;0;727;689
492;1650;1950;25;60;0.50;100000;248089;148.1;15.31;2078;4900.0;2.358;0.3080;0;1280;798
493;480;1380;25;55;0.50;100000;247915;147.9;18.97;2529;4910.0;1.941;0.3246;0;1642;887
494;1740;2010;25;85;0.50;100000;247822;147.8;24.16;1727;5060.0;2.930;0.2406;0;831;896
495;1680;2070;20;75;0.50;100000;247715;147.7;24.47;1910;4160.0;2.178;0.2220;0;848;1062
496;1650;2130;25;85;0.50;100000;247594;147.6;23.53;1609;5020.0;3.120;0.2415;0;777;832
497;1590;2160;25;85;0.50;100000;247455;147.5;23.49;1585;5010.0;3.161;0.2416;0;766;819
498;210;1590;25;70;0.50;100000;247445;147.4;20.16;2121;5005.0;2.360;0.2756;0;1169;952
499;2220;2400;20;55;0.50;100000;247422;147.4;23.09;2249;4015.0;1.785;0.2786;0;1253;996
500;1650;2220;20;80;0.50;100000;247302;147.3;20.48;1766;4160.0;2.356;0.2118;0;748;1018
