week_start_monday,first_hour_utc,last_hour_utc,total_hours,chain_hours_ge8,share_pct
2011-02-07,2011-02-08 08:00,2011-02-11 21:00,86,8,9.3
2011-02-14,2011-02-13 22:00,2011-02-18 21:00,120,35,29.17
2011-02-21,2011-02-20 22:00,2011-02-25 21:00,120,31,25.83
2011-02-28,2011-02-27 22:00,2011-03-04 21:00,120,26,21.67
2011-03-07,2011-03-06 22:00,2011-03-11 21:00,120,29,24.17
2011-03-14,2011-03-13 22:00,2011-03-18 20:00,119,35,29.41
2011-03-21,2011-03-20 22:00,2011-03-25 20:00,119,0,0.0
2011-03-28,2011-03-27 21:00,2011-04-01 20:00,120,31,25.83
2011-04-04,2011-04-03 21:00,2011-04-08 20:00,120,46,38.33
2011-04-11,2011-04-10 21:00,2011-04-15 20:00,120,66,55.0
2011-04-18,2011-04-17 21:00,2011-04-22 20:00,120,28,23.33
2011-04-25,2011-04-24 21:00,2011-04-29 20:00,120,44,36.67
2011-05-02,2011-05-01 21:00,2011-05-06 20:00,120,16,13.33
2011-05-09,2011-05-08 21:00,2011-05-13 20:00,120,19,15.83
2011-05-16,2011-05-15 21:00,2011-05-20 20:00,120,22,18.33
2011-05-23,2011-05-22 21:00,2011-05-27 20:00,120,26,21.67
2011-05-30,2011-05-29 21:00,2011-06-03 20:00,120,34,28.33
2011-06-06,2011-06-05 21:00,2011-06-10 20:00,120,48,40.0
2011-06-13,2011-06-12 21:00,2011-06-17 20:00,120,20,16.67
2011-06-20,2011-06-19 21:00,2011-06-24 20:00,120,36,30.0
2011-06-27,2011-06-26 21:00,2011-07-01 20:00,120,17,14.17
2011-07-04,2011-07-03 21:00,2011-07-08 20:00,120,31,25.83
2011-07-11,2011-07-10 21:00,2011-07-15 20:00,120,16,13.33
2011-07-18,2011-07-17 21:00,2011-07-22 20:00,120,43,35.83
2011-07-25,2011-07-24 21:00,2011-07-29 20:00,120,35,29.17
2011-08-01,2011-07-31 21:00,2011-08-05 20:00,120,19,15.83
2011-08-08,2011-08-07 21:00,2011-08-12 20:00,120,42,35.0
2011-08-15,2011-08-14 21:00,2011-08-19 20:00,120,48,40.0
2011-08-22,2011-08-21 21:00,2011-08-26 20:00,120,16,13.33
2011-08-29,2011-08-28 21:00,2011-09-02 20:00,120,37,30.83
2011-09-05,2011-09-04 21:00,2011-09-09 20:00,120,21,17.5
2011-09-12,2011-09-11 21:00,2011-09-16 20:00,120,31,25.83
2011-09-19,2011-09-18 21:00,2011-09-23 20:00,120,22,18.33
2011-09-26,2011-09-25 21:00,2011-09-30 20:00,120,0,0.0
2011-10-03,2011-10-02 21:00,2011-10-07 20:00,120,8,6.67
2011-10-10,2011-10-09 21:00,2011-10-14 20:00,120,11,9.17
2011-10-17,2011-10-16 21:00,2011-10-21 20:00,120,22,18.33
2011-10-24,2011-10-23 21:00,2011-10-28 20:00,120,51,42.5
2011-10-31,2011-10-30 22:00,2011-11-04 20:00,119,39,32.77
2011-11-07,2011-11-06 22:00,2011-11-11 21:00,120,30,25.0
2011-11-14,2011-11-13 22:00,2011-11-18 21:00,120,34,28.33
2011-11-21,2011-11-20 22:00,2011-11-25 21:00,120,41,34.17
2011-11-28,2011-11-27 22:00,2011-12-02 21:00,120,40,33.33
2011-12-05,2011-12-04 22:00,2011-12-09 21:00,120,52,43.33
2011-12-12,2011-12-11 22:00,2011-12-16 21:00,120,55,45.83
2011-12-19,2011-12-18 22:00,2011-12-23 21:00,120,30,25.0
2011-12-26,2011-12-26 06:00,2011-12-30 21:00,112,19,16.96
2012-01-02,2012-01-02 06:00,2012-01-06 21:00,112,41,36.61
2012-01-09,2012-01-08 22:00,2012-01-13 21:00,120,27,22.5
2012-01-16,2012-01-15 22:00,2012-01-20 21:00,120,66,55.0
2012-01-23,2012-01-22 22:00,2012-01-27 21:00,120,35,29.17
2012-01-30,2012-01-29 22:00,2012-02-03 21:00,120,10,8.33
2012-02-06,2012-02-05 22:00,2012-02-10 21:00,120,49,40.83
2012-02-13,2012-02-12 22:00,2012-02-17 21:00,120,43,35.83
2012-02-20,2012-02-19 22:00,2012-02-24 21:00,120,43,35.83
2012-02-27,2012-02-26 22:00,2012-03-02 21:00,120,20,16.67
2012-03-05,2012-03-04 22:00,2012-03-09 21:00,120,62,51.67
2012-03-12,2012-03-11 22:00,2012-03-16 20:00,119,16,13.45
2012-03-19,2012-03-18 22:00,2012-03-23 20:00,119,62,52.1
2012-03-26,2012-03-25 21:00,2012-03-30 20:00,120,61,50.83
2012-04-02,2012-04-01 21:00,2012-04-06 20:00,120,40,33.33
2012-04-09,2012-04-08 21:00,2012-04-13 20:00,120,25,20.83
2012-04-16,2012-04-15 21:00,2012-04-20 20:00,120,44,36.67
2012-04-23,2012-04-22 21:00,2012-04-27 20:00,120,55,45.83
2012-04-30,2012-04-29 21:00,2012-05-04 20:00,120,26,21.67
2012-05-07,2012-05-06 21:00,2012-05-11 20:00,120,28,23.33
2012-05-14,2012-05-13 21:00,2012-05-18 20:00,120,0,0.0
2012-05-21,2012-05-20 21:00,2012-05-25 20:00,120,35,29.17
2012-05-28,2012-05-27 21:00,2012-06-01 20:00,120,18,15.0
2012-06-04,2012-06-03 21:00,2012-06-08 20:00,120,35,29.17
2012-06-11,2012-06-10 21:00,2012-06-15 20:00,120,0,0.0
2012-06-18,2012-06-17 21:00,2012-06-22 20:00,120,38,31.67
2012-06-25,2012-06-24 21:00,2012-06-29 20:00,120,39,32.5
2012-07-02,2012-07-01 21:00,2012-07-06 20:00,120,64,53.33
2012-07-09,2012-07-08 21:00,2012-07-13 20:00,120,27,22.5
2012-07-16,2012-07-15 21:00,2012-07-20 20:00,120,17,14.17
2012-07-23,2012-07-22 21:00,2012-07-27 20:00,120,8,6.67
2012-07-30,2012-07-29 21:00,2012-08-03 20:00,120,37,30.83
2012-08-06,2012-08-05 21:00,2012-08-10 20:00,120,8,6.67
2012-08-13,2012-08-12 21:00,2012-08-17 20:00,120,27,22.5
2012-08-20,2012-08-19 21:00,2012-08-24 20:00,120,17,14.17
2012-08-27,2012-08-26 21:00,2012-08-31 20:00,120,50,41.67
2012-09-03,2012-09-02 21:00,2012-09-07 20:00,120,37,30.83
2012-09-10,2012-09-09 21:00,2012-09-14 20:00,120,24,20.0
2012-09-17,2012-09-16 21:00,2012-09-21 20:00,120,16,13.33
2012-09-24,2012-09-23 21:00,2012-09-28 20:00,120,26,21.67
2012-10-01,2012-09-30 21:00,2012-10-05 20:00,120,31,25.83
2012-10-08,2012-10-07 21:00,2012-10-12 20:00,120,25,20.83
2012-10-15,2012-10-14 21:00,2012-10-19 20:00,120,34,28.33
2012-10-22,2012-10-21 21:00,2012-10-26 20:00,120,17,14.17
2012-10-29,2012-10-28 22:00,2012-11-02 20:00,119,30,25.21
2012-11-05,2012-11-04 22:00,2012-11-09 21:00,120,29,24.17
2012-11-12,2012-11-11 22:00,2012-11-16 21:00,120,20,16.67
2012-11-19,2012-11-18 22:00,2012-11-23 21:00,120,18,15.0
2012-11-26,2012-11-25 22:00,2012-11-30 21:00,120,47,39.17
2012-12-03,2012-12-02 22:00,2012-12-07 21:00,120,18,15.0
2012-12-10,2012-12-09 22:00,2012-12-14 21:00,120,19,15.83
2012-12-17,2012-12-16 22:00,2012-12-21 21:00,120,51,42.5
2012-12-24,2012-12-23 22:00,2012-12-28 21:00,96,38,39.58
2012-12-31,2012-12-30 22:00,2013-01-04 21:00,96,18,18.75
2013-01-07,2013-01-06 22:00,2013-01-11 21:00,120,39,32.5
2013-01-14,2013-01-13 22:00,2013-01-18 21:00,120,27,22.5
2013-01-21,2013-01-20 22:00,2013-01-25 21:00,120,49,40.83
2013-01-28,2013-01-27 22:00,2013-02-01 21:00,120,40,33.33
2013-02-04,2013-02-03 22:00,2013-02-08 21:00,120,41,34.17
2013-02-11,2013-02-10 22:00,2013-02-15 21:00,120,67,55.83
2013-02-18,2013-02-17 22:00,2013-02-22 21:00,120,23,19.17
2013-02-25,2013-02-24 22:00,2013-03-01 21:00,120,25,20.83
2013-03-04,2013-03-03 22:00,2013-03-08 21:00,120,17,14.17
2013-03-11,2013-03-10 22:00,2013-03-15 21:00,120,33,27.5
2013-03-18,2013-03-17 22:00,2013-03-22 21:00,120,22,18.33
2013-03-25,2013-03-24 22:00,2013-03-29 20:00,119,55,46.22
2013-04-01,2013-03-31 21:00,2013-04-05 20:00,120,31,25.83
2013-04-08,2013-04-07 21:00,2013-04-12 20:00,120,8,6.67
2013-04-15,2013-04-14 21:00,2013-04-19 20:00,120,26,21.67
2013-04-22,2013-04-21 21:00,2013-04-26 20:00,120,16,13.33
2013-04-29,2013-04-28 21:00,2013-05-03 20:00,120,38,31.67
2013-05-06,2013-05-05 21:00,2013-05-10 20:00,120,42,35.0
2013-05-13,2013-05-12 21:00,2013-05-17 20:00,120,52,43.33
2013-05-20,2013-05-19 21:00,2013-05-24 20:00,120,8,6.67
2013-05-27,2013-05-26 21:00,2013-05-31 20:00,120,43,35.83
2013-06-03,2013-06-02 21:00,2013-06-07 20:00,120,33,27.5
2013-06-10,2013-06-09 21:00,2013-06-14 20:00,120,35,29.17
2013-06-17,2013-06-16 21:00,2013-06-21 20:00,120,33,27.5
2013-06-24,2013-06-23 21:00,2013-06-28 20:00,120,25,20.83
2013-07-01,2013-06-30 21:00,2013-07-05 20:00,120,34,28.33
2013-07-08,2013-07-07 21:00,2013-07-12 20:00,120,28,23.33
2013-07-15,2013-07-14 21:00,2013-07-19 20:00,120,9,7.5
2013-07-22,2013-07-21 21:00,2013-07-26 20:00,120,20,16.67
2013-07-29,2013-07-28 21:00,2013-08-02 20:00,120,43,35.83
2013-08-05,2013-08-04 21:00,2013-08-09 20:00,120,32,26.67
2013-08-12,2013-08-11 21:00,2013-08-16 20:00,120,54,45.0
2013-08-19,2013-08-18 21:00,2013-08-23 20:00,120,45,37.5
2013-08-26,2013-08-25 21:00,2013-08-30 20:00,120,14,11.67
2013-09-02,2013-09-01 21:00,2013-09-06 20:00,120,51,42.5
2013-09-09,2013-09-08 21:00,2013-09-13 20:00,120,19,15.83
2013-09-16,2013-09-15 21:00,2013-09-20 20:00,120,51,42.5
2013-09-23,2013-09-22 21:00,2013-09-27 20:00,120,20,16.67
2013-09-30,2013-09-29 21:00,2013-10-04 20:00,120,39,32.5
2013-10-07,2013-10-06 21:00,2013-10-11 21:00,121,25,20.66
2013-10-14,2013-10-13 21:00,2013-10-18 20:00,120,8,6.67
2013-10-21,2013-10-20 21:00,2013-10-25 20:00,120,10,8.33
2013-10-28,2013-10-27 22:00,2013-11-01 20:00,119,35,29.41
2013-11-04,2013-11-03 22:00,2013-11-08 21:00,120,30,25.0
2013-11-11,2013-11-10 22:00,2013-11-15 21:00,120,23,19.17
2013-11-18,2013-11-17 22:00,2013-11-22 21:00,120,30,25.0
2013-11-25,2013-11-24 22:00,2013-11-29 21:00,120,42,35.0
2013-12-02,2013-12-01 22:00,2013-12-06 21:00,120,42,35.0
2013-12-09,2013-12-08 22:00,2013-12-13 21:00,120,41,34.17
2013-12-16,2013-12-15 22:00,2013-12-20 21:00,120,18,15.0
2013-12-23,2013-12-22 22:00,2013-12-27 21:00,86,0,0.0
2013-12-30,2013-12-29 22:00,2014-01-03 21:00,93,28,30.11
2014-01-06,2014-01-05 22:00,2014-01-10 21:00,120,20,16.67
2014-01-13,2014-01-12 22:00,2014-01-17 21:00,120,8,6.67
2014-01-20,2014-01-19 22:00,2014-01-24 21:00,120,32,26.67
2014-01-27,2014-01-26 22:00,2014-01-31 21:00,120,50,41.67
2014-02-03,2014-02-02 22:00,2014-02-07 21:00,120,52,43.33
2014-02-10,2014-02-09 22:00,2014-02-14 21:00,120,63,52.5
2014-02-17,2014-02-16 22:00,2014-02-21 21:00,120,43,35.83
2014-02-24,2014-02-23 22:00,2014-02-28 21:00,120,46,38.33
2014-03-03,2014-03-02 22:00,2014-03-07 21:00,120,36,30.0
2014-03-10,2014-03-09 22:00,2014-03-14 20:00,119,31,26.05
2014-03-17,2014-03-16 22:00,2014-03-21 20:00,119,28,23.53
2014-03-24,2014-03-23 22:00,2014-03-28 20:00,119,44,36.97
2014-03-31,2014-03-30 21:00,2014-04-04 20:00,120,68,56.67
2014-04-07,2014-04-06 21:00,2014-04-11 20:00,120,60,50.0
2014-04-14,2014-04-13 21:00,2014-04-18 20:00,120,54,45.0
2014-04-21,2014-04-20 21:00,2014-04-25 20:00,120,33,27.5
2014-04-28,2014-04-27 21:00,2014-05-02 21:00,121,48,39.67
2014-05-05,2014-05-04 21:00,2014-05-09 20:00,120,8,6.67
2014-05-12,2014-05-11 21:00,2014-05-16 21:00,121,55,45.45
2014-05-19,2014-05-18 21:00,2014-05-23 20:00,120,28,23.33
2014-05-26,2014-05-25 21:00,2014-05-30 20:00,120,27,22.5
2014-06-02,2014-06-01 21:00,2014-06-06 20:00,120,38,31.67
2014-06-09,2014-06-08 21:00,2014-06-13 20:00,120,27,22.5
2014-06-16,2014-06-15 21:00,2014-06-20 20:00,120,37,30.83
2014-06-23,2014-06-22 21:00,2014-06-27 20:00,120,19,15.83
2014-06-30,2014-06-29 21:00,2014-07-04 20:00,120,55,45.83
2014-07-07,2014-07-06 21:00,2014-07-11 20:00,120,38,31.67
2014-07-14,2014-07-13 21:00,2014-07-18 20:00,120,24,20.0
2014-07-21,2014-07-20 21:00,2014-07-25 20:00,120,43,35.83
2014-07-28,2014-07-27 21:00,2014-08-01 21:00,121,38,31.4
2014-08-04,2014-08-03 20:00,2014-08-08 21:00,122,25,20.49
2014-08-11,2014-08-10 21:00,2014-08-15 20:00,120,27,22.5
2014-08-18,2014-08-17 21:00,2014-08-22 20:00,120,55,45.83
2014-08-25,2014-08-24 21:00,2014-08-29 20:00,120,55,45.83
2014-09-01,2014-08-31 21:00,2014-09-05 20:00,120,35,29.17
2014-09-08,2014-09-07 21:00,2014-09-12 20:00,120,24,20.0
2014-09-15,2014-09-14 21:00,2014-09-19 21:00,121,33,27.27
2014-09-22,2014-09-21 21:00,2014-09-26 21:00,121,18,14.88
2014-09-29,2014-09-28 21:00,2014-10-03 21:00,121,21,17.36
2014-10-06,2014-10-05 21:00,2014-10-10 21:00,121,18,14.88
2014-10-13,2014-10-12 21:00,2014-10-17 21:00,121,26,21.49
2014-10-20,2014-10-19 21:00,2014-10-24 20:00,120,27,22.5
2014-10-27,2014-10-26 22:00,2014-10-31 21:00,120,22,18.33
2014-11-03,2014-11-02 22:00,2014-11-07 21:00,120,29,24.17
2014-11-10,2014-11-09 22:00,2014-11-14 22:00,121,38,31.4
2014-11-17,2014-11-16 22:00,2014-11-21 21:00,120,17,14.17
2014-11-24,2014-11-23 22:00,2014-11-28 21:00,120,8,6.67
2014-12-01,2014-11-30 22:00,2014-12-05 21:00,120,10,8.33
2014-12-08,2014-12-07 22:00,2014-12-12 22:00,121,0,0.0
2014-12-15,2014-12-14 22:00,2014-12-19 21:00,120,15,12.5
2014-12-22,2014-12-21 22:00,2014-12-26 21:00,88,28,31.82
2014-12-29,2014-12-28 22:00,2015-01-02 21:00,93,17,18.28
2015-01-05,2015-01-04 22:00,2015-01-09 21:00,120,29,24.17
2015-01-12,2015-01-11 22:00,2015-01-16 21:00,120,18,15.0
2015-01-19,2015-01-18 22:00,2015-01-23 21:00,120,19,15.83
2015-01-26,2015-01-25 22:00,2015-01-30 21:00,120,43,35.83
2015-02-02,2015-02-01 22:00,2015-02-06 21:00,120,10,8.33
2015-02-09,2015-02-08 22:00,2015-02-13 21:00,120,11,9.17
2015-02-16,2015-02-15 22:00,2015-02-20 21:00,120,26,21.67
2015-02-23,2015-02-22 22:00,2015-02-27 21:00,120,31,25.83
2015-03-02,2015-03-01 22:00,2015-03-06 21:00,120,16,13.33
2015-03-09,2015-03-08 22:00,2015-03-13 20:00,119,9,7.56
2015-03-16,2015-03-15 22:00,2015-03-20 20:00,119,18,15.13
2015-03-23,2015-03-22 22:00,2015-03-27 20:00,119,22,18.49
2015-03-30,2015-03-29 21:00,2015-04-03 20:00,120,33,27.5
2015-04-06,2015-04-05 21:00,2015-04-10 20:00,120,10,8.33
2015-04-13,2015-04-12 21:00,2015-04-17 20:00,120,47,39.17
2015-04-20,2015-04-19 21:00,2015-04-24 20:00,120,8,6.67
2015-04-27,2015-04-26 21:00,2015-05-01 20:00,120,51,42.5
2015-05-04,2015-05-03 21:00,2015-05-08 20:00,120,55,45.83
2015-05-11,2015-05-10 21:00,2015-05-15 20:00,120,41,34.17
2015-05-18,2015-05-17 21:00,2015-05-22 20:00,120,17,14.17
2015-05-25,2015-05-24 21:00,2015-05-29 20:00,120,62,51.67
2015-06-01,2015-05-31 21:00,2015-06-05 20:00,120,12,10.0
2015-06-08,2015-06-07 21:00,2015-06-12 20:00,120,8,6.67
2015-06-15,2015-06-14 21:00,2015-06-19 20:00,120,17,14.17
2015-06-22,2015-06-21 21:00,2015-06-26 20:00,120,38,31.67
2015-06-29,2015-06-28 21:00,2015-07-03 20:00,120,37,30.83
2015-07-06,2015-07-05 21:00,2015-07-10 20:00,120,19,15.83
2015-07-13,2015-07-12 21:00,2015-07-17 20:00,120,45,37.5
2015-07-20,2015-07-19 21:00,2015-07-24 20:00,120,17,14.17
2015-07-27,2015-07-26 21:00,2015-07-31 20:00,120,0,0.0
2015-08-03,2015-08-02 21:00,2015-08-07 20:00,120,47,39.17
2015-08-10,2015-08-09 21:00,2015-08-14 20:00,120,17,14.17
2015-08-17,2015-08-16 21:00,2015-08-21 20:00,120,41,34.17
2015-08-24,2015-08-23 21:00,2015-08-28 20:00,120,30,25.0
2015-08-31,2015-08-30 21:00,2015-09-04 20:00,120,26,21.67
2015-09-07,2015-09-06 21:00,2015-09-11 20:00,120,23,19.17
2015-09-14,2015-09-13 21:00,2015-09-18 20:00,120,42,35.0
2015-09-21,2015-09-20 21:00,2015-09-25 20:00,120,16,13.33
2015-09-28,2015-09-27 21:00,2015-10-02 20:00,120,46,38.33
2015-10-05,2015-10-04 21:00,2015-10-09 20:00,120,8,6.67
2015-10-12,2015-10-11 21:00,2015-10-16 20:00,120,43,35.83
2015-10-19,2015-10-18 21:00,2015-10-23 20:00,120,30,25.0
2015-10-26,2015-10-25 21:00,2015-10-30 20:00,120,55,45.83
2015-11-02,2015-11-01 22:00,2015-11-06 21:00,120,49,40.83
2015-11-09,2015-11-08 22:00,2015-11-13 21:00,120,18,15.0
2015-11-16,2015-11-15 22:00,2015-11-20 21:00,120,34,28.33
2015-11-23,2015-11-22 22:00,2015-11-27 21:00,120,44,36.67
2015-11-30,2015-11-29 22:00,2015-12-04 21:00,120,17,14.17
2015-12-07,2015-12-06 22:00,2015-12-11 21:00,120,24,20.0
2015-12-14,2015-12-13 22:00,2015-12-18 21:00,120,17,14.17
2015-12-21,2015-12-20 22:00,2015-12-24 18:00,93,11,11.83
2015-12-28,2015-12-27 22:00,2015-12-31 18:00,93,8,8.6
2016-01-04,2016-01-03 22:00,2016-01-08 21:00,120,24,20.0
2016-01-11,2016-01-10 22:00,2016-01-15 21:00,120,40,33.33
2016-01-18,2016-01-17 22:00,2016-01-22 21:00,120,26,21.67
2016-01-25,2016-01-24 22:00,2016-01-29 21:00,120,14,11.67
2016-02-01,2016-01-31 22:00,2016-02-05 21:00,120,44,36.67
2016-02-08,2016-02-07 22:00,2016-02-12 21:00,120,12,10.0
2016-02-15,2016-02-14 22:00,2016-02-19 21:00,120,12,10.0
2016-02-22,2016-02-21 22:00,2016-02-26 21:00,120,29,24.17
2016-02-29,2016-02-28 22:00,2016-03-04 21:00,120,42,35.0
2016-03-07,2016-03-06 22:00,2016-03-11 21:00,120,37,30.83
2016-03-14,2016-03-13 22:00,2016-03-18 20:00,119,50,42.02
2016-03-21,2016-03-20 22:00,2016-03-25 20:00,119,37,31.09
2016-03-28,2016-03-27 21:00,2016-04-01 20:00,120,18,15.0
2016-04-04,2016-04-03 21:00,2016-04-08 20:00,120,43,35.83
2016-04-11,2016-04-10 21:00,2016-04-15 20:00,120,41,34.17
2016-04-18,2016-04-17 21:00,2016-04-22 20:00,120,16,13.33
2016-04-25,2016-04-24 21:00,2016-04-29 20:00,120,12,10.0
2016-05-02,2016-05-01 21:00,2016-05-06 20:00,120,50,41.67
2016-05-09,2016-05-08 21:00,2016-05-13 20:00,120,39,32.5
2016-05-16,2016-05-15 21:00,2016-05-20 20:00,120,45,37.5
2016-05-23,2016-05-22 21:00,2016-05-27 20:00,120,8,6.67
2016-05-30,2016-05-29 21:00,2016-06-03 20:00,120,0,0.0
2016-06-06,2016-06-05 21:00,2016-06-10 20:00,120,33,27.5
2016-06-13,2016-06-12 21:00,2016-06-17 20:00,120,50,41.67
2016-06-20,2016-06-19 21:00,2016-06-24 20:00,120,16,13.33
2016-06-27,2016-06-26 21:00,2016-07-01 20:00,120,36,30.0
2016-07-04,2016-07-03 21:00,2016-07-08 20:00,120,37,30.83
2016-07-11,2016-07-10 21:00,2016-07-15 20:00,120,32,26.67
2016-07-18,2016-07-17 21:00,2016-07-22 20:00,120,41,34.17
2016-07-25,2016-07-24 21:00,2016-07-29 20:00,120,46,38.33
2016-08-01,2016-07-31 21:00,2016-08-05 20:00,120,25,20.83
2016-08-08,2016-08-07 21:00,2016-08-12 20:00,120,26,21.67
2016-08-15,2016-08-14 21:00,2016-08-19 20:00,120,51,42.5
2016-08-22,2016-08-21 21:00,2016-08-26 20:00,120,36,30.0
2016-08-29,2016-08-28 21:00,2016-09-02 20:00,120,46,38.33
2016-09-05,2016-09-04 21:00,2016-09-09 20:00,120,16,13.33
2016-09-12,2016-09-11 21:00,2016-09-16 20:00,120,54,45.0
2016-09-19,2016-09-18 21:00,2016-09-23 20:00,120,39,32.5
2016-09-26,2016-09-25 21:00,2016-09-30 20:00,120,9,7.5
2016-10-03,2016-10-02 21:00,2016-10-07 20:00,120,19,15.83
2016-10-10,2016-10-09 21:00,2016-10-14 20:00,120,28,23.33
2016-10-17,2016-10-16 21:00,2016-10-21 20:00,120,35,29.17
2016-10-24,2016-10-23 21:00,2016-10-28 20:00,120,27,22.5
2016-10-31,2016-10-30 21:00,2016-11-04 20:00,120,23,19.17
2016-11-07,2016-11-06 22:00,2016-11-11 21:00,120,17,14.17
2016-11-14,2016-11-13 22:00,2016-11-18 21:00,120,47,39.17
2016-11-21,2016-11-20 22:00,2016-11-25 21:00,120,44,36.67
2016-11-28,2016-11-27 22:00,2016-12-02 21:00,120,42,35.0
2016-12-05,2016-12-04 22:00,2016-12-09 21:00,120,42,35.0
2016-12-12,2016-12-11 22:00,2016-12-16 21:00,120,18,15.0
2016-12-19,2016-12-18 22:00,2016-12-23 21:00,120,45,37.5
2016-12-26,2016-12-26 04:00,2016-12-30 21:00,114,33,28.95
2017-01-02,2017-01-01 22:00,2017-01-06 21:00,120,8,6.67
2017-01-09,2017-01-08 22:00,2017-01-13 21:00,120,9,7.5
2017-01-16,2017-01-15 22:00,2017-01-20 21:00,120,18,15.0
2017-01-23,2017-01-22 22:00,2017-01-27 21:00,120,29,24.17
2017-01-30,2017-01-29 22:00,2017-02-03 21:00,120,38,31.67
2017-02-06,2017-02-05 22:00,2017-02-10 21:00,120,11,9.17
2017-02-13,2017-02-12 22:00,2017-02-17 21:00,120,50,41.67
2017-02-20,2017-02-19 22:00,2017-02-24 21:00,120,18,15.0
2017-02-27,2017-02-26 22:00,2017-03-03 21:00,120,31,25.83
2017-03-06,2017-03-05 22:00,2017-03-10 21:00,120,43,35.83
2017-03-13,2017-03-12 22:00,2017-03-17 20:00,119,17,14.29
2017-03-20,2017-03-19 22:00,2017-03-24 20:00,119,48,40.34
2017-03-27,2017-03-26 21:00,2017-03-31 20:00,120,51,42.5
2017-04-03,2017-04-02 21:00,2017-04-07 20:00,120,32,26.67
2017-04-10,2017-04-09 21:00,2017-04-14 20:00,120,33,27.5
2017-04-17,2017-04-16 21:00,2017-04-21 20:00,120,32,26.67
2017-04-24,2017-04-23 21:00,2017-04-28 20:00,120,12,10.0
2017-05-01,2017-04-30 21:00,2017-05-05 20:00,120,18,15.0
2017-05-08,2017-05-07 21:00,2017-05-12 20:00,120,8,6.67
2017-05-15,2017-05-14 21:00,2017-05-19 20:00,120,10,8.33
2017-05-22,2017-05-21 21:00,2017-05-26 20:00,120,51,42.5
2017-05-29,2017-05-28 21:00,2017-06-02 20:00,120,41,34.17
2017-06-05,2017-06-04 21:00,2017-06-09 20:00,120,46,38.33
2017-06-12,2017-06-11 21:00,2017-06-16 20:00,120,55,45.83
2017-06-19,2017-06-18 21:00,2017-06-23 20:00,120,59,49.17
2017-06-26,2017-06-25 21:00,2017-06-30 20:00,120,47,39.17
2017-07-03,2017-07-02 21:00,2017-07-07 20:00,120,35,29.17
2017-07-10,2017-07-09 21:00,2017-07-14 20:00,120,19,15.83
2017-07-17,2017-07-16 21:00,2017-07-21 20:00,120,35,29.17
2017-07-24,2017-07-23 21:00,2017-07-28 20:00,120,8,6.67
2017-07-31,2017-07-30 21:00,2017-08-04 20:00,120,36,30.0
2017-08-07,2017-08-06 21:00,2017-08-11 20:00,120,24,20.0
2017-08-14,2017-08-13 21:00,2017-08-18 20:00,120,48,40.0
2017-08-21,2017-08-20 21:00,2017-08-25 20:00,120,24,20.0
2017-08-28,2017-08-27 21:00,2017-09-01 20:00,120,9,7.5
2017-09-04,2017-09-03 21:00,2017-09-08 20:00,120,36,30.0
2017-09-11,2017-09-10 21:00,2017-09-15 20:00,120,47,39.17
2017-09-18,2017-09-17 21:00,2017-09-22 20:00,120,45,37.5
2017-09-25,2017-09-24 21:00,2017-09-29 20:00,120,26,21.67
2017-10-02,2017-10-01 21:00,2017-10-06 20:00,120,10,8.33
2017-10-09,2017-10-08 21:00,2017-10-13 20:00,120,16,13.33
2017-10-16,2017-10-15 21:00,2017-10-20 20:00,120,0,0.0
2017-10-23,2017-10-22 21:00,2017-10-27 20:00,120,19,15.83
2017-10-30,2017-10-29 21:00,2017-11-03 20:00,120,40,33.33
2017-11-06,2017-11-05 22:00,2017-11-10 21:00,120,73,60.83
2017-11-13,2017-11-12 22:00,2017-11-17 21:00,120,23,19.17
2017-11-20,2017-11-19 22:00,2017-11-24 21:00,120,45,37.5
2017-11-27,2017-11-26 22:00,2017-12-01 21:00,120,26,21.67
2017-12-04,2017-12-03 22:00,2017-12-08 21:00,120,32,26.67
2017-12-11,2017-12-10 22:00,2017-12-15 21:00,120,28,23.33
2017-12-18,2017-12-17 22:00,2017-12-22 21:00,120,16,13.33
2017-12-25,2017-12-26 04:00,2017-12-29 21:00,90,0,0.0
2018-01-01,2018-01-01 22:00,2018-01-05 21:00,96,27,28.12
2018-01-08,2018-01-07 22:00,2018-01-12 21:00,120,34,28.33
2018-01-15,2018-01-14 22:00,2018-01-19 21:00,120,32,26.67
2018-01-22,2018-01-21 22:00,2018-01-26 21:00,120,8,6.67
2018-01-29,2018-01-28 22:00,2018-02-02 21:00,120,34,28.33
2018-02-05,2018-02-04 22:00,2018-02-09 21:00,120,28,23.33
2018-02-12,2018-02-11 22:00,2018-02-16 21:00,120,57,47.5
2018-02-19,2018-02-18 22:00,2018-02-23 21:00,120,71,59.17
2018-02-26,2018-02-25 22:00,2018-03-02 21:00,120,35,29.17
2018-03-05,2018-03-04 22:00,2018-03-09 21:00,120,38,31.67
2018-03-12,2018-03-11 22:00,2018-03-16 20:00,119,35,29.41
2018-03-19,2018-03-18 22:00,2018-03-23 20:00,119,31,26.05
2018-03-26,2018-03-25 21:00,2018-03-30 20:00,120,10,8.33
2018-04-02,2018-04-01 21:00,2018-04-06 20:00,120,28,23.33
2018-04-09,2018-04-08 21:00,2018-04-13 20:00,120,39,32.5
2018-04-16,2018-04-15 21:00,2018-04-20 20:00,120,28,23.33
2018-04-23,2018-04-22 21:00,2018-04-27 20:00,120,36,30.0
2018-04-30,2018-04-29 21:00,2018-05-04 20:00,120,36,30.0
2018-05-07,2018-05-06 21:00,2018-05-11 20:00,120,18,15.0
2018-05-14,2018-05-13 21:00,2018-05-18 20:00,120,23,19.17
2018-05-21,2018-05-20 21:00,2018-05-25 20:00,120,32,26.67
2018-05-28,2018-05-27 21:00,2018-06-01 20:00,120,29,24.17
2018-06-04,2018-06-03 21:00,2018-06-08 20:00,120,20,16.67
2018-06-11,2018-06-10 21:00,2018-06-15 20:00,120,28,23.33
2018-06-18,2018-06-17 21:00,2018-06-22 20:00,120,17,14.17
2018-06-25,2018-06-24 21:00,2018-06-29 20:00,120,54,45.0
2018-07-02,2018-07-01 21:00,2018-07-06 20:00,120,25,20.83
2018-07-09,2018-07-08 21:00,2018-07-13 20:00,120,31,25.83
2018-07-16,2018-07-15 21:00,2018-07-20 20:00,120,18,15.0
2018-07-23,2018-07-22 21:00,2018-07-27 20:00,120,37,30.83
2018-07-30,2018-07-29 21:00,2018-08-03 20:00,120,18,15.0
2018-08-06,2018-08-05 21:00,2018-08-10 20:00,120,8,6.67
2018-08-13,2018-08-12 21:00,2018-08-17 20:00,120,42,35.0
2018-08-20,2018-08-19 21:00,2018-08-24 20:00,120,36,30.0
2018-08-27,2018-08-26 21:00,2018-08-31 20:00,120,26,21.67
2018-09-03,2018-09-02 21:00,2018-09-07 20:00,120,33,27.5
2018-09-10,2018-09-09 21:00,2018-09-14 20:00,120,36,30.0
2018-09-17,2018-09-16 21:00,2018-09-21 20:00,120,27,22.5
2018-09-24,2018-09-23 21:00,2018-09-28 20:00,120,26,21.67
2018-10-01,2018-09-30 21:00,2018-10-05 20:00,120,0,0.0
2018-10-08,2018-10-07 21:00,2018-10-12 20:00,120,46,38.33
2018-10-15,2018-10-14 21:00,2018-10-19 20:00,120,42,35.0
2018-10-22,2018-10-21 21:00,2018-10-26 20:00,120,41,34.17
2018-10-29,2018-10-28 22:00,2018-11-02 20:00,119,18,15.13
2018-11-05,2018-11-04 22:00,2018-11-09 21:00,120,8,6.67
2018-11-12,2018-11-11 22:00,2018-11-16 21:00,120,0,0.0
2018-11-19,2018-11-18 22:00,2018-11-23 21:00,120,52,43.33
2018-11-26,2018-11-25 22:00,2018-11-30 21:00,120,28,23.33
2018-12-03,2018-12-02 22:00,2018-12-07 21:00,120,40,33.33
2018-12-10,2018-12-09 22:00,2018-12-14 21:00,120,17,14.17
2018-12-17,2018-12-16 22:00,2018-12-21 21:00,120,36,30.0
2018-12-24,2018-12-23 22:00,2018-12-28 21:00,87,24,27.59
2018-12-31,2018-12-30 22:00,2019-01-04 21:00,87,17,19.54
2019-01-07,2019-01-06 22:00,2019-01-11 21:00,120,38,31.67
2019-01-14,2019-01-13 22:00,2019-01-18 21:00,120,19,15.83
2019-01-21,2019-01-20 22:00,2019-01-25 21:00,120,22,18.33
2019-01-28,2019-01-27 22:00,2019-02-01 21:00,120,19,15.83
2019-02-04,2019-02-03 22:00,2019-02-08 21:00,120,19,15.83
2019-02-11,2019-02-10 22:00,2019-02-15 21:00,120,0,0.0
2019-02-18,2019-02-17 22:00,2019-02-22 21:00,120,0,0.0
2019-02-25,2019-02-24 22:00,2019-03-01 21:00,120,23,19.17
2019-03-04,2019-03-03 22:00,2019-03-08 21:00,120,20,16.67
2019-03-11,2019-03-10 22:00,2019-03-15 20:00,119,42,35.29
2019-03-18,2019-03-17 22:00,2019-03-22 20:00,119,35,29.41
2019-03-25,2019-03-24 22:00,2019-03-29 20:00,119,35,29.41
2019-04-01,2019-03-31 21:00,2019-04-05 20:00,120,30,25.0
2019-04-08,2019-04-07 21:00,2019-04-12 20:00,120,43,35.83
2019-04-15,2019-04-14 21:00,2019-04-19 20:00,120,40,33.33
2019-04-22,2019-04-21 21:00,2019-04-26 20:00,120,36,30.0
2019-04-29,2019-04-28 21:00,2019-05-03 20:00,120,26,21.67
2019-05-06,2019-05-05 21:00,2019-05-10 20:00,120,21,17.5
2019-05-13,2019-05-12 21:00,2019-05-17 20:00,120,45,37.5
2019-05-20,2019-05-19 21:00,2019-05-24 20:00,120,32,26.67
2019-05-27,2019-05-26 21:00,2019-05-31 20:00,120,0,0.0
2019-06-03,2019-06-02 21:00,2019-06-07 20:00,120,8,6.67
2019-06-10,2019-06-09 21:00,2019-06-14 20:00,120,44,36.67
2019-06-17,2019-06-16 21:00,2019-06-21 20:00,120,22,18.33
2019-06-24,2019-06-23 21:00,2019-06-28 20:00,120,36,30.0
2019-07-01,2019-06-30 21:00,2019-07-05 20:00,120,37,30.83
2019-07-08,2019-07-07 21:00,2019-07-12 20:00,120,56,46.67
2019-07-15,2019-07-14 21:00,2019-07-19 20:00,120,46,38.33
2019-07-22,2019-07-21 21:00,2019-07-26 20:00,120,47,39.17
2019-07-29,2019-07-28 21:00,2019-08-02 20:00,120,34,28.33
2019-08-05,2019-08-04 21:00,2019-08-09 20:00,120,31,25.83
2019-08-12,2019-08-11 21:00,2019-08-16 20:00,120,40,33.33
2019-08-19,2019-08-18 21:00,2019-08-23 20:00,120,33,27.5
2019-08-26,2019-08-25 21:00,2019-08-30 20:00,120,44,36.67
2019-09-02,2019-09-01 21:00,2019-09-06 20:00,120,39,32.5
2019-09-09,2019-09-08 21:00,2019-09-13 20:00,120,38,31.67
2019-09-16,2019-09-15 21:00,2019-09-20 20:00,120,19,15.83
2019-09-23,2019-09-22 21:00,2019-09-27 20:00,120,17,14.17
2019-09-30,2019-09-29 21:00,2019-10-04 20:00,120,26,21.67
2019-10-07,2019-10-06 21:00,2019-10-11 20:00,120,25,20.83
2019-10-14,2019-10-13 21:00,2019-10-18 20:00,120,54,45.0
2019-10-21,2019-10-20 21:00,2019-10-25 20:00,120,35,29.17
2019-10-28,2019-10-27 22:00,2019-11-01 20:00,119,34,28.57
2019-11-04,2019-11-03 22:00,2019-11-08 21:00,120,16,13.33
2019-11-11,2019-11-10 22:00,2019-11-15 21:00,120,18,15.0
2019-11-18,2019-11-17 22:00,2019-11-22 21:00,120,35,29.17
2019-11-25,2019-11-24 22:00,2019-11-29 21:00,120,53,44.17
2019-12-02,2019-12-01 22:00,2019-12-06 21:00,120,33,27.5
2019-12-09,2019-12-08 22:00,2019-12-13 21:00,120,17,14.17
2019-12-16,2019-12-15 22:00,2019-12-20 21:00,120,37,30.83
2019-12-23,2019-12-22 22:00,2019-12-27 21:00,87,8,9.2
2019-12-30,2019-12-29 22:00,2020-01-03 21:00,87,18,20.69
2020-01-06,2020-01-05 22:00,2020-01-10 21:00,120,31,25.83
2020-01-13,2020-01-12 22:00,2020-01-17 21:00,120,18,15.0
2020-01-20,2020-01-19 22:00,2020-01-24 21:00,120,16,13.33
2020-01-27,2020-01-26 22:00,2020-01-31 21:00,120,22,18.33
2020-02-03,2020-02-02 22:00,2020-02-07 21:00,120,24,20.0
2020-02-10,2020-02-09 22:00,2020-02-14 21:00,120,28,23.33
2020-02-17,2020-02-16 22:00,2020-02-21 21:00,120,27,22.5
2020-02-24,2020-02-23 22:00,2020-02-28 21:00,120,26,21.67
2020-03-02,2020-03-01 22:00,2020-03-06 21:00,120,27,22.5
2020-03-09,2020-03-08 22:00,2020-03-13 20:00,119,9,7.56
2020-03-16,2020-03-15 22:00,2020-03-20 20:00,119,20,16.81
2020-03-23,2020-03-22 22:00,2020-03-27 20:00,119,0,0.0
2020-03-30,2020-03-29 21:00,2020-04-03 20:00,120,35,29.17
2020-04-06,2020-04-05 21:00,2020-04-10 20:00,120,39,32.5
2020-04-13,2020-04-12 21:00,2020-04-17 20:00,120,28,23.33
2020-04-20,2020-04-19 21:00,2020-04-24 20:00,120,28,23.33
2020-04-27,2020-04-26 21:00,2020-05-01 20:00,120,29,24.17
2020-05-04,2020-05-03 21:00,2020-05-08 20:00,120,55,45.83
2020-05-11,2020-05-10 21:00,2020-05-15 20:00,120,39,32.5
2020-05-18,2020-05-17 21:00,2020-05-22 20:00,120,28,23.33
2020-05-25,2020-05-24 21:00,2020-05-29 20:00,120,25,20.83
2020-06-01,2020-05-31 21:00,2020-06-05 20:00,120,20,16.67
2020-06-08,2020-06-07 21:00,2020-06-12 20:00,120,0,0.0
2020-06-15,2020-06-14 21:00,2020-06-19 20:00,120,59,49.17
2020-06-22,2020-06-21 21:00,2020-06-26 20:00,120,26,21.67
2020-06-29,2020-06-28 21:00,2020-07-03 20:00,120,0,0.0
2020-07-06,2020-07-05 21:00,2020-07-10 20:00,120,35,29.17
2020-07-13,2020-07-12 21:00,2020-07-17 20:00,120,18,15.0
2020-07-20,2020-07-19 21:00,2020-07-24 20:00,120,28,23.33
2020-07-27,2020-07-26 21:00,2020-07-31 20:00,120,28,23.33
2020-08-03,2020-08-02 21:00,2020-08-07 20:00,120,17,14.17
2020-08-10,2020-08-09 21:00,2020-08-14 20:00,120,19,15.83
2020-08-17,2020-08-16 21:00,2020-08-21 20:00,120,37,30.83
2020-08-24,2020-08-23 21:00,2020-08-28 20:00,120,16,13.33
2020-08-31,2020-08-30 21:00,2020-09-04 20:00,120,27,22.5
2020-09-07,2020-09-06 21:00,2020-09-11 20:00,120,42,35.0
2020-09-14,2020-09-13 21:00,2020-09-18 20:00,120,28,23.33
2020-09-21,2020-09-20 21:00,2020-09-25 20:00,120,46,38.33
2020-09-28,2020-09-27 21:00,2020-10-02 20:00,120,48,40.0
2020-10-05,2020-10-04 21:00,2020-10-09 20:00,120,17,14.17
2020-10-12,2020-10-11 21:00,2020-10-16 20:00,120,23,19.17
2020-10-19,2020-10-18 21:00,2020-10-23 20:00,120,35,29.17
2020-10-26,2020-10-25 22:00,2020-10-30 20:00,119,20,16.81
2020-11-02,2020-11-01 22:00,2020-11-06 21:00,120,11,9.17
2020-11-09,2020-11-08 22:00,2020-11-13 21:00,120,49,40.83
2020-11-16,2020-11-15 22:00,2020-11-20 21:00,120,25,20.83
2020-11-23,2020-11-22 22:00,2020-11-27 21:00,120,42,35.0
2020-11-30,2020-11-29 22:00,2020-12-04 21:00,120,31,25.83
2020-12-07,2020-12-06 22:00,2020-12-11 21:00,120,8,6.67
2020-12-14,2020-12-13 22:00,2020-12-18 21:00,120,8,6.67
2020-12-21,2020-12-20 22:00,2020-12-24 18:00,93,15,16.13
2020-12-28,2020-12-27 22:00,2020-12-31 18:00,93,17,18.28
2021-01-04,2021-01-03 22:00,2021-01-08 21:00,120,24,20.0
2021-01-11,2021-01-10 22:00,2021-01-15 21:00,120,38,31.67
2021-01-18,2021-01-17 22:00,2021-01-22 21:00,120,40,33.33
2021-01-25,2021-01-24 22:00,2021-01-29 21:00,120,27,22.5
2021-02-01,2021-01-31 22:00,2021-02-05 21:00,120,37,30.83
2021-02-08,2021-02-07 22:00,2021-02-12 21:00,120,46,38.33
2021-02-15,2021-02-14 22:00,2021-02-19 21:00,120,17,14.17
2021-02-22,2021-02-21 22:00,2021-02-26 21:00,120,42,35.0
2021-03-01,2021-02-28 22:00,2021-03-05 21:00,120,14,11.67
2021-03-08,2021-03-07 22:00,2021-03-12 21:00,120,17,14.17
2021-03-15,2021-03-14 22:00,2021-03-19 20:00,119,46,38.66
2021-03-22,2021-03-21 22:00,2021-03-26 20:00,119,45,37.82
2021-03-29,2021-03-28 21:00,2021-04-02 20:00,120,49,40.83
2021-04-05,2021-04-04 21:00,2021-04-09 20:00,120,54,45.0
2021-04-12,2021-04-11 21:00,2021-04-16 20:00,120,29,24.17
2021-04-19,2021-04-18 21:00,2021-04-23 20:00,120,18,15.0
2021-04-26,2021-04-25 21:00,2021-04-30 20:00,120,11,9.17
2021-05-03,2021-05-02 21:00,2021-05-07 20:00,120,8,6.67
2021-05-10,2021-05-09 21:00,2021-05-14 20:00,120,36,30.0
2021-05-17,2021-05-16 21:00,2021-05-21 20:00,120,18,15.0
2021-05-24,2021-05-23 21:00,2021-05-28 20:00,120,46,38.33
2021-05-31,2021-05-30 21:00,2021-06-04 20:00,120,35,29.17
2021-06-07,2021-06-06 21:00,2021-06-11 20:00,120,45,37.5
2021-06-14,2021-06-13 21:00,2021-06-18 20:00,120,28,23.33
2021-06-21,2021-06-20 21:00,2021-06-25 20:00,120,41,34.17
2021-06-28,2021-06-27 21:00,2021-07-02 20:00,120,43,35.83
2021-07-05,2021-07-04 21:00,2021-07-09 20:00,120,27,22.5
2021-07-12,2021-07-11 21:00,2021-07-16 20:00,120,8,6.67
2021-07-19,2021-07-18 21:00,2021-07-23 20:00,120,19,15.83
2021-07-26,2021-07-25 21:00,2021-07-30 20:00,120,18,15.0
2021-08-02,2021-08-01 21:00,2021-08-06 20:00,120,55,45.83
2021-08-09,2021-08-08 21:00,2021-08-13 20:00,120,62,51.67
2021-08-16,2021-08-15 21:00,2021-08-20 20:00,120,50,41.67
2021-08-23,2021-08-22 21:00,2021-08-27 20:00,120,21,17.5
2021-08-30,2021-08-29 21:00,2021-09-03 20:00,120,46,38.33
2021-09-06,2021-09-05 21:00,2021-09-10 20:00,120,8,6.67
2021-09-13,2021-09-12 21:00,2021-09-17 20:00,120,0,0.0
2021-09-20,2021-09-19 21:00,2021-09-24 20:00,120,58,48.33
2021-09-27,2021-09-26 21:00,2021-10-01 20:00,120,79,65.83
2021-10-04,2021-10-03 21:00,2021-10-08 20:00,120,63,52.5
2021-10-11,2021-10-10 21:00,2021-10-15 20:00,120,35,29.17
2021-10-18,2021-10-17 21:00,2021-10-22 20:00,120,26,21.67
2021-10-25,2021-10-24 21:00,2021-10-29 20:00,120,11,9.17
2021-11-01,2021-10-31 22:00,2021-11-05 20:00,119,8,6.72
2021-11-08,2021-11-07 22:00,2021-11-12 21:00,120,38,31.67
2021-11-15,2021-11-14 22:00,2021-11-19 21:00,120,25,20.83
2021-11-22,2021-11-21 22:00,2021-11-26 21:00,120,18,15.0
2021-11-29,2021-11-28 22:00,2021-12-03 21:00,120,25,20.83
2021-12-06,2021-12-05 22:00,2021-12-10 21:00,120,23,19.17
2021-12-13,2021-12-12 22:00,2021-12-17 21:00,120,18,15.0
2021-12-20,2021-12-19 22:00,2021-12-24 18:00,117,8,6.84
2021-12-27,2021-12-26 22:00,2021-12-31 18:00,117,26,22.22
2022-01-03,2022-01-02 22:00,2022-01-07 21:00,120,18,15.0
2022-01-10,2022-01-09 22:00,2022-01-14 21:00,120,9,7.5
2022-01-17,2022-01-16 22:00,2022-01-21 21:00,120,39,32.5
2022-01-24,2022-01-23 22:00,2022-01-28 21:00,120,17,14.17
2022-01-31,2022-01-30 22:00,2022-02-04 21:00,120,26,21.67
2022-02-07,2022-02-06 22:00,2022-02-11 21:00,120,32,26.67
2022-02-14,2022-02-13 22:00,2022-02-18 21:00,120,28,23.33
2022-02-21,2022-02-20 22:00,2022-02-25 21:00,120,17,14.17
2022-02-28,2022-02-27 22:00,2022-03-04 21:00,120,49,40.83
2022-03-07,2022-03-06 22:00,2022-03-11 21:00,120,34,28.33
2022-03-14,2022-03-13 22:00,2022-03-18 20:00,119,11,9.24
2022-03-21,2022-03-20 22:00,2022-03-25 20:00,119,39,32.77
2022-03-28,2022-03-27 21:00,2022-04-01 20:00,120,35,29.17
2022-04-04,2022-04-03 21:00,2022-04-08 20:00,120,32,26.67
2022-04-11,2022-04-10 21:00,2022-04-15 20:00,120,47,39.17
2022-04-18,2022-04-17 21:00,2022-04-22 20:00,120,23,19.17
2022-04-25,2022-04-24 21:00,2022-04-29 20:00,120,21,17.5
2022-05-02,2022-05-01 21:00,2022-05-06 20:00,120,28,23.33
2022-05-09,2022-05-08 21:00,2022-05-13 20:00,120,30,25.0
2022-05-16,2022-05-15 21:00,2022-05-20 20:00,120,29,24.17
2022-05-23,2022-05-22 21:00,2022-05-27 20:00,120,29,24.17
2022-05-30,2022-05-29 21:00,2022-06-03 20:00,120,41,34.17
2022-06-06,2022-06-05 21:00,2022-06-10 20:00,120,33,27.5
2022-06-13,2022-06-12 21:00,2022-06-17 20:00,120,0,0.0
2022-06-20,2022-06-19 21:00,2022-06-24 20:00,120,32,26.67
2022-06-27,2022-06-26 21:00,2022-07-01 20:00,120,33,27.5
2022-07-04,2022-07-03 21:00,2022-07-08 20:00,120,19,15.83
2022-07-11,2022-07-10 21:00,2022-07-15 20:00,120,34,28.33
2022-07-18,2022-07-17 21:00,2022-07-22 20:00,120,27,22.5
2022-07-25,2022-07-24 21:00,2022-07-29 20:00,120,18,15.0
2022-08-01,2022-07-31 21:00,2022-08-05 20:00,120,8,6.67
2022-08-08,2022-08-07 21:00,2022-08-12 20:00,120,26,21.67
2022-08-15,2022-08-14 21:00,2022-08-19 20:00,120,35,29.17
2022-08-22,2022-08-21 21:00,2022-08-26 20:00,120,29,24.17
2022-08-29,2022-08-28 21:00,2022-09-02 20:00,120,30,25.0
2022-09-05,2022-09-04 21:00,2022-09-09 20:00,120,21,17.5
2022-09-12,2022-09-11 21:00,2022-09-16 20:00,120,29,24.17
2022-09-19,2022-09-18 21:00,2022-09-23 20:00,120,40,33.33
2022-09-26,2022-09-25 21:00,2022-09-30 20:00,120,19,15.83
2022-10-03,2022-10-02 21:00,2022-10-07 20:00,120,0,0.0
2022-10-10,2022-10-09 21:00,2022-10-14 20:00,120,32,26.67
2022-10-17,2022-10-16 21:00,2022-10-21 20:00,120,27,22.5
2022-10-24,2022-10-23 21:00,2022-10-28 20:00,120,48,40.0
2022-10-31,2022-10-30 22:00,2022-11-04 20:00,119,18,15.13
2022-11-07,2022-11-06 22:00,2022-11-11 21:00,120,19,15.83
2022-11-14,2022-11-13 22:00,2022-11-18 21:00,120,31,25.83
2022-11-21,2022-11-20 22:00,2022-11-25 21:00,120,28,23.33
2022-11-28,2022-11-27 22:00,2022-12-02 21:00,120,27,22.5
2022-12-05,2022-12-04 22:00,2022-12-09 21:00,120,41,34.17
2022-12-12,2022-12-11 22:00,2022-12-16 21:00,120,24,20.0
2022-12-19,2022-12-18 22:00,2022-12-23 21:00,120,41,34.17
2022-12-26,2022-12-26 04:00,2022-12-30 21:00,114,19,16.67
2023-01-02,2023-01-01 22:00,2023-01-06 21:00,120,28,23.33
2023-01-09,2023-01-08 22:00,2023-01-13 21:00,120,41,34.17
2023-01-16,2023-01-15 22:00,2023-01-20 21:00,120,58,48.33
2023-01-23,2023-01-22 22:00,2023-01-27 21:00,120,39,32.5
2023-01-30,2023-01-29 22:00,2023-02-03 21:00,120,29,24.17
2023-02-06,2023-02-05 22:00,2023-02-10 21:00,120,27,22.5
2023-02-13,2023-02-12 22:00,2023-02-17 21:00,120,36,30.0
2023-02-20,2023-02-19 22:00,2023-02-24 21:00,120,54,45.0
2023-02-27,2023-02-26 22:00,2023-03-03 21:00,120,38,31.67
2023-03-06,2023-03-05 22:00,2023-03-10 21:00,120,35,29.17
2023-03-13,2023-03-12 22:00,2023-03-17 20:00,119,8,6.72
2023-03-20,2023-03-19 22:00,2023-03-24 20:00,119,36,30.25
2023-03-27,2023-03-26 21:00,2023-03-31 20:00,120,27,22.5
2023-04-03,2023-04-02 21:00,2023-04-07 20:00,120,21,17.5
2023-04-10,2023-04-09 21:00,2023-04-14 20:00,120,12,10.0
2023-04-17,2023-04-16 21:00,2023-04-21 20:00,120,33,27.5
2023-04-24,2023-04-23 21:00,2023-04-28 20:00,120,8,6.67
2023-05-01,2023-04-30 21:00,2023-05-05 20:00,120,16,13.33
2023-05-08,2023-05-07 21:00,2023-05-12 20:00,120,31,25.83
2023-05-15,2023-05-14 21:00,2023-05-19 20:00,120,25,20.83
2023-05-22,2023-05-21 21:00,2023-05-26 20:00,120,24,20.0
2023-05-29,2023-05-28 21:00,2023-06-02 20:00,120,22,18.33
2023-06-05,2023-06-04 21:00,2023-06-09 20:00,120,29,24.17
2023-06-12,2023-06-11 21:00,2023-06-16 20:00,120,12,10.0
2023-06-19,2023-06-18 21:00,2023-06-23 20:00,120,19,15.83
2023-06-26,2023-06-25 21:00,2023-06-30 20:00,120,41,34.17
2023-07-03,2023-07-02 21:00,2023-07-07 20:00,120,20,16.67
2023-07-10,2023-07-09 21:00,2023-07-14 20:00,120,8,6.67
2023-07-17,2023-07-16 21:00,2023-07-21 20:00,120,21,17.5
2023-07-24,2023-07-23 21:00,2023-07-28 20:00,120,22,18.33
2023-07-31,2023-07-30 21:00,2023-08-04 20:00,120,20,16.67
2023-08-07,2023-08-06 21:00,2023-08-11 20:00,120,43,35.83
2023-08-14,2023-08-13 21:00,2023-08-18 20:00,120,18,15.0
2023-08-21,2023-08-20 21:00,2023-08-25 20:00,120,13,10.83
2023-08-28,2023-08-27 21:00,2023-09-01 20:00,120,46,38.33
2023-09-04,2023-09-03 21:00,2023-09-08 20:00,120,46,38.33
2023-09-11,2023-09-10 21:00,2023-09-15 20:00,120,38,31.67
2023-09-18,2023-09-17 21:00,2023-09-22 20:00,120,18,15.0
2023-09-25,2023-09-24 21:00,2023-09-29 20:00,120,52,43.33
2023-10-02,2023-10-01 21:00,2023-10-06 20:00,120,34,28.33
2023-10-09,2023-10-08 21:00,2023-10-13 20:00,120,17,14.17
2023-10-16,2023-10-15 21:00,2023-10-20 20:00,120,33,27.5
2023-10-23,2023-10-22 21:00,2023-10-27 20:00,120,44,36.67
2023-10-30,2023-10-29 22:00,2023-11-03 20:00,119,39,32.77
2023-11-06,2023-11-05 22:00,2023-11-10 21:00,120,22,18.33
2023-11-13,2023-11-12 22:00,2023-11-17 21:00,120,38,31.67
2023-11-20,2023-11-19 22:00,2023-11-24 21:00,120,26,21.67
2023-11-27,2023-11-26 22:00,2023-12-01 21:00,120,19,15.83
2023-12-04,2023-12-03 22:00,2023-12-08 21:00,120,43,35.83
2023-12-11,2023-12-10 22:00,2023-12-15 21:00,120,37,30.83
2023-12-18,2023-12-17 22:00,2023-12-22 21:00,120,24,20.0
2023-12-25,2023-12-26 04:00,2023-12-29 21:00,90,19,21.11
2024-01-01,2024-01-01 22:00,2024-01-05 21:00,96,0,0.0
2024-01-08,2024-01-07 22:00,2024-01-12 21:00,120,17,14.17
2024-01-15,2024-01-14 22:00,2024-01-19 21:00,120,45,37.5
2024-01-22,2024-01-21 22:00,2024-01-26 21:00,120,26,21.67
2024-01-29,2024-01-28 22:00,2024-02-02 21:00,120,44,36.67
2024-02-05,2024-02-04 22:00,2024-02-09 21:00,120,55,45.83
2024-02-12,2024-02-11 22:00,2024-02-16 21:00,120,16,13.33
2024-02-19,2024-02-18 22:00,2024-02-23 21:00,120,17,14.17
2024-02-26,2024-02-25 22:00,2024-03-01 21:00,120,37,30.83
2024-03-04,2024-03-03 22:00,2024-03-08 21:00,120,14,11.67
2024-03-11,2024-03-10 22:00,2024-03-15 20:00,119,57,47.9
2024-03-18,2024-03-17 22:00,2024-03-22 20:00,119,18,15.13
2024-03-25,2024-03-24 22:00,2024-03-29 20:00,119,30,25.21
2024-04-01,2024-03-31 21:00,2024-04-05 20:00,120,19,15.83
2024-04-08,2024-04-07 21:00,2024-04-12 20:00,120,18,15.0
2024-04-15,2024-04-14 21:00,2024-04-19 20:00,120,26,21.67
2024-04-22,2024-04-21 21:00,2024-04-26 20:00,120,32,26.67
2024-04-29,2024-04-28 21:00,2024-05-03 20:00,120,22,18.33
2024-05-06,2024-05-05 21:00,2024-05-10 20:00,120,19,15.83
2024-05-13,2024-05-12 21:00,2024-05-17 20:00,120,54,45.0
2024-05-20,2024-05-19 21:00,2024-05-24 20:00,120,25,20.83
2024-05-27,2024-05-26 21:00,2024-05-31 20:00,120,18,15.0
2024-06-03,2024-06-02 21:00,2024-06-07 20:00,120,0,0.0
2024-06-10,2024-06-09 21:00,2024-06-14 20:00,120,42,35.0
2024-06-17,2024-06-16 21:00,2024-06-21 20:00,120,37,30.83
2024-06-24,2024-06-23 21:00,2024-06-28 20:00,120,27,22.5
2024-07-01,2024-06-30 21:00,2024-07-05 20:00,120,0,0.0
2024-07-08,2024-07-07 21:00,2024-07-12 20:00,120,44,36.67
2024-07-15,2024-07-14 21:00,2024-07-19 20:00,120,43,35.83
2024-07-22,2024-07-21 21:00,2024-07-26 20:00,120,22,18.33
2024-07-29,2024-07-28 21:00,2024-08-02 20:00,120,34,28.33
2024-08-05,2024-08-04 21:00,2024-08-09 20:00,120,45,37.5
2024-08-12,2024-08-11 21:00,2024-08-16 20:00,120,29,24.17
2024-08-19,2024-08-18 21:00,2024-08-23 20:00,120,39,32.5
2024-08-26,2024-08-25 21:00,2024-08-30 20:00,120,19,15.83
2024-09-02,2024-09-01 21:00,2024-09-06 20:00,120,28,23.33
2024-09-09,2024-09-08 21:00,2024-09-13 20:00,120,52,43.33
2024-09-16,2024-09-15 21:00,2024-09-20 20:00,120,20,16.67
2024-09-23,2024-09-22 21:00,2024-09-27 20:00,120,10,8.33
2024-09-30,2024-09-29 21:00,2024-10-04 20:00,120,49,40.83
2024-10-07,2024-10-06 21:00,2024-10-11 20:00,120,35,29.17
2024-10-14,2024-10-13 21:00,2024-10-18 20:00,120,28,23.33
2024-10-21,2024-10-20 21:00,2024-10-25 20:00,120,33,27.5
2024-10-28,2024-10-27 21:00,2024-11-01 20:00,120,19,15.83
2024-11-04,2024-11-03 22:00,2024-11-08 21:00,120,25,20.83
2024-11-11,2024-11-10 22:00,2024-11-15 21:00,120,11,9.17
2024-11-18,2024-11-17 22:00,2024-11-22 21:00,120,25,20.83
2024-11-25,2024-11-24 22:00,2024-11-29 21:00,120,27,22.5
2024-12-02,2024-12-01 22:00,2024-12-06 21:00,120,10,8.33
2024-12-09,2024-12-08 22:00,2024-12-13 21:00,120,24,20.0
2024-12-16,2024-12-15 22:00,2024-12-20 21:00,120,31,25.83
2024-12-23,2024-12-22 22:00,2024-12-27 21:00,85,40,47.06
2024-12-30,2024-12-29 22:00,2025-01-03 21:00,93,25,26.88
2025-01-06,2025-01-05 22:00,2025-01-10 21:00,120,40,33.33
2025-01-13,2025-01-12 22:00,2025-01-17 21:00,120,29,24.17
2025-01-20,2025-01-19 22:00,2025-01-24 21:00,120,8,6.67
2025-01-27,2025-01-26 22:00,2025-01-31 21:00,120,46,38.33
2025-02-03,2025-02-02 22:00,2025-02-07 21:00,120,35,29.17
2025-02-10,2025-02-09 22:00,2025-02-14 21:00,120,9,7.5
2025-02-17,2025-02-16 22:00,2025-02-21 21:00,120,26,21.67
2025-02-24,2025-02-23 22:00,2025-02-28 21:00,120,27,22.5
2025-03-03,2025-03-02 22:00,2025-03-07 21:00,120,39,32.5
2025-03-10,2025-03-09 22:00,2025-03-14 20:00,119,28,23.53
2025-03-17,2025-03-16 22:00,2025-03-21 20:00,119,22,18.49
2025-03-24,2025-03-23 22:00,2025-03-28 20:00,119,19,15.97
2025-03-31,2025-03-30 21:00,2025-04-04 20:00,120,9,7.5
2025-04-07,2025-04-06 21:00,2025-04-11 20:00,120,0,0.0
2025-04-14,2025-04-13 21:00,2025-04-18 20:00,120,44,36.67
2025-04-21,2025-04-20 21:00,2025-04-25 20:00,120,24,20.0
2025-04-28,2025-04-27 21:00,2025-05-02 20:00,120,16,13.33
2025-05-05,2025-05-04 21:00,2025-05-09 20:00,120,29,24.17
2025-05-12,2025-05-11 21:00,2025-05-16 20:00,120,35,29.17
2025-05-19,2025-05-18 21:00,2025-05-23 20:00,120,23,19.17
2025-05-26,2025-05-25 21:00,2025-05-30 20:00,120,25,20.83
2025-06-02,2025-06-01 21:00,2025-06-06 20:00,120,17,14.17
2025-06-09,2025-06-08 21:00,2025-06-13 20:00,120,22,18.33
2025-06-16,2025-06-15 21:00,2025-06-20 20:00,120,36,30.0
2025-06-23,2025-06-22 21:00,2025-06-27 20:00,120,8,6.67
2025-06-30,2025-06-29 21:00,2025-07-04 20:00,120,28,23.33
2025-07-07,2025-07-06 21:00,2025-07-11 20:00,120,31,25.83
2025-07-14,2025-07-13 21:00,2025-07-18 20:00,120,46,38.33
2025-07-21,2025-07-20 21:00,2025-07-25 20:00,120,36,30.0
2025-07-28,2025-07-27 21:00,2025-08-01 20:00,120,33,27.5
2025-08-04,2025-08-03 21:00,2025-08-08 20:00,120,18,15.0
2025-08-11,2025-08-10 21:00,2025-08-15 20:00,120,9,7.5
2025-08-18,2025-08-17 21:00,2025-08-22 20:00,120,19,15.83
2025-08-25,2025-08-24 21:00,2025-08-29 20:00,120,0,0.0
2025-09-01,2025-08-31 21:00,2025-09-05 20:00,120,13,10.83
2025-09-08,2025-09-07 21:00,2025-09-12 20:00,120,21,17.5
2025-09-15,2025-09-14 21:00,2025-09-19 20:00,120,8,6.67
2025-09-22,2025-09-21 21:00,2025-09-26 20:00,120,33,27.5
2025-09-29,2025-09-28 21:00,2025-10-03 20:00,120,31,25.83
2025-10-06,2025-10-05 21:00,2025-10-10 20:00,120,36,30.0
2025-10-13,2025-10-12 21:00,2025-10-17 20:00,120,39,32.5
2025-10-20,2025-10-19 21:00,2025-10-24 20:00,120,44,36.67
2025-10-27,2025-10-26 22:00,2025-10-31 20:00,119,20,16.81
2025-11-03,2025-11-02 22:00,2025-11-07 21:00,120,16,13.33
2025-11-10,2025-11-09 22:00,2025-11-14 21:00,120,0,0.0
2025-11-17,2025-11-16 22:00,2025-11-21 21:00,120,13,10.83
2025-11-24,2025-11-23 22:00,2025-11-28 21:00,120,37,30.83
2025-12-01,2025-11-30 22:00,2025-12-05 21:00,120,34,28.33
2025-12-08,2025-12-07 22:00,2025-12-12 21:00,120,29,24.17
2025-12-15,2025-12-14 22:00,2025-12-19 21:00,120,41,34.17
2025-12-22,2025-12-21 22:00,2025-12-26 21:00,85,8,9.41
2025-12-29,2025-12-28 22:00,2026-01-02 21:00,93,12,12.9
2026-01-05,2026-01-04 22:00,2026-01-09 21:00,120,9,7.5
2026-01-12,2026-01-11 22:00,2026-01-16 21:00,120,18,15.0
2026-01-19,2026-01-18 22:00,2026-01-23 21:00,120,34,28.33
2026-01-26,2026-01-25 22:00,2026-01-30 21:00,120,26,21.67
2026-02-02,2026-02-01 22:00,2026-02-06 21:00,120,8,6.67
2026-02-09,2026-02-08 22:00,2026-02-13 21:00,120,38,31.67
2026-02-16,2026-02-15 22:00,2026-02-20 21:00,120,33,27.5
2026-02-23,2026-02-22 22:00,2026-02-27 21:00,120,0,0.0
2026-03-02,2026-03-01 22:00,2026-03-06 21:00,120,9,7.5
2026-03-09,2026-03-08 22:00,2026-03-13 20:00,119,9,7.56
2026-03-16,2026-03-15 22:00,2026-03-20 20:00,119,0,0.0
2026-03-23,2026-03-22 22:00,2026-03-27 20:00,119,35,29.41
2026-03-30,2026-03-29 21:00,2026-04-03 20:00,120,25,20.83
2026-04-06,2026-04-05 21:00,2026-04-10 20:00,120,35,29.17
2026-04-13,2026-04-12 21:00,2026-04-17 20:00,120,53,44.17
2026-04-20,2026-04-19 21:00,2026-04-24 20:00,120,39,32.5
2026-04-27,2026-04-26 21:00,2026-05-01 20:00,120,44,36.67
2026-05-04,2026-05-03 21:00,2026-05-08 20:00,120,46,38.33
2026-05-11,2026-05-10 21:00,2026-05-15 20:00,120,10,8.33
2026-05-18,2026-05-17 21:00,2026-05-22 20:00,120,16,13.33
2026-05-25,2026-05-24 21:00,2026-05-29 20:00,120,22,18.33
2026-06-01,2026-05-31 21:00,2026-06-05 20:00,120,30,25.0
2026-06-08,2026-06-07 21:00,2026-06-12 20:00,120,34,28.33
2026-06-15,2026-06-14 21:00,2026-06-19 20:00,120,33,27.5
2026-06-22,2026-06-21 21:00,2026-06-26 20:00,120,31,25.83
2026-06-29,2026-06-28 21:00,2026-07-03 20:00,120,50,41.67
2026-07-06,2026-07-05 21:00,2026-07-10 20:00,120,18,15.0
2026-07-13,2026-07-12 21:00,2026-07-17 20:00,120,0,0.0
2026-07-20,2026-07-19 21:00,2026-07-24 00:00,100,27,27.0
