rank,xPips,yPips,stopLossPips,takeProfitPips,riskPercent,deposit,finalEquity,returnPercent,maxDrawdownPercent,entries,pips,legWinRate,wins,doubleWin,mixed,doubleLoss
1,20,40,20,45,0.50,100000,122801,22.8,14.94,979,939.4,0.3258,638,0,638,341
2,20,40,90,45,0.50,100000,116471,16.5,4.92,652,2822.2,0.6879,897,245,407,0
3,20,40,100,35,0.50,100000,114036,14.0,5.66,679,2704.4,0.7607,1033,354,325,0
4,20,40,80,45,0.50,100000,112787,12.8,4.53,704,1999.4,0.6570,925,221,483,0
5,20,40,95,35,0.50,100000,112492,12.5,7.75,697,2314.2,0.7489,1044,347,350,0
6,20,40,100,25,0.50,100000,110802,10.8,3.67,720,2117.0,0.8174,1177,457,263,0
7,20,40,80,65,0.50,100000,110179,10.2,5.71,654,1599.4,0.5650,739,85,569,0
8,20,40,90,40,0.50,100000,110064,10.1,5.19,663,1801.8,0.7081,939,276,387,0
9,20,40,95,25,0.50,100000,108510,8.5,7.32,737,1618.2,0.8066,1189,452,285,0
10,20,40,80,70,0.50,100000,108069,8.1,7.08,651,1278.6,0.5445,709,58,593,0
11,20,40,90,25,0.50,100000,107615,7.6,3.91,755,1388.0,0.7967,1203,448,307,0
12,20,40,95,70,0.50,100000,107553,7.6,6.06,533,1438.8,0.5882,627,94,439,0
13,20,40,100,45,0.50,100000,107067,7.1,6.91,612,1443.2,0.7026,860,248,364,0
14,20,40,85,25,0.50,100000,106847,6.8,6.61,776,1193.6,0.7861,1220,444,332,0
15,20,40,80,75,0.50,100000,106463,6.5,3.94,639,1025.4,0.5258,672,33,606,0
16,20,40,85,30,0.50,100000,106312,6.3,6.52,751,1113.6,0.7517,1129,378,373,0
17,20,40,80,50,0.50,100000,105845,5.8,7.09,681,976.6,0.6263,853,172,509,0
18,20,40,70,65,0.50,100000,104387,4.4,5.17,704,624.4,0.5270,742,38,666,0
19,20,40,100,50,0.50,100000,104364,4.4,9.01,586,929.6,0.6766,793,207,379,0
20,20,40,85,45,0.50,100000,103985,4.0,5.47,673,737.8,0.6634,893,220,453,0
21,20,40,85,40,0.50,100000,103778,3.8,7.75,696,705.6,0.6897,960,264,432,0
22,20,40,55,100,0.50,100000,103690,3.7,12.40,563,521.8,0.3623,408,0,408,155
23,20,40,90,65,0.50,100000,103022,3.0,8.31,594,593.4,0.5884,699,105,489,0
24,20,40,70,60,0.50,100000,103015,3.0,8.51,713,451.8,0.5463,779,66,647,0
25,20,40,55,65,0.50,100000,102672,2.7,5.55,749,321.4,0.4660,698,0,698,51
26,20,40,95,40,0.50,100000,102660,2.7,5.58,660,576.0,0.7121,940,280,380,0
27,20,40,90,30,0.50,100000,102566,2.6,9.46,736,529.6,0.7588,1117,381,355,0
28,20,40,95,30,0.50,100000,102445,2.4,6.36,713,531.8,0.7686,1096,383,330,0
29,20,40,80,55,0.50,100000,102412,2.4,7.07,643,439.8,0.6003,772,129,514,0
30,20,40,60,45,0.50,100000,102143,2.1,9.39,801,303.6,0.5799,929,128,673,0
31,20,40,100,30,0.50,100000,101854,1.9,7.04,693,439.8,0.7771,1077,384,309,0
32,20,40,95,45,0.50,100000,101837,1.8,5.89,621,420.6,0.6860,852,231,390,0
33,20,40,75,70,0.50,100000,101529,1.5,5.75,641,247.6,0.5234,671,30,611,0
34,20,40,70,25,0.50,100000,100922,0.9,16.19,825,195.0,0.7455,1230,405,420,0
35,20,40,100,90,0.50,100000,100880,0.9,7.00,499,201.4,0.5311,530,31,468,0
36,20,40,90,50,0.50,100000,100869,0.9,6.55,637,228.2,0.6491,827,190,447,0
37,20,40,55,25,0.45,100000,100459,0.5,14.38,878,110.8,0.6970,1224,346,532,0
38,20,40,20,60,0.15,100000,100412,0.4,8.88,894,108.4,0.2595,464,0,464,430
39,20,40,75,65,0.50,100000,100254,0.3,9.83,657,70.2,0.5411,711,54,603,0
40,20,40,70,85,0.45,100000,100231,0.2,9.36,598,72.8,0.4565,546,0,546,52
41,20,40,60,50,0.35,100000,100131,0.1,4.41,787,48.2,0.5521,869,82,705,0
42,20,40,95,60,0.30,100000,100120,0.1,4.54,577,77.2,0.6179,713,136,441,0
43,20,40,20,55,0.05,100000,100040,0.0,2.44,934,32.4,0.2762,516,0,516,418
44,20,40,80,30,0.10,100000,100027,0.0,2.19,774,36.4,0.7339,1136,362,412,0
45,20,40,80,90,0.05,100000,99992,-0.0,0.59,572,-10.8,0.4747,543,0,543,29
46,20,40,50,95,0.05,100000,99975,-0.0,1.90,605,-12.0,0.3496,423,0,423,182
47,20,40,100,65,0.05,100000,99968,-0.0,0.83,541,-57.4,0.6100,660,119,422,0
48,20,40,65,40,0.05,100000,99947,-0.1,1.20,770,-63.0,0.6253,963,193,577,0
49,20,40,95,65,0.05,100000,99939,-0.1,0.92,564,-109.6,0.5975,674,110,454,0
50,20,40,85,55,0.05,100000,99933,-0.1,0.96,641,-107.4,0.6115,784,143,498,0
51,20,40,65,45,0.05,100000,99933,-0.1,1.25,780,-82.0,0.5968,931,151,629,0
52,20,40,60,40,0.05,100000,99925,-0.1,0.83,803,-84.2,0.6065,974,171,632,0
53,20,40,90,70,0.05,100000,99905,-0.1,0.62,576,-166.4,0.5660,652,76,500,0
54,20,40,85,50,0.05,100000,99899,-0.1,0.80,661,-165.4,0.6339,838,177,484,0
55,20,40,80,85,0.05,100000,99870,-0.1,0.44,584,-207.6,0.4880,570,0,570,14
56,20,40,75,60,0.05,100000,99828,-0.2,0.96,674,-253.6,0.5593,754,80,594,0
57,20,40,80,40,0.05,100000,99826,-0.2,1.20,708,-271.2,0.6709,950,242,466,0
58,20,40,90,85,0.05,100000,99823,-0.2,0.58,569,-316.6,0.5167,588,19,550,0
59,20,40,80,25,0.05,100000,99812,-0.2,1.12,789,-294.6,0.7668,1210,421,368,0
60,20,40,100,40,0.05,100000,99796,-0.2,0.86,629,-400.6,0.7170,902,273,356,0
61,20,40,60,30,0.05,100000,99796,-0.2,1.01,856,-238.4,0.6729,1152,296,560,0
62,20,40,75,90,0.05,100000,99785,-0.2,0.77,571,-319.4,0.4571,522,0,522,49
63,20,40,60,25,0.05,100000,99783,-0.2,1.27,857,-254.8,0.7124,1221,364,493,0
64,20,40,55,30,0.05,100000,99768,-0.2,1.28,882,-249.8,0.6536,1153,271,611,0
65,20,40,60,65,0.05,100000,99758,-0.2,0.84,753,-289.2,0.4841,729,0,729,24
66,20,40,100,70,0.05,100000,99748,-0.3,0.65,514,-499.6,0.5895,606,92,422,0
67,20,40,100,80,0.05,100000,99736,-0.3,0.67,504,-525.6,0.5565,561,57,447,0
68,20,40,70,55,0.05,100000,99735,-0.3,1.52,716,-367.4,0.5635,807,91,625,0
69,20,40,75,45,0.05,100000,99730,-0.3,1.05,735,-399.0,0.6286,924,189,546,0
70,20,40,85,35,0.05,100000,99726,-0.3,0.78,728,-459.2,0.7115,1036,308,420,0
71,20,40,60,100,0.05,100000,99710,-0.3,1.26,555,-337.0,0.3775,419,0,419,136
72,20,40,90,35,0.05,100000,99703,-0.3,1.07,692,-528.8,0.7225,1000,308,384,0
73,20,40,85,100,0.05,100000,99698,-0.3,1.39,493,-510.2,0.4604,454,0,454,39
74,20,40,100,75,0.05,100000,99697,-0.3,0.77,520,-603.0,0.5721,595,75,445,0
75,20,40,95,100,0.05,100000,99695,-0.3,0.65,489,-579.6,0.4877,477,0,477,12
76,20,40,95,75,0.05,100000,99687,-0.3,0.68,536,-590.4,0.5597,600,64,472,0
77,20,40,80,60,0.05,100000,99684,-0.3,0.92,658,-501.2,0.5737,755,97,561,0
78,20,40,70,45,0.05,100000,99680,-0.3,1.30,766,-442.4,0.6123,938,172,594,0
79,20,40,90,60,0.05,100000,99678,-0.3,0.79,625,-575.0,0.6016,752,127,498,0
80,20,40,100,100,0.05,100000,99660,-0.3,0.34,486,-680.4,0.5000,486,0,486,0
81,20,40,85,95,0.05,100000,99655,-0.3,0.68,518,-585.2,0.4730,490,0,490,28
82,20,40,50,40,0.05,100000,99649,-0.4,1.35,891,-347.4,0.5612,1000,109,782,0
83,20,40,55,75,0.05,100000,99641,-0.4,1.42,671,-389.4,0.4262,572,0,572,99
84,20,40,95,90,0.05,100000,99628,-0.4,0.52,515,-706.0,0.5136,529,14,501,0
85,20,40,95,95,0.05,100000,99615,-0.4,0.38,523,-732.2,0.5000,523,0,523,0
86,20,40,60,85,0.05,100000,99615,-0.4,1.04,632,-454.8,0.4161,526,0,526,106
87,20,40,80,95,0.05,100000,99614,-0.4,1.02,521,-614.4,0.4578,477,0,477,44
88,20,40,100,95,0.05,100000,99605,-0.4,0.44,489,-789.6,0.5123,501,12,477,0
89,20,40,90,95,0.05,100000,99591,-0.4,0.78,515,-736.0,0.4864,501,0,501,14
90,20,40,75,35,0.05,100000,99583,-0.4,1.26,743,-620.2,0.6844,1017,274,469,0
91,20,40,100,85,0.05,100000,99564,-0.4,0.92,493,-870.2,0.5396,532,39,454,0
92,20,40,90,90,0.05,100000,99561,-0.4,0.44,566,-792.4,0.5000,566,0,566,0
93,20,40,95,80,0.05,100000,99555,-0.4,0.70,521,-844.4,0.5422,565,44,477,0
94,20,40,95,85,0.05,100000,99544,-0.5,0.72,518,-865.2,0.5270,546,28,490,0
95,20,40,55,90,0.05,100000,99543,-0.5,1.47,624,-493.6,0.3814,476,0,476,148
96,20,40,50,25,0.05,100000,99540,-0.5,1.89,932,-454.8,0.6727,1254,322,610,0
97,20,40,35,25,0.05,100000,99530,-0.5,1.60,997,-325.8,0.5923,1181,184,813,0
98,20,40,95,55,0.05,100000,99528,-0.5,0.86,594,-891.6,0.6330,752,158,436,0
99,20,40,85,85,0.05,100000,99516,-0.5,0.48,589,-824.6,0.5000,589,0,589,0
100,20,40,75,85,0.05,100000,99513,-0.5,1.16,585,-729.0,0.4692,549,0,549,36
101,20,40,65,85,0.05,100000,99493,-0.5,1.53,618,-655.2,0.4345,537,0,537,81
102,20,40,75,50,0.05,100000,99485,-0.5,1.44,692,-768.8,0.6012,832,140,552,0
103,20,40,85,75,0.05,100000,99465,-0.5,0.62,585,-909.0,0.5308,621,36,549,0
104,20,40,65,25,0.05,100000,99459,-0.5,1.31,856,-698.4,0.7255,1242,386,470,0
105,20,40,50,70,0.05,100000,99450,-0.6,1.76,732,-544.8,0.4194,614,0,614,118
106,20,40,80,100,0.05,100000,99445,-0.6,1.45,504,-885.6,0.4435,447,0,447,57
107,20,40,80,80,0.05,100000,99442,-0.6,0.56,639,-894.6,0.5000,639,0,639,0
108,20,40,30,65,0.05,100000,99434,-0.6,2.12,847,-325.8,0.3211,544,0,544,303
109,20,40,75,100,0.05,100000,99429,-0.6,1.71,520,-853.0,0.4279,445,0,445,75
110,20,40,35,70,0.05,100000,99406,-0.6,1.49,788,-403.2,0.3376,532,0,532,256
111,20,40,75,75,0.05,100000,99392,-0.6,0.61,653,-914.2,0.5000,653,0,653,0
112,20,40,75,95,0.05,100000,99391,-0.6,1.72,536,-910.4,0.4403,472,0,472,64
113,20,40,100,60,0.05,100000,99390,-0.6,1.09,555,-1217.0,0.6225,691,136,419,0
114,20,40,75,30,0.05,100000,99363,-0.6,1.85,765,-951.0,0.7150,1094,329,436,0
115,20,40,75,40,0.05,100000,99344,-0.7,1.17,722,-980.8,0.6524,942,220,502,0
116,20,40,50,45,0.05,100000,99340,-0.7,1.50,875,-660.0,0.5297,927,52,823,0
117,20,40,70,100,0.05,100000,99326,-0.7,1.74,514,-939.6,0.4105,422,0,422,92
118,20,40,90,55,0.05,100000,99302,-0.7,1.07,624,-1253.6,0.6186,772,148,476,0
119,20,40,70,70,0.05,100000,99294,-0.7,0.71,708,-991.2,0.5000,708,0,708,0
120,20,40,55,95,0.05,100000,99290,-0.7,2.12,594,-771.6,0.3670,436,0,436,158
121,20,40,90,75,0.05,100000,99290,-0.7,1.02,571,-1279.4,0.5429,620,49,522,0
122,20,40,85,65,0.05,100000,99279,-0.7,1.45,618,-1225.2,0.5647,698,80,538,0
123,20,40,50,30,0.05,100000,99254,-0.7,1.61,902,-742.8,0.6286,1134,232,670,0
124,20,40,85,90,0.05,100000,99251,-0.7,1.13,569,-1276.6,0.4833,550,0,550,19
125,20,40,90,20,0.05,100000,99235,-0.8,1.37,825,-1375.0,0.8170,1348,523,302,0
126,20,40,35,80,0.05,100000,99232,-0.8,1.73,745,-523.0,0.3074,458,0,458,287
127,20,40,85,60,0.05,100000,99226,-0.8,1.20,632,-1314.8,0.5839,738,106,526,0
128,20,40,65,65,0.05,100000,99191,-0.8,0.81,754,-1055.6,0.5000,754,0,754,0
129,20,40,65,50,0.05,100000,99170,-0.8,1.26,760,-1079.0,0.5651,859,99,661,0
130,20,40,85,80,0.05,100000,99163,-0.8,0.90,584,-1427.6,0.5120,598,14,570,0
131,20,40,40,55,0.05,100000,99161,-0.8,1.39,845,-668.0,0.4243,717,0,717,128
132,20,40,75,20,0.05,100000,99154,-0.8,1.10,863,-1268.2,0.7891,1362,499,364,0
133,20,40,90,80,0.05,100000,99119,-0.9,1.02,572,-1590.8,0.5253,601,29,543,0
134,20,40,70,40,0.05,100000,99117,-0.9,1.55,775,-1235.0,0.6355,985,210,565,0
135,20,40,95,50,0.05,100000,99115,-0.9,1.08,605,-1682.0,0.6504,787,182,423,0
136,20,40,90,100,0.05,100000,99114,-0.9,1.67,499,-1598.6,0.4689,468,0,468,31
137,20,40,60,55,0.05,100000,99101,-0.9,1.05,780,-1082.0,0.5218,814,34,746,0
138,20,40,60,60,0.05,100000,99092,-0.9,0.91,782,-1094.8,0.5000,782,0,782,0
139,20,40,65,35,0.05,100000,99087,-0.9,1.58,818,-1185.2,0.6498,1063,245,573,0
140,20,40,30,70,0.05,100000,99087,-0.9,2.33,810,-534.0,0.3037,492,0,492,318
141,20,40,95,20,0.05,100000,99084,-0.9,1.17,795,-1743.0,0.8226,1308,513,282,0
142,20,40,55,45,0.05,100000,99072,-0.9,1.45,844,-1021.6,0.5509,930,86,758,0
143,20,40,80,35,0.05,100000,99023,-1.0,1.57,745,-1563.0,0.6926,1032,287,458,0
144,20,40,50,55,0.05,100000,99019,-1.0,1.13,835,-984.0,0.4772,797,0,797,38
145,20,40,60,90,0.05,100000,99018,-1.0,1.66,625,-1175.0,0.3984,498,0,498,127
146,20,40,75,55,0.05,100000,99009,-1.0,1.30,671,-1489.4,0.5738,770,99,572,0
147,20,40,55,60,0.05,100000,99001,-1.0,1.45,780,-1102.0,0.4782,746,0,746,34
148,20,40,70,90,0.05,100000,98968,-1.0,1.66,576,-1446.4,0.4340,500,0,500,76
149,20,40,100,55,0.05,100000,98953,-1.0,1.45,563,-2098.2,0.6377,718,155,408,0
150,20,40,50,65,0.05,100000,98951,-1.0,1.48,760,-1049.0,0.4349,661,0,661,99
151,20,40,60,35,0.05,100000,98951,-1.0,1.74,825,-1260.0,0.6309,1041,216,609,0
152,20,40,55,55,0.05,100000,98948,-1.1,1.05,831,-1163.4,0.5000,831,0,831,0
153,20,40,70,50,0.05,100000,98927,-1.1,1.81,732,-1504.8,0.5806,850,118,614,0
154,20,40,35,40,0.05,100000,98925,-1.1,1.33,957,-754.8,0.4707,901,0,901,56
155,20,40,40,45,0.05,100000,98919,-1.1,1.54,916,-867.4,0.4733,867,0,867,49
156,20,40,55,35,0.05,100000,98905,-1.1,1.63,868,-1205.2,0.6112,1061,193,675,0
157,20,40,25,75,0.05,100000,98886,-1.1,4.60,814,-539.6,0.2537,413,0,413,401
158,20,40,85,70,0.05,100000,98885,-1.1,1.41,598,-1902.2,0.5426,649,51,547,0
159,20,40,60,80,0.05,100000,98883,-1.1,1.59,658,-1341.2,0.4263,561,0,561,97
160,20,40,50,35,0.05,100000,98874,-1.1,1.64,898,-1127.2,0.5891,1058,160,738,0
161,20,40,65,95,0.05,100000,98869,-1.1,2.01,564,-1469.6,0.4025,454,0,454,110
162,20,40,75,25,0.05,100000,98842,-1.2,2.25,814,-1739.6,0.7463,1215,401,413,0
163,20,40,50,75,0.05,100000,98829,-1.2,2.64,692,-1168.8,0.3988,552,0,552,140
164,20,40,40,70,0.05,100000,98824,-1.2,1.89,775,-935.0,0.3645,565,0,565,210
165,20,40,25,40,0.05,100000,98814,-1.2,2.07,989,-589.6,0.3908,773,0,773,216
166,20,40,50,50,0.05,100000,98777,-1.2,1.22,879,-1230.6,0.5000,879,0,879,0
167,20,40,55,50,0.05,100000,98775,-1.2,1.75,835,-1354.0,0.5228,873,38,797,0
168,20,40,70,30,0.05,100000,98764,-1.2,2.10,810,-1734.0,0.6963,1128,318,492,0
169,20,40,45,25,0.05,100000,98761,-1.2,1.82,955,-1117.0,0.6445,1231,276,679,0
170,20,40,65,100,0.05,100000,98752,-1.2,2.03,541,-1622.4,0.3891,421,0,421,120
171,20,40,70,35,0.05,100000,98715,-1.3,2.01,788,-1803.2,0.6624,1044,256,532,0
172,20,40,45,30,0.05,100000,98700,-1.3,2.04,913,-1173.2,0.6008,1097,184,729,0
173,20,40,40,75,0.05,100000,98692,-1.3,2.42,722,-1040.8,0.3476,502,0,502,220
174,20,40,100,20,0.05,100000,98650,-1.4,1.54,766,-2712.4,0.8244,1263,497,269,0
175,20,40,60,75,0.05,100000,98643,-1.4,1.40,674,-1633.6,0.4407,594,0,594,80
176,20,40,45,45,0.05,100000,98617,-1.4,1.38,895,-1253.0,0.5000,895,0,895,0
177,20,40,65,60,0.05,100000,98609,-1.4,1.55,753,-1819.2,0.5159,777,24,729,0
178,20,40,60,95,0.05,100000,98591,-1.4,2.01,577,-1692.8,0.3821,441,0,441,136
179,20,40,70,75,0.05,100000,98550,-1.4,1.56,641,-2042.4,0.4766,611,0,611,30
180,20,40,65,75,0.05,100000,98539,-1.5,1.55,657,-1909.8,0.4589,603,0,603,54
181,20,40,55,70,0.05,100000,98517,-1.5,1.83,716,-1637.4,0.4365,625,0,625,91
182,20,40,45,55,0.05,100000,98516,-1.5,1.57,844,-1341.6,0.4491,758,0,758,86
183,20,40,35,60,0.05,100000,98497,-1.5,2.07,825,-1050.0,0.3691,609,0,609,216
184,20,40,35,45,0.05,100000,98496,-1.5,2.34,919,-1056.6,0.4391,807,0,807,112
185,20,40,55,85,0.05,100000,98469,-1.5,2.21,641,-1687.4,0.3885,498,0,498,143
186,20,40,55,40,0.05,100000,98464,-1.5,2.07,845,-1698.0,0.5757,973,128,717,0
187,20,40,35,30,0.05,100000,98460,-1.5,1.90,992,-1083.8,0.5408,1073,82,909,1
188,20,40,65,30,0.05,100000,98433,-1.6,2.14,847,-2045.8,0.6789,1150,303,544,0
189,20,40,35,65,0.05,100000,98416,-1.6,1.96,818,-1105.2,0.3502,573,0,573,245
190,20,40,40,40,0.05,100000,98339,-1.7,1.66,957,-1339.8,0.5000,957,0,957,0
191,20,40,20,30,0.05,100000,98332,-1.7,3.15,1027,-667.8,0.4075,837,0,837,190
192,20,40,45,35,0.05,100000,98325,-1.7,2.10,919,-1516.6,0.5609,1031,112,807,0
193,20,40,50,85,0.05,100000,98317,-1.7,2.17,661,-1685.4,0.3661,484,0,484,177
194,20,40,40,100,0.05,100000,98290,-1.7,3.55,629,-1360.6,0.2830,356,0,356,273
195,20,40,20,40,0.05,100000,98281,-1.7,2.60,960,-684.0,0.3391,651,0,651,309
196,20,40,65,90,0.05,100000,98273,-1.7,2.72,594,-2256.6,0.4116,489,0,489,105
197,20,40,85,20,0.05,100000,98264,-1.7,2.08,818,-2970.2,0.7989,1307,489,329,0
198,20,40,80,20,0.05,100000,98257,-1.7,1.95,834,-2807.6,0.7902,1318,484,350,0
199,20,40,35,55,0.05,100000,98253,-1.7,2.05,868,-1225.2,0.3888,675,0,675,193
200,20,40,70,20,0.05,100000,98202,-1.8,1.97,867,-2533.8,0.7693,1334,467,400,0
201,20,40,45,75,0.05,100000,98161,-1.8,2.23,735,-1659.0,0.3714,546,0,546,189
202,20,40,30,25,0.05,100000,98155,-1.8,2.60,1025,-1115.0,0.5483,1124,100,924,1
203,20,40,65,55,0.05,100000,98155,-1.8,1.93,749,-2418.6,0.5340,800,51,698,0
204,20,40,75,80,0.05,100000,98139,-1.9,1.95,639,-2814.6,0.4742,606,0,606,33
205,20,40,45,40,0.05,100000,98130,-1.9,1.92,916,-1697.4,0.5267,965,49,867,0
206,20,40,45,70,0.05,100000,98116,-1.9,2.13,766,-1702.4,0.3877,594,0,594,172
207,20,40,50,20,0.05,100000,98093,-1.9,2.29,964,-1919.6,0.7101,1369,405,559,0
208,20,40,40,30,0.05,100000,98074,-1.9,2.44,959,-1552.6,0.5699,1093,134,825,0
209,20,40,35,35,0.05,100000,98053,-1.9,1.95,983,-1376.2,0.5000,983,0,983,0
210,20,40,35,50,0.05,100000,98028,-2.0,2.25,898,-1387.2,0.4109,738,0,738,160
211,20,40,45,50,0.05,100000,98028,-2.0,2.19,875,-1790.0,0.4703,823,0,823,52
212,20,40,65,70,0.05,100000,98021,-2.0,2.00,704,-2595.6,0.4730,666,0,666,38
213,20,40,30,40,0.05,100000,98008,-2.0,2.32,959,-1202.6,0.4296,824,0,824,135
214,20,40,30,75,0.05,100000,98006,-2.0,4.09,765,-1191.0,0.2850,436,0,436,329
215,20,40,50,90,0.05,100000,97995,-2.0,2.81,637,-2011.8,0.3509,447,0,447,190
216,20,40,35,90,0.05,100000,97981,-2.0,4.34,692,-1408.8,0.2775,384,0,384,308
217,20,40,60,70,0.05,100000,97977,-2.0,2.09,713,-2448.2,0.4537,647,0,647,66
218,20,40,55,80,0.05,100000,97976,-2.0,3.03,643,-2240.2,0.3997,514,0,514,129
219,20,40,70,95,0.05,100000,97923,-2.1,2.44,533,-2931.2,0.4118,439,0,439,94
220,20,40,35,75,0.05,100000,97915,-2.1,2.80,743,-1460.2,0.3156,469,0,469,274
221,20,40,40,80,0.05,100000,97866,-2.1,3.72,708,-1711.2,0.3291,466,0,466,242
222,20,40,20,50,0.05,100000,97863,-2.1,4.35,964,-849.6,0.2894,558,0,558,406
223,20,40,60,20,0.05,100000,97842,-2.2,2.60,894,-2611.6,0.7405,1324,430,464,0
224,20,40,35,20,0.05,100000,97805,-2.2,2.66,1010,-1549.0,0.6351,1283,273,737,0
225,20,40,50,60,0.05,100000,97769,-2.2,2.72,787,-2251.8,0.4479,705,0,705,82
226,20,40,35,85,0.05,100000,97744,-2.3,3.04,728,-1579.2,0.2885,420,0,420,308
227,20,40,65,20,0.05,100000,97732,-2.3,2.45,894,-2976.6,0.7534,1347,453,441,0
228,20,40,30,45,0.05,100000,97710,-2.3,3.15,913,-1383.2,0.3992,729,0,729,184
229,20,40,70,80,0.05,100000,97701,-2.3,2.52,651,-3251.4,0.4547,592,0,592,59
230,20,40,45,65,0.05,100000,97683,-2.3,2.83,780,-2102.0,0.4032,629,0,629,151
231,20,40,55,20,0.05,100000,97617,-2.4,2.86,934,-2647.6,0.7238,1352,418,516,0
232,20,40,45,95,0.05,100000,97612,-2.4,3.00,621,-2159.4,0.3140,390,0,390,231
233,20,40,30,30,0.05,100000,97566,-2.4,2.43,1013,-1478.2,0.4995,1012,0,1012,1
234,20,40,40,35,0.05,100000,97529,-2.5,2.56,957,-1999.8,0.5287,1012,55,902,0
235,20,40,50,100,0.05,100000,97448,-2.6,4.22,586,-2570.4,0.3234,379,0,379,207
236,20,40,40,20,0.05,100000,97447,-2.6,3.08,960,-2064.0,0.6604,1268,308,652,0
237,20,40,40,65,0.05,100000,97405,-2.6,2.96,770,-2093.0,0.3747,577,0,577,193
238,20,40,40,50,0.05,100000,97346,-2.7,2.78,891,-2147.4,0.4388,782,0,782,109
239,20,40,40,60,0.05,100000,97321,-2.7,2.85,803,-2164.2,0.3935,632,0,632,171
240,20,40,65,80,0.05,100000,97282,-2.7,2.81,654,-3575.6,0.4343,568,0,568,86
241,20,40,40,25,0.05,100000,97228,-2.8,2.95,989,-2244.6,0.6087,1204,215,774,0
242,20,40,45,60,0.05,100000,97203,-2.8,2.95,801,-2546.4,0.4201,673,0,673,128
243,20,40,20,25,0.05,100000,97190,-2.8,3.03,1034,-1137.6,0.4478,926,0,926,108
244,20,40,50,80,0.05,100000,97147,-2.9,4.15,681,-2883.4,0.3737,509,0,509,172
245,20,40,25,25,0.05,100000,97146,-2.9,2.85,1034,-1447.6,0.5000,1034,0,1034,0
246,20,40,45,85,0.05,100000,97113,-2.9,3.64,673,-2622.2,0.3366,453,0,453,220
247,20,40,30,50,0.05,100000,97057,-2.9,3.55,902,-1782.8,0.3714,670,0,670,232
248,20,40,40,95,0.05,100000,96993,-3.0,4.06,660,-2424.0,0.2879,380,0,380,280
249,20,40,30,35,0.05,100000,96897,-3.1,3.21,992,-1888.8,0.4577,908,0,908,84
250,20,40,25,45,0.05,100000,96780,-3.2,4.17,955,-1627.0,0.3550,678,0,678,277
251,20,40,40,85,0.05,100000,96717,-3.3,4.00,696,-2654.4,0.3103,432,0,432,264
252,20,40,20,35,0.05,100000,96702,-3.3,3.90,1010,-1334.0,0.3644,736,0,736,274
253,20,40,25,65,0.05,100000,96627,-3.4,4.71,856,-1698.4,0.2745,470,0,470,386
254,20,40,45,100,0.05,100000,96535,-3.5,4.43,612,-3156.8,0.2974,364,0,364,248
255,20,40,25,20,0.05,100000,96455,-3.5,3.88,1034,-1802.6,0.5517,1141,107,927,0
256,20,40,30,60,0.05,100000,96446,-3.6,4.02,856,-2158.4,0.3271,560,0,560,296
257,20,40,30,80,0.05,100000,96363,-3.6,4.74,774,-2203.6,0.2661,412,0,412,362
258,20,40,30,55,0.05,100000,96350,-3.7,3.93,882,-2219.8,0.3464,611,0,611,271
259,20,40,20,20,0.05,100000,96344,-3.7,3.66,1064,-1489.6,0.5000,1064,0,1064,0
260,20,40,25,30,0.05,100000,96333,-3.7,3.87,1025,-1865.0,0.4507,924,0,924,101
261,20,40,30,20,0.05,100000,96221,-3.8,3.86,1027,-2307.8,0.5915,1215,189,837,1
262,20,40,45,20,0.05,100000,95918,-4.1,4.22,979,-3745.6,0.6736,1319,340,639,0
263,20,40,25,60,0.05,100000,95772,-4.2,5.42,857,-2144.8,0.2876,493,0,493,364
264,20,40,30,90,0.05,100000,95739,-4.3,4.63,736,-2590.4,0.2412,355,0,355,381
265,20,40,45,80,0.05,100000,95670,-4.3,4.61,704,-3970.6,0.3430,483,0,483,221
266,20,40,25,50,0.05,100000,95616,-4.4,5.83,932,-2229.8,0.3267,609,0,609,323
267,20,40,40,90,0.05,100000,95510,-4.5,5.73,663,-3658.2,0.2919,387,0,387,276
268,20,40,25,70,0.05,100000,95078,-4.9,6.22,825,-2505.0,0.2545,420,0,420,405
269,20,40,25,35,0.05,100000,95063,-4.9,5.26,997,-2525.8,0.4072,812,0,812,185
270,20,40,25,55,0.05,100000,94966,-5.0,5.28,878,-2569.2,0.3030,532,0,532,346
271,20,40,45,90,0.05,100000,94950,-5.0,5.50,652,-4647.8,0.3121,407,0,407,245
272,20,40,30,85,0.05,100000,94748,-5.3,5.77,751,-3216.4,0.2483,373,0,373,378
273,20,40,35,95,0.05,100000,94059,-5.9,6.65,697,-4265.8,0.2511,350,0,350,347
274,20,40,35,100,0.05,100000,93603,-6.4,7.53,679,-4605.6,0.2393,325,0,325,354
