date;event
2011-01-13;ECB
2011-02-03;ECB
2011-03-03;ECB
2011-04-07;ECB
2011-05-05;ECB
2011-06-09;ECB
2011-07-07;ECB
2011-08-04;ECB
2011-09-08;ECB
2011-10-06;ECB
2011-11-03;ECB
2011-12-08;ECB
2012-01-12;ECB
2012-02-09;ECB
2012-03-08;ECB
2012-04-04;ECB
2012-05-03;ECB
2012-06-06;ECB
2012-07-05;ECB
2012-08-02;ECB
2012-09-06;ECB
2012-10-04;ECB
2012-11-08;ECB
2012-12-06;ECB
2013-01-10;ECB
2013-02-07;ECB
2013-03-07;ECB
2013-04-04;ECB
2013-05-02;ECB
2013-06-06;ECB
2013-07-04;ECB
2013-08-01;ECB
2013-09-05;ECB
2013-10-02;ECB
2013-11-07;ECB
2013-12-05;ECB
2014-01-09;ECB
2014-02-06;ECB
2014-03-06;ECB
2014-04-03;ECB
2014-05-08;ECB
2014-06-05;ECB
2014-07-03;ECB
2014-08-07;ECB
2014-09-04;ECB
2014-10-02;ECB
2014-11-06;ECB
2014-12-04;ECB
2015-01-22;ECB
2015-03-05;ECB
2015-04-15;ECB
2015-06-03;ECB
2015-07-16;ECB
2015-09-03;ECB
2015-10-22;ECB
2015-12-03;ECB
2016-01-21;ECB
2016-03-10;ECB
2016-04-21;ECB
2016-06-02;ECB
2016-07-21;ECB
2016-09-08;ECB
2016-10-20;ECB
2016-12-08;ECB
2017-01-19;ECB
2017-03-09;ECB
2017-04-27;ECB
2017-06-08;ECB
2017-07-20;ECB
2017-09-07;ECB
2017-10-26;ECB
2017-12-14;ECB
2018-01-25;ECB
2018-03-08;ECB
2018-04-26;ECB
2018-06-14;ECB
2018-07-26;ECB
2018-09-13;ECB
2018-10-25;ECB
2018-12-13;ECB
2019-01-24;ECB
2019-03-07;ECB
2019-04-10;ECB
2019-06-06;ECB
2019-07-25;ECB
2019-09-12;ECB
2019-10-24;ECB
2019-12-12;ECB
2020-01-23;ECB
2020-03-12;ECB
2020-04-30;ECB
2020-06-04;ECB
2020-07-16;ECB
2020-09-10;ECB
2020-10-29;ECB
2020-12-10;ECB
2021-01-21;ECB
2021-03-11;ECB
2021-04-22;ECB
2021-06-10;ECB
2021-07-22;ECB
2021-09-09;ECB
2021-10-28;ECB
2021-12-16;ECB
2022-02-03;ECB
2022-03-10;ECB
2022-04-14;ECB
2022-06-09;ECB
2022-07-21;ECB
2022-09-08;ECB
2022-10-27;ECB
2022-12-15;ECB
2023-02-02;ECB
2023-03-16;ECB
2023-05-04;ECB
2023-06-15;ECB
2023-07-27;ECB
2023-09-14;ECB
2023-10-26;ECB
2023-12-14;ECB
2024-01-25;ECB
2024-03-07;ECB
2024-04-11;ECB
2024-06-06;ECB
2024-07-18;ECB
2024-09-12;ECB
2024-10-17;ECB
2024-12-12;ECB
2025-01-30;ECB
2025-03-06;ECB
2025-04-17;ECB
2025-06-05;ECB
2025-07-24;ECB
2025-09-11;ECB
2025-10-30;ECB
2025-12-18;ECB
2026-02-05;ECB
2026-03-19;ECB
2026-04-30;ECB
2026-06-11;ECB
2026-07-23;ECB
