settle_day,weekday,next_trading_day,A,next_low,next_high,A_minus_low_pips,high_minus_A_pips,smaller_pips,next_day_span_pips,settle_minute_volume
2026-01-02,Fri,2026-01-05,1.34547,1.34138,1.35468,40.9,92.1,41,133.0,1526
2026-01-05,Mon,2026-01-06,1.35433,1.34916,1.35675,51.7,24.2,24,75.9,1039
2026-01-06,Tue,2026-01-07,1.35003,1.34548,1.35169,45.5,16.6,17,62.1,749
2026-01-07,Wed,2026-01-08,1.34653,1.34155,1.34654,49.8,0.1,0,49.9,1508
2026-01-08,Thu,2026-01-09,1.34299,1.33924,1.34508,37.5,20.9,21,58.4,546
2026-01-09,Fri,2026-01-12,1.34068,1.33906,1.34857,16.2,78.9,16,95.1,775
2026-01-12,Mon,2026-01-13,1.34660,1.34200,1.34945,46.0,28.5,28,74.5,949
2026-01-13,Tue,2026-01-14,1.34351,1.34195,1.34641,15.6,29.0,16,44.6,710
2026-01-14,Wed,2026-01-15,1.34306,1.33626,1.34450,68.0,14.4,14,82.4,581
2026-01-15,Thu,2026-01-16,1.33851,1.33659,1.34129,19.2,27.8,19,47.0,372
2026-01-16,Fri,2026-01-19,1.33812,1.33440,1.34349,37.2,53.7,37,90.9,635
2026-01-19,Mon,2026-01-20,1.34258,1.34098,1.34912,16.0,65.4,16,81.4,58
2026-01-20,Tue,2026-01-21,1.34276,1.34012,1.34587,26.4,31.1,26,57.5,1294
2026-01-21,Wed,2026-01-22,1.34255,1.34013,1.35055,24.2,80.0,24,104.2,1123
2026-01-22,Thu,2026-01-23,1.34904,1.34824,1.36459,8.0,155.5,8,163.5,933
2026-01-23,Fri,2026-01-26,1.36237,1.36427,1.37131,-19.0,89.4,-19,70.4,1447
2026-01-26,Mon,2026-01-27,1.36817,1.36636,1.38671,18.1,185.4,18,203.5,1767
2026-01-27,Tue,2026-01-28,1.37830,1.37496,1.38441,33.4,61.1,33,94.5,890
2026-01-28,Wed,2026-01-29,1.37943,1.37421,1.38476,52.2,53.3,52,105.5,1040
2026-01-29,Thu,2026-01-30,1.37943,1.36778,1.38142,116.5,19.9,20,136.4,747
2026-01-30,Fri,2026-02-02,1.36972,1.36229,1.37152,74.3,18.0,18,92.3,936
2026-02-02,Mon,2026-02-03,1.36601,1.36503,1.37070,9.8,46.9,10,56.7,1624
2026-02-03,Tue,2026-02-04,1.36882,1.36421,1.37331,46.1,44.9,45,91.0,1446
2026-02-04,Wed,2026-02-05,1.36625,1.35176,1.36538,144.9,-8.7,-9,136.2,702
2026-02-05,Thu,2026-02-06,1.35486,1.35084,1.36233,40.2,74.7,40,114.9,757
2026-02-06,Fri,2026-02-09,1.36156,1.35863,1.37003,29.3,84.7,29,114.0,1120
2026-02-09,Mon,2026-02-10,1.36962,1.36373,1.36965,58.9,0.3,0,59.2,1028
2026-02-10,Tue,2026-02-11,1.36562,1.36095,1.37122,46.7,56.0,47,102.7,498
2026-02-11,Wed,2026-02-12,1.36326,1.36045,1.36713,28.1,38.7,28,66.8,343
2026-02-12,Thu,2026-02-13,1.36236,1.35902,1.36591,33.4,35.5,33,68.9,185
2026-02-13,Fri,2026-02-16,1.36430,1.36237,1.36619,19.3,18.9,19,38.2,371
2026-02-16,Mon,2026-02-17,1.36321,1.34956,1.36291,136.5,-3.0,-3,133.5,77
2026-02-17,Tue,2026-02-18,1.35615,1.34903,1.35820,71.2,20.5,20,91.7,1040
2026-02-18,Wed,2026-02-19,1.34998,1.34338,1.35166,66.0,16.8,17,82.8,932
2026-02-19,Thu,2026-02-20,1.34510,1.34348,1.35148,16.2,63.8,16,80.0,972
2026-02-20,Fri,2026-02-23,1.34855,1.34754,1.35349,10.1,49.4,10,59.5,967
2026-02-23,Mon,2026-02-24,1.34889,1.34700,1.35365,18.9,47.6,19,66.5,515
2026-02-24,Tue,2026-02-25,1.35018,1.34908,1.35656,11.0,63.8,11,74.8,454
2026-02-25,Wed,2026-02-26,1.35508,1.34451,1.35750,105.7,24.2,24,129.9,340
2026-02-26,Thu,2026-02-27,1.34876,1.34395,1.35080,48.1,20.4,20,68.5,1083
2026-02-27,Fri,2026-03-02,1.34803,1.33140,1.34556,166.3,-24.7,-25,141.6,1381
2026-03-02,Mon,2026-03-03,1.34286,1.32529,1.34252,175.7,-3.4,-3,172.3,889
2026-03-03,Tue,2026-03-04,1.33572,1.33032,1.34033,54.0,46.1,46,100.1,1212
2026-03-04,Wed,2026-03-05,1.33750,1.32972,1.33870,77.8,12.0,12,89.8,1849
2026-03-05,Thu,2026-03-06,1.33193,1.33112,1.34129,8.1,93.6,8,101.7,430
2026-03-06,Fri,2026-03-09,1.33879,1.32829,1.34456,105.0,57.7,58,162.7,1676
2026-03-09,Mon,2026-03-10,1.33855,1.34120,1.34832,-26.5,97.7,-26,71.2,1064
2026-03-10,Tue,2026-03-11,1.34295,1.33932,1.34575,36.3,28.0,28,64.3,454
2026-03-11,Wed,2026-03-12,1.34146,1.33379,1.34117,76.7,-2.9,-3,73.8,737
2026-03-12,Thu,2026-03-13,1.33425,1.32171,1.33695,125.4,27.0,27,152.4,478
2026-03-13,Fri,2026-03-16,1.32428,1.32239,1.33397,18.9,96.9,19,115.8,1090
2026-03-16,Mon,2026-03-17,1.33319,1.32733,1.33644,58.6,32.5,32,91.1,1158
2026-03-17,Tue,2026-03-18,1.33568,1.32508,1.33745,106.0,17.7,18,123.7,1035
2026-03-18,Wed,2026-03-19,1.32914,1.32459,1.34672,45.5,175.8,46,221.3,1222
2026-03-19,Thu,2026-03-20,1.34189,1.32986,1.34409,120.3,22.0,22,142.3,1441
2026-03-20,Fri,2026-03-23,1.33262,1.32567,1.34791,69.5,152.9,70,222.4,1128
2026-03-23,Mon,2026-03-24,1.34557,1.33520,1.34453,103.7,-10.4,-10,93.3,1330
2026-03-24,Tue,2026-03-25,1.33825,1.33568,1.34361,25.7,53.6,26,79.3,758
2026-03-25,Wed,2026-03-26,1.33656,1.33100,1.33780,55.6,12.4,12,68.0,799
2026-03-26,Thu,2026-03-27,1.33279,1.32591,1.33473,68.8,19.4,19,88.2,597
2026-03-27,Fri,2026-03-30,1.32702,1.31736,1.32825,96.6,12.3,12,108.9,1174
2026-03-30,Mon,2026-03-31,1.31845,1.31591,1.32641,25.4,79.6,25,105.0,1142
2026-03-31,Tue,2026-04-01,1.32291,1.32194,1.33462,9.7,117.1,10,126.8,890
2026-04-01,Wed,2026-04-02,1.33017,1.31814,1.33199,120.3,18.2,18,138.5,3269
2026-04-02,Thu,2026-04-03,1.32243,1.31847,1.32426,39.6,18.3,18,57.9,1916
2026-04-03,Fri,2026-04-06,1.31921,1.31788,1.32684,13.3,76.3,13,89.6,0
2026-04-06,Mon,2026-04-07,1.32371,1.32113,1.33000,25.8,62.9,26,88.7,511
2026-04-07,Tue,2026-04-08,1.32589,1.33028,1.34842,-43.9,225.3,-44,181.4,526
2026-04-08,Wed,2026-04-09,1.33863,1.33807,1.34584,5.6,72.1,6,77.7,902
2026-04-09,Thu,2026-04-10,1.34335,1.34105,1.34791,23.0,45.6,23,68.6,888
2026-04-10,Fri,2026-04-13,1.34687,1.33795,1.35084,89.2,39.7,40,128.9,1095
2026-04-13,Mon,2026-04-14,1.35059,1.35033,1.35890,2.6,83.1,3,85.7,2649
2026-04-14,Tue,2026-04-15,1.35629,1.35433,1.35788,19.6,15.9,16,35.5,917
2026-04-15,Wed,2026-04-16,1.35744,1.35163,1.35946,58.1,20.2,20,78.3,1540
2026-04-16,Thu,2026-04-17,1.35314,1.35043,1.35991,27.1,67.7,27,94.8,1009
2026-04-17,Fri,2026-04-20,1.35352,1.34738,1.35442,61.4,9.0,9,70.4,680
2026-04-20,Mon,2026-04-21,1.35321,1.34746,1.35396,57.5,7.5,8,65.0,491
2026-04-21,Tue,2026-04-22,1.35012,1.34918,1.35352,9.4,34.0,9,43.4,1210
2026-04-22,Wed,2026-04-23,1.35053,1.34476,1.35181,57.7,12.8,13,70.5,414
2026-04-23,Thu,2026-04-24,1.34730,1.34532,1.35364,19.8,63.4,20,83.2,1188
2026-04-24,Fri,2026-04-27,1.35279,1.35072,1.35759,20.7,48.0,21,68.7,2100
2026-04-27,Mon,2026-04-28,1.35325,1.34629,1.35412,69.6,8.7,9,78.3,776
2026-04-28,Tue,2026-04-29,1.35167,1.34575,1.35278,59.2,11.1,11,70.3,516
2026-04-29,Wed,2026-04-30,1.34723,1.34538,1.36122,18.5,139.9,18,158.4,735
2026-04-30,Thu,2026-05-01,1.36015,1.35673,1.36576,34.2,56.1,34,90.3,1060
2026-05-01,Fri,2026-05-04,1.35822,1.35120,1.36017,70.2,19.5,20,89.7,1986
2026-05-04,Mon,2026-05-05,1.35339,1.35135,1.35783,20.4,44.4,20,64.8,2070
2026-05-05,Tue,2026-05-06,1.35487,1.35373,1.36433,11.4,94.6,11,106.0,695
2026-05-06,Wed,2026-05-07,1.35946,1.35472,1.36322,47.4,37.6,38,85.0,627
2026-05-07,Thu,2026-05-08,1.35788,1.35457,1.36353,33.1,56.5,33,89.6,738
2026-05-08,Fri,2026-05-11,1.36220,1.35748,1.36531,47.2,31.1,31,78.3,1155
2026-05-11,Mon,2026-05-12,1.36292,1.35002,1.36087,129.0,-20.5,-20,108.5,505
2026-05-12,Tue,2026-05-13,1.35318,1.34839,1.35513,47.9,19.5,20,67.4,566
2026-05-13,Wed,2026-05-14,1.35181,1.33948,1.35325,123.3,14.4,14,137.7,429
2026-05-14,Thu,2026-05-15,1.34049,1.33141,1.34019,90.8,-3.0,-3,87.8,505
2026-05-15,Fri,2026-05-18,1.33206,1.33021,1.34493,18.5,128.7,18,147.2,1331
2026-05-18,Mon,2026-05-19,1.34021,1.33782,1.34360,23.9,33.9,24,57.8,1426
2026-05-19,Tue,2026-05-20,1.33980,1.33749,1.34635,23.1,65.5,23,88.6,1152
2026-05-20,Wed,2026-05-21,1.34437,1.33921,1.34548,51.6,11.1,11,62.7,1503
2026-05-21,Thu,2026-05-22,1.34255,1.34131,1.34629,12.4,37.4,12,49.8,1199
2026-05-22,Fri,2026-05-25,1.34480,1.34676,1.35089,-19.6,60.9,-20,41.3,574
2026-05-25,Mon,2026-05-26,1.35066,1.34345,1.35038,72.1,-2.8,-3,69.3,10
2026-05-26,Tue,2026-05-27,1.34448,1.34162,1.34584,28.6,13.6,14,42.2,420
2026-05-27,Wed,2026-05-28,1.34299,1.33674,1.34508,62.5,20.9,21,83.4,645
2026-05-28,Thu,2026-05-29,1.34405,1.34083,1.34852,32.2,44.7,32,76.9,720
2026-05-29,Fri,2026-06-01,1.34613,1.34066,1.34758,54.7,14.5,14,69.2,1547
2026-06-01,Mon,2026-06-02,1.34580,1.34507,1.34814,7.3,23.4,7,30.7,2503
2026-06-02,Tue,2026-06-03,1.34693,1.34117,1.34717,57.6,2.4,2,60.0,593
2026-06-03,Wed,2026-06-04,1.34161,1.34103,1.34624,5.8,46.3,6,52.1,729
2026-06-04,Thu,2026-06-05,1.34247,1.33300,1.34830,94.7,58.3,58,153.0,1252
2026-06-05,Fri,2026-06-08,1.33367,1.33057,1.33695,31.0,32.8,31,63.8,704
2026-06-08,Mon,2026-06-09,1.33393,1.33308,1.34108,8.5,71.5,8,80.0,1750
2026-06-09,Tue,2026-06-10,1.33881,1.33656,1.34231,22.5,35.0,22,57.5,915
2026-06-10,Wed,2026-06-11,1.33799,1.33243,1.34333,55.6,53.4,53,109.0,530
2026-06-11,Thu,2026-06-12,1.33999,1.33833,1.34257,16.6,25.8,17,42.4,575
2026-06-12,Fri,2026-06-15,1.34161,1.34051,1.34609,11.0,44.8,11,55.8,1308
2026-06-15,Mon,2026-06-16,1.34191,1.33904,1.34431,28.7,24.0,24,52.7,1064
2026-06-16,Tue,2026-06-17,1.34280,1.32618,1.34376,166.2,9.6,10,175.8,653
2026-06-17,Wed,2026-06-18,1.33364,1.31927,1.33247,143.7,-11.7,-12,132.0,1637
2026-06-18,Thu,2026-06-19,1.32038,1.31631,1.32407,40.7,36.9,37,77.6,2137
2026-06-19,Fri,2026-06-22,1.32324,1.31833,1.32729,49.1,40.5,40,89.6,0
2026-06-22,Mon,2026-06-23,1.32428,1.31821,1.32526,60.7,9.8,10,70.5,1378
2026-06-23,Tue,2026-06-24,1.31879,1.31399,1.32090,48.0,21.1,21,69.1,1136
2026-06-24,Wed,2026-06-25,1.31608,1.31510,1.32190,9.8,58.2,10,68.0,1459
2026-06-25,Thu,2026-06-26,1.31983,1.31801,1.32319,18.2,33.6,18,51.8,1001
2026-06-26,Fri,2026-06-29,1.32001,1.31891,1.32623,11.0,62.2,11,73.2,744
2026-06-29,Mon,2026-06-30,1.32573,1.32120,1.32765,45.3,19.2,19,64.5,586
2026-06-30,Tue,2026-07-01,1.32554,1.32188,1.32920,36.6,36.6,37,73.2,715
2026-07-01,Wed,2026-07-02,1.32778,1.32737,1.33846,4.1,106.8,4,110.9,2993
2026-07-02,Thu,2026-07-03,1.33475,1.33342,1.33811,13.3,33.6,13,46.9,1246
2026-07-03,Fri,2026-07-06,1.33563,1.33284,1.33970,27.9,40.7,28,68.6,0
2026-07-06,Mon,2026-07-07,1.33949,1.33485,1.34017,46.4,6.8,7,53.2,1351
2026-07-07,Tue,2026-07-08,1.33643,1.33219,1.34103,42.4,46.0,42,88.4,914
2026-07-08,Wed,2026-07-09,1.33995,1.33805,1.34307,19.0,31.2,19,50.2,722
2026-07-09,Thu,2026-07-10,1.34155,1.33918,1.34516,23.7,36.1,24,59.8,509
2026-07-10,Fri,2026-07-13,1.33973,1.33417,1.34117,55.6,14.4,14,70.0,1421
2026-07-13,Mon,2026-07-14,1.33597,1.33420,1.34429,17.7,83.2,18,100.9,877
2026-07-14,Tue,2026-07-15,1.33818,1.33804,1.35579,1.4,176.1,1,177.5,906
2026-07-15,Wed,2026-07-16,1.35366,1.34595,1.35442,77.1,7.6,8,84.7,2292
2026-07-16,Thu,2026-07-17,1.34707,1.34259,1.34805,44.8,9.8,10,54.6,1705
2026-07-17,Fri,2026-07-20,1.34540,1.34125,1.34809,41.5,26.9,27,68.4,1571
2026-07-20,Mon,2026-07-21,1.34349,1.33596,1.34554,75.3,20.5,20,95.8,1569
2026-07-21,Tue,2026-07-22,1.33805,1.33546,1.33952,25.9,14.7,15,40.6,711
2026-07-22,Wed,2026-07-23,1.33733,1.32986,1.33931,74.7,19.8,20,94.5,1099
2026-07-23,Thu,2026-07-24,1.33152,1.33055,1.33486,9.7,33.4,10,43.1,758
2026-07-24,Fri,2026-07-27,1.33255,1.32840,1.33635,41.5,38.0,38,79.5,1415
2026-07-27,Mon,2026-07-28,1.32876,1.32733,1.33109,14.3,23.3,14,37.6,1818
2026-07-28,Tue,2026-07-29,1.32887,1.32785,1.33871,10.2,98.4,10,108.6,602
2026-07-29,Wed,2026-07-30,1.33644,1.33327,1.34765,31.7,112.1,32,143.8,907
2026-07-30,Thu,2026-07-31,1.34742,1.34000,1.34943,74.2,20.1,20,94.3,1387
2026-07-31,Fri,2026-08-03,1.34820,1.34172,1.35051,64.8,23.1,23,87.9,1001
2026-08-03,Mon,2026-08-04,1.34303,1.34194,1.34558,10.9,25.5,11,36.4,2430
2026-08-04,Tue,2026-08-05,1.34505,1.34436,1.34858,6.9,35.3,7,42.2,1309
2026-08-05,Wed,2026-08-06,1.34691,1.34475,1.34790,21.6,9.9,10,31.5,2111
2026-08-06,Thu,2026-08-07,1.34565,1.34340,1.35085,22.5,52.0,22,74.5,1248
2026-08-07,Fri,2026-08-10,1.34987,1.34828,1.35302,15.9,31.5,16,47.4,865
2026-08-10,Mon,2026-08-11,1.35090,1.34919,1.35156,17.1,6.6,7,23.7,1070
2026-08-11,Tue,2026-08-12,1.35024,1.34875,1.35449,14.9,42.5,15,57.4,1124
2026-08-12,Wed,2026-08-13,1.34878,1.34741,1.35129,13.7,25.1,14,38.8,456
2026-08-13,Thu,2026-08-14,1.34837,1.34838,1.35615,-0.1,77.8,0,77.7,437
2026-08-14,Fri,2026-08-17,1.35332,1.35298,1.35710,3.4,37.8,3,41.2,554
2026-08-17,Mon,2026-08-18,1.35374,1.35192,1.35538,18.2,16.4,16,34.6,446
2026-08-18,Tue,2026-08-19,1.35336,1.35232,1.36302,10.4,96.6,10,107.0,190
2026-08-19,Wed,2026-08-20,1.36071,1.35942,1.36592,12.9,52.1,13,65.0,841
2026-08-20,Thu,2026-08-21,1.36269,1.36181,1.36753,8.8,48.4,9,57.2,826
2026-08-21,Fri,2026-08-24,1.36508,1.36209,1.36558,29.9,5.0,5,34.9,859
2026-08-24,Mon,2026-08-25,1.36302,1.36216,1.36546,8.6,24.4,9,33.0,1527
2026-08-25,Tue,2026-08-26,1.36452,1.35829,1.36492,62.3,4.0,4,66.3,711
2026-08-26,Wed,2026-08-27,1.35909,1.35705,1.36024,20.4,11.5,12,31.9,1277
2026-08-27,Thu,2026-08-28,1.35889,1.35266,1.35983,62.3,9.4,9,71.7,609
2026-08-28,Fri,2026-08-31,1.35301,1.35286,1.35650,1.5,34.9,2,36.4,1535
2026-08-31,Mon,2026-09-01,1.35497,1.35058,1.35594,43.9,9.7,10,53.6,689
2026-09-01,Tue,2026-09-02,1.35132,1.34742,1.35176,39.0,4.4,4,43.4,1094
2026-09-02,Wed,2026-09-03,1.34857,1.34802,1.35480,5.5,62.3,6,67.8,625
