rank,a1Minutes,a2Minutes,chainTrades,chainWins,chainLosses,chainFromUtc,chainToUtc,crossings,wins,winRate,chainShare
1,30,2370,53,48,5,2025-08-15 12:40,2025-09-11 12:49,1103,551,0.4995,0.04805
2,30,2280,51,48,3,2025-08-15 11:03,2025-09-11 12:50,1075,535,0.4977,0.04744
3,30,2340,51,47,4,2025-08-15 12:39,2025-09-11 12:50,1107,549,0.4959,0.04607
4,30,1950,51,45,6,2026-04-22 17:23,2026-05-18 06:42,1187,580,0.4886,0.04297
5,30,2310,50,45,5,2025-08-15 19:29,2025-09-11 12:50,1083,544,0.5023,0.04617
6,30,60,49,47,2,2026-01-07 01:41,2026-01-08 13:28,10890,5214,0.4788,0.00450
7,360,390,49,45,4,2025-12-09 21:17,2025-12-17 13:52,3179,1542,0.4851,0.01541
8,30,2520,48,44,4,2025-08-15 12:43,2025-09-02 07:12,1081,521,0.4820,0.04440
9,30,2130,47,45,2,2025-08-15 10:58,2025-09-04 23:39,1113,573,0.5148,0.04223
10,30,2100,47,45,2,2025-08-17 21:46,2025-09-04 23:40,1137,594,0.5224,0.04134
11,30,2070,47,43,4,2025-08-15 10:55,2025-09-04 23:41,1137,575,0.5057,0.04134
12,30,13680,42,40,2,2026-04-22 15:35,2026-05-27 23:37,509,234,0.4597,0.08251
13,30,2010,42,37,5,2026-04-24 10:01,2026-05-19 13:31,1162,580,0.4991,0.03614
14,30,120,41,37,4,2025-01-03 15:27,2025-01-08 07:15,6284,2997,0.4769,0.00652
15,30,13440,39,36,3,2026-04-22 17:12,2026-05-29 13:18,539,253,0.4694,0.07236
16,180,210,39,35,4,2025-11-03 16:46,2025-11-06 17:29,4571,2250,0.4922,0.00853
17,210,240,39,34,5,2026-06-22 07:57,2026-06-25 01:03,4217,2050,0.4861,0.00925
18,60,90,38,37,1,2026-01-07 00:50,2026-01-08 12:18,7784,3768,0.4841,0.00488
19,60,1230,38,30,8,2025-08-14 09:13,2025-09-04 04:04,1178,587,0.4983,0.03226
20,390,420,37,35,2,2025-01-02 09:23,2025-01-09 03:36,3053,1499,0.4910,0.01212
21,240,270,37,33,4,2026-05-13 02:18,2026-05-19 00:15,3863,1883,0.4874,0.00958
22,1680,2670,37,31,6,2025-03-19 14:08,2025-05-27 15:05,249,128,0.5141,0.14859
23,30,270,36,34,2,2025-07-22 08:29,2025-07-25 07:06,3774,1838,0.4870,0.00954
24,30,2160,36,33,3,2025-10-14 01:14,2025-10-23 10:06,1099,560,0.5096,0.03276
25,30,930,36,32,4,2025-04-11 16:01,2025-04-18 10:57,1914,904,0.4723,0.01881
26,60,2250,35,32,3,2025-08-15 10:56,2025-09-04 23:37,796,409,0.5138,0.04397
27,30,7920,35,32,3,2026-05-05 07:38,2026-05-29 15:01,643,327,0.5086,0.05443
28,30,390,35,32,3,2026-07-13 10:58,2026-07-17 06:28,3071,1470,0.4787,0.01140
29,30,1770,35,31,4,2026-04-22 17:24,2026-05-05 12:21,1284,622,0.4844,0.02726
30,60,270,35,31,4,2025-01-02 06:19,2025-01-09 03:52,2965,1447,0.4880,0.01180
31,60,390,35,31,4,2025-07-20 22:36,2025-07-28 23:17,2327,1159,0.4981,0.01504
32,60,1080,35,30,5,2025-08-14 09:17,2025-08-27 15:13,1250,623,0.4984,0.02800
33,1680,2700,35,29,6,2025-03-20 01:12,2025-05-27 15:18,249,128,0.5141,0.14056
34,690,6240,35,27,8,2025-03-11 08:05,2025-08-22 19:54,160,83,0.5188,0.21875
35,60,120,34,33,1,2026-04-10 04:49,2026-04-14 14:38,5574,2738,0.4912,0.00610
36,30,1560,34,33,1,2026-04-22 17:20,2026-05-06 21:30,1464,710,0.4850,0.02322
37,30,180,34,33,1,2026-04-10 02:31,2026-04-14 06:52,4940,2473,0.5006,0.00688
38,30,2220,34,32,2,2025-08-26 16:14,2025-09-10 16:53,1101,559,0.5077,0.03088
39,30,2430,34,32,2,2025-08-20 08:10,2025-09-02 07:10,1097,529,0.4822,0.03099
40,60,2160,34,32,2,2025-10-14 01:29,2025-10-27 04:36,832,434,0.5216,0.04087
41,60,2130,34,32,2,2025-10-14 01:34,2025-10-27 04:36,830,440,0.5301,0.04096
42,30,240,34,32,2,2025-07-22 08:27,2025-07-25 07:05,4044,1947,0.4815,0.00841
43,2790,2850,34,31,3,2025-07-22 11:06,2025-08-18 14:38,811,395,0.4871,0.04192
44,1800,1830,34,30,4,2026-06-15 04:29,2026-06-29 20:24,1345,694,0.5160,0.02528
45,2790,2820,34,30,4,2025-07-22 13:17,2025-08-12 10:04,1141,571,0.5004,0.02980
46,30,150,34,30,4,2025-08-11 07:02,2025-08-13 06:08,5478,2643,0.4825,0.00621
47,120,1350,34,29,5,2025-08-12 06:17,2025-09-09 13:28,792,400,0.5051,0.04293
48,1140,2760,34,27,7,2025-03-26 13:25,2025-06-11 21:10,225,107,0.4756,0.15111
49,30,90,33,31,2,2025-01-03 15:29,2025-01-07 05:10,7716,3701,0.4797,0.00428
50,2760,2880,33,30,3,2025-07-10 09:40,2025-08-13 06:37,593,282,0.4755,0.05565
51,60,2280,33,30,3,2025-08-15 10:58,2025-09-04 23:32,795,402,0.5057,0.04151
52,60,2220,33,30,3,2025-08-20 07:19,2025-09-10 17:02,818,413,0.5049,0.04034
53,30,1680,33,30,3,2026-04-22 17:23,2026-05-05 21:36,1360,645,0.4743,0.02426
54,420,480,33,30,3,2025-12-09 15:11,2025-12-17 03:11,2085,1007,0.4830,0.01583
55,420,570,33,29,4,2025-01-02 10:11,2025-01-17 17:28,1311,623,0.4752,0.02517
56,60,2400,33,29,4,2025-08-15 11:08,2025-09-03 13:48,799,399,0.4994,0.04130
57,60,2190,33,29,4,2025-08-20 07:20,2025-09-10 17:04,815,416,0.5104,0.04049
58,150,1020,33,27,6,2025-08-14 06:16,2025-09-08 07:23,902,423,0.4690,0.03659
59,60,1200,33,27,6,2025-08-14 09:14,2025-08-27 15:19,1200,595,0.4958,0.02750
60,60,1140,33,27,6,2025-08-14 09:17,2025-08-27 15:16,1248,622,0.4984,0.02644
61,360,12000,33,26,7,2025-03-31 02:48,2025-08-06 14:53,169,90,0.5325,0.19527
62,300,330,32,32,0,2026-05-25 16:57,2026-05-28 13:20,3561,1743,0.4895,0.00899
63,90,180,32,31,1,2026-06-22 09:29,2026-06-25 00:23,3770,1833,0.4862,0.00849
64,30,1530,32,30,2,2026-04-22 17:20,2026-05-06 21:18,1476,736,0.4986,0.02168
65,90,2220,32,29,3,2025-08-15 11:05,2025-09-10 17:21,696,359,0.5158,0.04598
66,30,2820,32,29,3,2026-07-08 13:59,2026-07-27 10:54,989,471,0.4762,0.03236
67,1980,2010,32,29,3,2026-04-30 18:31,2026-05-12 11:33,1281,644,0.5027,0.02498
68,30,1050,32,29,3,2025-04-08 09:08,2025-04-18 10:43,1800,875,0.4861,0.01778
69,60,2100,32,29,3,2025-10-14 01:40,2025-10-27 04:36,819,429,0.5238,0.03907
70,30,2400,32,29,3,2025-08-20 08:08,2025-09-02 07:10,1099,537,0.4886,0.02912
71,30,1800,32,28,4,2026-04-22 17:24,2026-05-05 12:00,1266,634,0.5008,0.02528
72,330,360,32,28,4,2026-06-22 18:02,2026-06-26 07:13,3401,1656,0.4869,0.00941
73,60,2430,32,28,4,2025-08-15 11:09,2025-09-02 07:11,793,389,0.4905,0.04035
74,90,150,32,28,4,2025-01-03 15:57,2025-01-08 07:39,4560,2203,0.4831,0.00702
75,120,1320,32,27,5,2025-08-12 04:11,2025-09-07 23:44,806,407,0.5050,0.03970
76,30,5520,32,27,5,2025-04-28 06:51,2025-06-02 04:31,712,362,0.5084,0.04494
77,120,1290,32,27,5,2025-08-12 03:34,2025-09-08 04:28,800,396,0.4950,0.04000
78,60,1260,32,26,6,2025-08-17 22:24,2025-09-04 04:29,1152,570,0.4948,0.02778
79,150,900,32,26,6,2025-08-14 10:14,2025-09-04 02:46,978,455,0.4652,0.03272
80,30,13920,31,30,1,2026-04-28 02:14,2026-05-27 23:29,499,216,0.4329,0.06212
81,420,450,31,29,2,2025-01-02 09:46,2025-01-09 04:02,2945,1403,0.4764,0.01053
82,30,780,31,29,2,2026-02-24 11:33,2026-03-02 11:47,2066,953,0.4613,0.01500
83,210,270,31,29,2,2026-05-13 01:58,2026-05-19 01:48,3007,1450,0.4822,0.01031
84,30,2040,31,29,2,2025-10-14 01:26,2025-10-23 10:37,1143,570,0.4987,0.02712
85,60,13680,31,29,2,2026-04-28 02:44,2026-05-27 23:47,371,189,0.5094,0.08356
86,30,690,31,29,2,2025-06-04 10:54,2025-06-10 01:31,2174,1049,0.4825,0.01426
87,60,330,31,28,3,2025-07-22 08:44,2025-07-29 03:06,2593,1263,0.4871,0.01196
88,2520,2550,31,28,3,2025-12-09 15:04,2025-12-17 10:19,1141,563,0.4934,0.02717
89,30,1650,31,28,3,2026-04-06 05:11,2026-04-13 13:01,1374,669,0.4869,0.02256
90,30,1980,31,28,3,2025-10-14 01:25,2025-10-23 09:21,1174,578,0.4923,0.02641
91,270,300,31,28,3,2026-06-22 09:26,2026-06-24 23:56,3711,1781,0.4799,0.00835
92,30,1740,31,28,3,2025-10-14 01:20,2025-10-23 13:30,1278,638,0.4992,0.02426
93,30,11520,31,27,4,2026-04-28 06:41,2026-05-12 05:22,537,244,0.4544,0.05773
94,2280,2310,31,26,5,2025-08-06 13:33,2025-08-24 21:41,1163,590,0.5073,0.02666
95,510,11760,31,26,5,2025-03-30 22:06,2025-07-02 16:59,153,83,0.5425,0.20261
96,60,990,31,25,6,2025-08-14 09:18,2025-08-27 15:08,1312,638,0.4863,0.02363
97,2010,2640,31,24,7,2025-03-20 08:00,2025-05-19 17:27,301,141,0.4684,0.10299
98,30,1470,30,29,1,2026-04-23 14:22,2026-05-06 21:08,1508,742,0.4920,0.01989
99,600,630,30,29,1,2025-09-23 12:55,2025-09-29 15:09,2469,1197,0.4848,0.01215
100,30,1170,30,29,1,2026-05-22 00:50,2026-05-28 12:34,1700,877,0.5159,0.01765
101,30,600,30,28,2,2025-04-14 13:11,2025-04-20 21:38,2357,1169,0.4960,0.01273
102,420,11760,30,27,3,2025-04-23 21:30,2025-07-21 15:24,169,91,0.5385,0.17751
103,30,1890,30,26,4,2025-10-13 19:18,2025-10-23 09:15,1220,603,0.4943,0.02459
104,120,1230,30,26,4,2025-08-17 21:26,2025-09-08 07:07,860,431,0.5012,0.03488
105,210,300,30,26,4,2025-04-04 05:13,2025-04-11 14:19,2489,1186,0.4765,0.01205
106,60,12720,30,26,4,2026-04-22 14:03,2026-05-27 23:52,403,196,0.4864,0.07444
107,150,1050,30,25,5,2025-08-15 19:33,2025-09-08 07:31,870,412,0.4736,0.03448
108,1050,1110,30,25,5,2026-05-20 09:34,2026-06-05 11:22,1272,615,0.4835,0.02358
109,2310,2340,30,25,5,2025-08-06 14:05,2025-08-18 06:21,1175,605,0.5149,0.02553
110,720,4080,30,25,5,2025-04-02 14:49,2025-06-16 03:55,214,113,0.5280,0.14019
111,150,930,30,24,6,2025-08-14 06:25,2025-09-04 02:57,956,459,0.4801,0.03138
112,390,6960,30,24,6,2025-02-07 06:43,2025-05-08 04:08,189,99,0.5238,0.15873
113,1830,2010,30,23,7,2025-04-24 06:27,2025-05-30 20:27,547,267,0.4881,0.05484
114,30,2580,29,29,0,2025-08-15 12:46,2025-08-22 14:05,1083,527,0.4866,0.02678
115,120,150,29,28,1,2026-05-25 16:01,2026-05-27 09:56,5563,2666,0.4792,0.00521
116,90,120,29,28,1,2026-05-26 19:23,2026-05-28 11:49,6340,3080,0.4858,0.00457
117,30,360,29,27,2,2026-07-13 10:59,2026-07-17 06:26,3261,1548,0.4747,0.00889
118,30,1860,29,27,2,2025-10-14 01:23,2025-10-23 07:10,1234,593,0.4806,0.02350
119,30,1920,29,26,3,2025-10-14 01:24,2025-10-23 09:17,1204,593,0.4925,0.02409
120,210,420,29,26,3,2025-12-10 01:05,2025-12-17 13:40,1605,755,0.4704,0.01807
121,60,13920,29,26,3,2026-04-26 21:33,2026-06-01 13:57,357,157,0.4398,0.08123
122,720,3840,29,26,3,2025-04-22 22:47,2025-06-16 03:03,224,126,0.5625,0.12946
123,30,2250,29,26,3,2025-10-14 06:08,2025-10-23 10:01,1093,541,0.4950,0.02653
124,30,210,29,26,3,2025-07-10 03:13,2025-07-14 12:39,4424,2147,0.4853,0.00656
125,30,1500,29,26,3,2025-08-17 21:49,2025-08-27 15:15,1494,733,0.4906,0.01941
126,2250,2280,29,26,3,2026-05-08 13:29,2026-05-19 01:43,1181,592,0.5013,0.02456
127,210,1020,29,25,4,2025-08-15 19:37,2025-09-07 23:00,760,357,0.4697,0.03816
128,1410,1440,29,25,4,2025-04-28 01:47,2025-05-06 14:32,1507,720,0.4778,0.01924
129,2010,2610,29,25,4,2025-03-19 14:09,2025-05-13 23:10,305,143,0.4689,0.09508
130,1860,2310,29,25,4,2025-04-02 09:33,2025-05-27 12:30,365,170,0.4658,0.07945
131,120,270,29,25,4,2026-04-07 04:57,2026-04-14 04:24,2483,1175,0.4732,0.01168
132,1650,2670,29,25,4,2025-03-31 06:52,2025-05-27 15:01,249,134,0.5382,0.11647
133,150,1110,29,25,4,2025-08-15 19:57,2025-09-07 23:06,818,402,0.4914,0.03545
134,360,420,29,25,4,2025-01-02 09:08,2025-01-09 21:13,2255,1090,0.4834,0.01286
135,30,1110,29,25,4,2025-04-08 09:08,2025-04-21 17:03,1728,864,0.5000,0.01678
136,1110,2850,29,25,4,2025-03-31 12:09,2025-06-02 08:40,223,115,0.5157,0.13004
137,210,1050,29,25,4,2025-08-15 19:50,2025-09-09 14:02,756,358,0.4735,0.03836
138,60,1050,29,24,5,2025-08-14 09:17,2025-08-27 15:12,1282,627,0.4891,0.02262
139,630,9600,29,24,5,2025-04-02 14:41,2025-08-05 22:34,147,83,0.5646,0.19728
140,540,2670,29,24,5,2026-04-13 01:43,2026-05-26 10:35,287,150,0.5226,0.10105
141,480,3120,29,24,5,2026-04-13 01:52,2026-05-26 13:38,285,157,0.5509,0.10175
142,1230,5280,29,24,5,2026-04-02 17:27,2026-06-23 15:33,150,84,0.5600,0.19333
143,150,1080,29,24,5,2025-08-15 19:43,2025-09-07 22:58,864,401,0.4641,0.03356
144,270,2670,29,24,5,2026-03-23 14:35,2026-05-05 23:50,381,182,0.4777,0.07612
145,60,1020,29,24,5,2025-08-14 09:18,2025-08-27 15:10,1282,611,0.4766,0.02262
146,810,870,29,23,6,2025-01-31 14:55,2025-02-13 03:12,1472,686,0.4660,0.01970
147,1710,2610,29,23,6,2025-03-31 05:49,2025-05-27 14:35,273,131,0.4799,0.10623
148,150,180,28,27,1,2025-10-06 08:10,2025-10-07 10:46,4991,2382,0.4773,0.00561
149,1020,1050,28,27,1,2025-09-23 15:57,2025-09-29 21:57,1784,884,0.4955,0.01570
150,60,2520,28,26,2,2025-08-15 11:19,2025-09-02 07:14,757,376,0.4967,0.03699
151,30,13200,28,26,2,2026-04-22 17:17,2026-05-12 06:26,535,241,0.4505,0.05234
152,30,6000,28,26,2,2025-04-28 08:35,2025-05-28 10:54,702,333,0.4744,0.03989
153,60,2490,28,26,2,2025-08-15 11:15,2025-09-02 07:13,763,379,0.4967,0.03670
154,180,240,28,26,2,2026-04-23 15:13,2026-04-29 11:07,3257,1563,0.4799,0.00860
155,30,480,28,26,2,2026-07-13 10:52,2026-07-17 07:44,2742,1342,0.4894,0.01021
156,30,2490,28,26,2,2025-08-20 08:12,2025-09-02 07:12,1091,517,0.4739,0.02566
157,900,930,28,26,2,2025-08-22 07:33,2025-09-02 05:27,1892,927,0.4900,0.01480
158,30,300,28,25,3,2025-04-28 03:46,2025-04-30 18:48,3573,1730,0.4842,0.00784
159,30,3120,28,25,3,2026-03-31 21:09,2026-04-20 13:44,922,430,0.4664,0.03037
160,60,2550,28,25,3,2025-08-15 11:22,2025-09-02 07:15,761,379,0.4980,0.03679
161,420,510,28,25,3,2025-12-10 02:00,2025-12-17 03:12,1715,817,0.4764,0.01633
162,30,12960,28,25,3,2026-04-22 17:22,2026-05-12 06:23,533,254,0.4765,0.05253
163,1110,1140,28,25,3,2026-04-23 21:54,2026-05-04 05:02,1750,820,0.4686,0.01600
164,360,540,28,25,3,2025-12-10 02:55,2025-12-17 01:56,1301,658,0.5058,0.02152
165,30,2460,28,25,3,2025-08-20 08:11,2025-09-02 07:11,1071,508,0.4743,0.02614
166,690,720,28,25,3,2025-01-13 16:24,2025-01-17 20:12,2235,1083,0.4846,0.01253
167,390,450,28,25,3,2025-01-02 09:30,2025-01-09 22:37,2151,1058,0.4919,0.01302
168,570,9840,28,25,3,2025-04-28 01:51,2025-08-24 21:30,157,79,0.5032,0.17834
169,30,11280,28,25,3,2026-04-28 17:43,2026-05-12 05:16,543,251,0.4622,0.05157
170,1650,2610,28,24,4,2025-03-19 13:54,2025-05-13 21:35,263,134,0.5095,0.10646
171,2340,2430,28,24,4,2025-03-19 17:32,2025-04-17 01:57,677,350,0.5170,0.04136
172,60,1890,28,24,4,2026-04-22 14:05,2026-05-11 04:14,886,452,0.5102,0.03160
173,210,1080,28,24,4,2025-08-15 20:09,2025-09-08 07:59,748,344,0.4599,0.03743
174,330,420,28,23,5,2025-07-21 02:20,2025-07-29 10:56,1999,959,0.4797,0.01401
175,1110,1230,28,23,5,2025-06-04 11:00,2025-06-17 07:03,896,427,0.4766,0.03125
176,900,2370,28,23,5,2025-04-25 19:30,2025-06-10 07:17,283,134,0.4735,0.09894
177,60,1110,28,23,5,2025-08-15 19:25,2025-08-27 15:14,1262,624,0.4945,0.02219
178,60,5760,28,23,5,2025-04-28 06:54,2025-06-02 05:05,508,246,0.4843,0.05512
179,1080,7200,28,22,6,2026-03-12 12:15,2026-06-10 17:40,125,64,0.5120,0.22400
180,60,13200,28,22,6,2025-05-18 22:33,2025-06-17 14:09,401,181,0.4514,0.06983
181,2490,2760,28,22,6,2026-05-08 03:06,2026-06-17 15:27,405,195,0.4815,0.06914
182,2430,2790,28,22,6,2026-05-08 02:39,2026-06-17 15:15,353,178,0.5042,0.07932
183,2490,2520,27,26,1,2025-12-09 15:45,2025-12-17 09:44,1157,558,0.4823,0.02334
184,2760,2850,27,26,1,2025-07-10 22:23,2025-08-12 15:21,657,310,0.4718,0.04110
185,60,7920,27,26,1,2025-02-25 08:01,2025-03-28 12:05,455,227,0.4989,0.05934
186,120,180,27,25,2,2025-09-04 14:17,2025-09-08 17:30,3995,1934,0.4841,0.00676
187,30,630,27,25,2,2025-06-04 10:54,2025-06-10 01:22,2310,1141,0.4939,0.01169
188,30,1590,27,25,2,2026-03-25 12:51,2026-04-08 19:08,1418,692,0.4880,0.01904
189,2730,2880,27,25,2,2025-07-10 19:08,2025-08-13 06:41,509,251,0.4931,0.05305
190,30,1710,27,25,2,2025-10-14 01:20,2025-10-23 06:16,1304,641,0.4916,0.02071
191,90,2190,27,25,2,2025-08-15 11:01,2025-09-04 23:52,711,365,0.5134,0.03797
192,30,1440,27,24,3,2025-08-17 21:53,2025-08-27 15:14,1508,737,0.4887,0.01790
193,90,2160,27,24,3,2025-08-15 10:56,2025-09-04 23:56,690,353,0.5116,0.03913
194,2370,2400,27,24,3,2026-05-08 15:09,2026-05-19 00:00,1185,580,0.4895,0.02278
195,30,1320,27,24,3,2025-02-07 15:58,2025-02-17 04:27,1530,733,0.4791,0.01765
196,90,300,27,24,3,2025-07-22 08:49,2025-07-28 22:46,2431,1189,0.4891,0.01111
197,2220,2250,27,24,3,2025-08-06 12:30,2025-08-14 22:39,1187,602,0.5072,0.02275
198,2760,2820,27,24,3,2025-07-25 07:25,2025-08-12 14:53,813,397,0.4883,0.03321
199,30,990,27,24,3,2025-06-04 11:25,2025-06-10 15:05,1802,858,0.4761,0.01498
200,150,1200,27,24,3,2025-08-17 22:41,2025-09-08 07:28,812,398,0.4901,0.03325
201,2640,2670,27,23,4,2025-08-06 08:20,2025-08-18 11:52,1183,584,0.4937,0.02282
202,150,240,27,23,4,2026-04-23 08:46,2026-04-29 10:41,2911,1428,0.4906,0.00928
203,240,480,27,23,4,2025-12-10 01:43,2025-12-17 14:20,1373,667,0.4858,0.01966
204,60,1680,27,23,4,2025-08-12 06:59,2025-09-04 23:44,960,467,0.4865,0.02813
205,30,1230,27,23,4,2025-07-17 13:11,2025-07-29 10:44,1638,816,0.4982,0.01648
206,810,990,27,23,4,2025-08-18 02:09,2025-09-02 05:10,850,398,0.4682,0.03176
207,270,450,27,23,4,2025-07-22 14:45,2025-08-01 19:10,1495,707,0.4729,0.01806
208,2370,2460,27,23,4,2025-09-30 21:39,2025-10-20 09:32,687,336,0.4891,0.03930
209,60,360,27,23,4,2025-07-22 08:47,2025-07-28 23:00,2415,1179,0.4882,0.01118
210,1710,2670,27,22,5,2025-03-31 07:00,2025-05-27 15:06,251,125,0.4980,0.10757
211,60,1710,27,22,5,2025-08-12 07:06,2025-09-04 23:44,942,467,0.4958,0.02866
212,1230,2880,27,22,5,2025-05-19 10:29,2025-07-17 07:20,219,108,0.4932,0.12329
213,120,990,27,22,5,2025-01-31 19:40,2025-02-17 08:33,1020,484,0.4745,0.02647
214,8400,11040,27,22,5,2025-08-29 05:15,2026-03-11 14:39,74,49,0.6622,0.36486
215,1650,2580,27,22,5,2025-03-19 23:46,2025-05-15 08:30,265,133,0.5019,0.10189
216,2100,3120,27,22,5,2025-03-25 22:49,2025-05-27 19:52,217,110,0.5069,0.12442
217,270,1020,27,22,5,2025-08-15 20:18,2025-09-07 23:22,718,346,0.4819,0.03760
218,2640,2760,27,22,5,2025-07-10 17:20,2025-08-13 05:04,589,284,0.4822,0.04584
219,1230,1290,27,21,6,2025-08-22 15:50,2025-09-10 14:57,1166,572,0.4906,0.02316
220,30,14160,26,25,1,2026-04-23 14:50,2026-05-12 06:34,513,221,0.4308,0.05068
221,30,1140,26,25,1,2026-05-22 01:03,2026-05-28 12:33,1686,833,0.4941,0.01542
222,30,750,26,25,1,2026-05-22 09:13,2026-05-28 11:44,2076,974,0.4692,0.01252
223,2130,2190,26,24,2,2026-06-22 21:05,2026-07-07 01:02,889,426,0.4792,0.02925
224,60,210,26,24,2,2026-05-25 11:25,2026-05-28 11:57,3520,1730,0.4915,0.00739
225,90,7920,26,24,2,2025-02-25 08:22,2025-03-27 14:55,371,177,0.4771,0.07008
226,30,810,26,24,2,2026-05-22 03:30,2026-05-28 11:54,1974,917,0.4645,0.01317
227,60,150,26,24,2,2026-04-10 03:01,2026-04-14 06:53,4540,2219,0.4888,0.00573
228,30,1620,26,24,2,2025-07-17 13:10,2025-07-28 13:32,1398,682,0.4878,0.01860
229,60,1830,26,24,2,2025-08-18 06:48,2025-09-04 23:49,934,475,0.5086,0.02784
230,30,450,26,24,2,2026-05-25 21:11,2026-05-28 11:23,2823,1361,0.4821,0.00921
231,30,1200,26,24,2,2026-05-22 00:45,2026-06-01 10:49,1642,824,0.5018,0.01583
232,180,330,26,24,2,2025-12-11 19:14,2025-12-17 12:31,2079,1011,0.4863,0.01251
233,90,570,26,23,3,2025-04-08 20:45,2025-04-18 11:01,1537,718,0.4671,0.01692
234,90,2130,26,23,3,2025-08-18 07:21,2025-09-05 00:00,696,374,0.5374,0.03736
235,60,2580,26,23,3,2025-08-15 12:42,2025-09-02 07:16,767,376,0.4902,0.03390
236,570,1950,26,23,3,2026-04-17 14:35,2026-05-22 07:08,363,183,0.5041,0.07163
237,180,360,26,23,3,2025-12-11 19:29,2025-12-17 12:55,1867,910,0.4874,0.01393
238,30,8880,26,23,3,2026-04-29 05:35,2026-05-20 15:19,629,304,0.4833,0.04134
239,60,690,26,23,3,2025-04-08 20:36,2025-04-18 11:18,1620,790,0.4877,0.01605
240,60,1980,26,23,3,2026-04-22 17:45,2026-05-11 04:40,880,427,0.4852,0.02955
241,330,540,26,23,3,2025-12-10 02:48,2025-12-17 01:22,1261,633,0.5020,0.02062
242,1950,2010,26,23,3,2026-05-04 04:11,2026-05-18 17:47,877,418,0.4766,0.02965
243,120,1020,26,23,3,2025-08-14 09:15,2025-08-27 15:32,992,474,0.4778,0.02621
244,240,330,26,23,3,2025-01-02 08:02,2025-01-09 13:51,2293,1076,0.4693,0.01134
245,90,2070,26,23,3,2025-08-18 07:19,2025-09-05 00:04,692,353,0.5101,0.03757
246,630,660,26,23,3,2026-05-08 07:19,2026-05-14 08:51,2363,1142,0.4833,0.01100
247,1860,2460,26,22,4,2025-03-19 10:50,2025-04-30 05:36,321,149,0.4642,0.08100
248,1680,3120,26,22,4,2025-03-31 13:55,2025-06-02 08:39,211,102,0.4834,0.12322
249,60,1650,26,22,4,2025-08-12 06:58,2025-09-04 12:44,980,463,0.4724,0.02653
250,3600,8880,26,22,4,2026-02-02 20:38,2026-07-30 20:08,79,41,0.5190,0.32911
251,1800,2640,26,22,4,2025-03-20 02:42,2025-05-12 06:42,269,129,0.4796,0.09665
252,2520,2880,26,22,4,2026-06-02 13:08,2026-07-07 06:49,351,180,0.5128,0.07407
253,90,7440,26,22,4,2026-04-29 06:11,2026-05-29 15:18,369,174,0.4715,0.07046
254,120,1080,26,22,4,2026-06-02 18:05,2026-06-14 22:04,942,446,0.4735,0.02760
255,1620,1650,26,22,4,2025-11-09 23:24,2025-11-17 03:50,1419,663,0.4672,0.01832
256,660,2040,26,22,4,2026-04-17 15:19,2026-05-22 07:16,333,168,0.5045,0.07808
257,2220,2280,26,22,4,2025-09-24 07:30,2025-10-15 19:31,873,442,0.5063,0.02978
258,120,1470,26,21,5,2025-08-12 06:54,2025-09-09 13:39,780,375,0.4808,0.03333
259,360,12480,26,21,5,2025-03-31 03:09,2025-06-17 14:49,159,76,0.4780,0.16352
260,2670,12960,26,21,5,2025-02-03 06:57,2025-08-28 18:13,65,40,0.6154,0.40000
261,1770,2490,26,21,5,2025-03-26 01:52,2025-05-15 07:50,297,141,0.4747,0.08754
262,540,750,26,21,5,2026-06-12 19:54,2026-06-29 06:22,945,463,0.4899,0.02751
263,150,960,26,21,5,2025-08-14 06:27,2025-09-04 03:09,932,440,0.4721,0.02790
264,330,390,26,21,5,2025-01-03 15:18,2025-01-09 21:37,2393,1167,0.4877,0.01087
265,210,390,26,20,6,2025-09-12 08:45,2025-09-22 06:42,1713,794,0.4635,0.01518
266,1020,1110,26,20,6,2026-05-20 09:41,2026-06-05 11:09,1048,483,0.4609,0.02481
267,2430,2880,26,20,6,2026-05-21 01:38,2026-07-06 10:47,325,157,0.4831,0.08000
268,1140,1170,25,25,0,2026-04-23 22:26,2026-05-03 22:11,1752,833,0.4755,0.01427
269,1890,1920,25,25,0,2026-05-13 20:04,2026-05-18 21:22,1303,642,0.4927,0.01919
270,30,2190,25,24,1,2025-08-26 16:13,2025-09-04 23:34,1071,539,0.5033,0.02334
271,1170,1200,25,24,1,2026-04-23 09:00,2026-05-03 21:46,1692,789,0.4663,0.01478
272,2040,2070,25,24,1,2026-04-30 21:07,2026-05-12 10:37,1255,611,0.4869,0.01992
273,750,780,25,23,2,2025-09-14 23:55,2025-09-18 19:10,2169,1056,0.4869,0.01153
274,30,1020,25,23,2,2025-04-09 18:50,2025-04-18 10:54,1796,874,0.4866,0.01392
275,150,210,25,23,2,2025-07-10 03:32,2025-07-14 12:59,3571,1758,0.4923,0.00700
276,2070,2100,25,23,2,2026-04-07 18:35,2026-04-16 09:06,1235,617,0.4996,0.02024
277,30,420,25,23,2,2026-07-13 10:56,2026-07-17 06:29,2939,1406,0.4784,0.00851
278,150,600,25,23,2,2025-12-10 02:56,2025-12-17 14:42,1221,571,0.4676,0.02048
279,360,450,25,23,2,2025-01-02 09:16,2025-01-09 21:29,1875,903,0.4816,0.01333
280,30,2880,25,23,2,2026-07-10 17:20,2026-07-27 10:37,957,457,0.4775,0.02612
281,120,2130,25,23,2,2025-08-15 11:03,2025-09-05 00:09,618,293,0.4741,0.04045
282,540,570,25,23,2,2026-04-23 00:37,2026-04-29 05:31,2571,1295,0.5037,0.00972
283,1680,1710,25,23,2,2026-06-16 23:42,2026-06-29 00:06,1377,639,0.4641,0.01816
284,90,330,25,23,2,2026-07-13 11:01,2026-07-17 06:44,2269,1096,0.4830,0.01102
285,2700,2820,25,23,2,2025-07-22 12:17,2025-08-13 05:47,585,285,0.4872,0.04274
286,30,870,25,22,3,2025-04-28 06:48,2025-04-30 07:10,1944,915,0.4707,0.01286
287,90,1710,25,22,3,2025-08-12 07:23,2025-09-04 23:51,792,398,0.5025,0.03157
288,240,990,25,22,3,2025-01-03 04:05,2025-01-22 10:44,760,375,0.4934,0.03289
289,2730,2790,25,22,3,2025-08-11 23:38,2025-08-18 13:37,835,405,0.4850,0.02994
290,480,600,25,22,3,2025-12-10 03:24,2025-12-17 16:26,1373,666,0.4851,0.01821
291,870,2730,25,22,3,2026-02-11 00:53,2026-03-25 13:27,249,132,0.5301,0.10040
292,1410,1560,25,22,3,2025-04-02 07:56,2025-05-02 05:14,675,335,0.4963,0.03704
293,1620,2760,25,22,3,2025-04-02 12:22,2025-05-23 04:38,239,125,0.5230,0.10460
294,30,960,25,22,3,2025-06-04 11:25,2025-06-10 15:07,1874,887,0.4733,0.01334
295,180,1080,25,22,3,2025-08-15 19:52,2025-09-04 03:57,810,370,0.4568,0.03086
296,60,1770,25,22,3,2025-10-14 01:37,2025-10-23 06:36,956,465,0.4864,0.02615
297,840,900,25,22,3,2025-09-14 21:15,2025-09-22 03:23,1406,678,0.4822,0.01778
298,60,14160,25,22,3,2026-04-28 02:38,2026-06-01 13:57,359,160,0.4457,0.06964
299,180,1140,25,22,3,2025-08-15 20:45,2025-09-04 04:14,730,341,0.4671,0.03425
300,2580,2670,25,22,3,2025-04-01 08:35,2025-05-05 03:45,679,331,0.4875,0.03682
301,510,630,25,22,3,2025-12-10 03:53,2025-12-17 16:51,1335,656,0.4914,0.01873
302,780,2790,25,22,3,2025-04-09 03:44,2025-06-02 07:19,251,133,0.5299,0.09960
303,90,3120,25,21,4,2026-07-01 13:49,2026-07-29 18:00,576,276,0.4792,0.04340
304,1800,5040,25,21,4,2025-04-02 20:25,2025-08-25 04:52,134,74,0.5522,0.18657
305,30,6240,25,21,4,2025-08-27 02:31,2025-09-18 12:50,684,340,0.4971,0.03655
306,120,930,25,21,4,2025-08-14 06:15,2025-08-27 15:22,1034,493,0.4768,0.02418
307,780,810,25,21,4,2025-01-31 18:11,2025-02-07 06:09,2123,1036,0.4880,0.01178
308,480,5040,25,21,4,2025-04-10 01:20,2025-06-20 04:10,204,112,0.5490,0.12255
309,660,720,25,21,4,2025-04-22 13:59,2025-04-30 06:23,1601,776,0.4847,0.01562
310,1650,2760,25,21,4,2025-04-02 12:08,2025-05-23 04:37,241,128,0.5311,0.10373
311,150,1290,25,21,4,2025-01-30 19:20,2025-02-16 23:23,750,375,0.5000,0.03333
312,2550,2580,25,21,4,2025-04-02 09:42,2025-04-25 08:45,1155,593,0.5134,0.02165
313,10080,10320,25,21,4,2025-05-06 01:49,2025-06-16 06:03,208,106,0.5096,0.12019
314,420,12000,25,21,4,2025-04-23 22:43,2025-07-02 16:16,159,92,0.5786,0.15723
315,330,960,25,21,4,2025-01-03 04:12,2025-01-22 10:49,734,365,0.4973,0.03406
316,210,540,25,21,4,2025-12-10 02:09,2025-12-17 14:43,1239,581,0.4689,0.02018
317,2580,2610,25,21,4,2025-09-24 11:45,2025-10-07 21:27,1149,599,0.5213,0.02176
318,120,1050,25,21,4,2025-08-12 00:53,2025-08-27 15:35,966,458,0.4741,0.02588
319,2100,2580,25,21,4,2025-03-19 14:54,2025-05-05 07:57,327,163,0.4985,0.07645
320,840,2550,25,20,5,2026-04-13 04:15,2026-05-26 12:13,273,139,0.5092,0.09158
321,1710,2640,25,20,5,2025-03-31 06:22,2025-05-27 14:51,261,125,0.4789,0.09579
322,2610,2640,25,20,5,2025-08-06 11:03,2025-08-18 11:22,1169,580,0.4962,0.02139
323,540,2700,25,20,5,2026-04-13 01:47,2026-05-20 01:49,281,153,0.5445,0.08897
324,1830,2520,25,20,5,2025-04-02 06:09,2025-05-23 08:10,301,132,0.4385,0.08306
325,1200,1410,25,20,5,2026-05-07 12:40,2026-05-27 13:38,642,330,0.5140,0.03894
326,1710,2700,25,20,5,2025-04-02 14:01,2025-05-27 15:20,247,124,0.5020,0.10121
327,480,2400,25,20,5,2025-08-11 14:25,2025-09-17 23:44,337,176,0.5223,0.07418
328,750,2580,25,20,5,2026-04-13 03:24,2026-05-26 11:41,277,132,0.4765,0.09025
329,2730,6240,25,20,5,2026-02-24 08:55,2026-07-15 19:03,98,53,0.5408,0.25510
330,2040,2670,25,20,5,2025-04-28 15:56,2025-06-16 18:15,301,158,0.5249,0.08306
331,270,8880,25,19,6,2025-04-25 04:00,2025-06-10 04:38,201,100,0.4975,0.12438
332,7920,8160,25,18,7,2025-02-11 13:38,2025-04-09 07:09,209,104,0.4976,0.11962
333,30,720,24,23,1,2026-05-22 10:42,2026-05-28 11:41,2152,1003,0.4661,0.01115
334,1080,1110,24,23,1,2025-09-22 06:57,2025-09-25 13:48,1764,867,0.4915,0.01361
335,60,720,24,23,1,2026-05-22 03:19,2026-05-28 11:55,1576,761,0.4829,0.01523
336,1920,1950,24,23,1,2026-05-13 20:34,2026-05-20 15:53,1271,634,0.4988,0.01888
337,90,660,24,23,1,2025-12-09 11:51,2025-12-15 07:55,1416,679,0.4795,0.01695
338,30,1080,24,23,1,2025-04-08 09:08,2025-04-15 19:13,1754,860,0.4903,0.01368
339,120,240,24,22,2,2025-11-03 16:34,2025-11-06 12:45,2831,1337,0.4723,0.00848
340,2190,2220,24,22,2,2026-05-08 13:44,2026-05-19 00:47,1179,589,0.4996,0.02036
341,900,960,24,22,2,2026-02-13 17:15,2026-02-20 12:02,1336,630,0.4716,0.01796
342,1860,1890,24,22,2,2025-05-16 20:03,2025-05-23 03:21,1333,696,0.5221,0.01800
343,90,1950,24,22,2,2025-08-18 07:11,2025-09-05 00:05,720,359,0.4986,0.03333
344,930,960,24,22,2,2026-02-13 18:14,2026-02-20 11:27,1868,880,0.4711,0.01285
345,1950,1980,24,22,2,2026-05-13 21:05,2026-05-20 19:44,1295,653,0.5042,0.01853
346,2010,2040,24,22,2,2026-06-17 05:01,2026-06-29 20:43,1235,606,0.4907,0.01943
347,30,900,24,22,2,2025-04-13 23:36,2025-04-18 10:57,1948,931,0.4779,0.01232
348,660,690,24,22,2,2025-09-14 22:23,2025-09-19 01:08,2277,1087,0.4774,0.01054
349,30,840,24,22,2,2025-04-14 13:25,2025-04-18 10:58,1980,917,0.4631,0.01212
350,60,300,24,22,2,2026-06-22 09:21,2026-06-25 00:26,2733,1342,0.4910,0.00878
351,1410,1500,24,21,3,2026-05-13 18:43,2026-05-29 19:19,891,445,0.4994,0.02694
352,90,210,24,21,3,2025-04-25 16:21,2025-04-30 08:12,3247,1586,0.4885,0.00739
353,960,990,24,21,3,2026-02-13 18:50,2026-02-20 11:55,1828,897,0.4907,0.01313
354,1590,2850,24,21,3,2025-04-02 13:50,2025-05-27 16:25,231,119,0.5152,0.10390
355,30,1830,24,21,3,2026-04-22 17:24,2026-05-01 17:46,1243,599,0.4819,0.01931
356,240,390,24,21,3,2025-09-12 13:50,2025-09-19 06:54,1761,811,0.4605,0.01363
357,60,2880,24,21,3,2026-07-01 13:49,2026-07-23 06:59,701,346,0.4936,0.03424
358,1980,2670,24,21,3,2025-03-31 06:55,2025-05-23 08:06,295,143,0.4847,0.08136
359,360,570,24,21,3,2025-12-10 03:15,2025-12-17 01:52,1213,574,0.4732,0.01979
360,1290,1500,24,21,3,2025-07-10 07:39,2025-08-01 19:39,623,298,0.4783,0.03852
361,2640,2700,24,21,3,2025-08-06 07:32,2025-08-18 12:07,819,419,0.5116,0.02930
362,270,2790,24,21,3,2026-03-23 14:35,2026-04-28 06:13,353,175,0.4958,0.06799
363,1650,1680,24,21,3,2026-04-02 10:19,2026-04-14 00:45,1385,636,0.4592,0.01733
364,1650,2880,24,21,3,2025-04-02 14:08,2025-05-27 16:42,227,123,0.5419,0.10573
365,660,780,24,20,4,2026-06-12 12:40,2026-06-26 02:12,1121,526,0.4692,0.02141
366,90,1770,24,20,4,2025-10-14 01:53,2025-10-27 04:55,798,406,0.5088,0.03008
367,270,960,24,20,4,2025-08-15 20:06,2025-09-02 23:57,778,388,0.4987,0.03085
368,1620,2880,24,20,4,2025-04-02 14:06,2025-05-27 16:41,223,114,0.5112,0.10762
369,1440,5040,24,20,4,2026-04-07 03:49,2026-07-13 12:09,144,79,0.5486,0.16667
370,1590,2820,24,20,4,2025-04-02 13:40,2025-05-27 16:12,233,121,0.5193,0.10300
371,780,1830,24,20,4,2025-04-02 06:59,2025-05-06 10:27,363,182,0.5014,0.06612
372,540,840,24,20,4,2025-08-25 11:23,2025-09-08 00:32,804,394,0.4900,0.02985
373,540,4800,24,20,4,2026-04-13 03:31,2026-06-09 14:10,192,105,0.5469,0.12500
374,210,7200,24,20,4,2025-04-02 11:02,2025-05-16 17:12,255,126,0.4941,0.09412
375,2100,2340,24,20,4,2026-05-04 08:40,2026-06-05 04:21,441,220,0.4989,0.05442
376,2700,2730,24,20,4,2025-08-06 07:24,2025-08-12 14:01,1181,597,0.5055,0.02032
377,10320,10560,24,20,4,2025-04-02 13:08,2025-05-15 05:58,196,101,0.5153,0.12245
378,330,660,24,20,4,2026-04-30 05:43,2026-05-15 14:55,993,499,0.5025,0.02417
379,1920,2460,24,20,4,2025-04-18 04:38,2025-05-27 14:19,333,153,0.4595,0.07207
380,1230,1440,24,20,4,2026-05-07 13:05,2026-05-27 17:51,656,329,0.5015,0.03659
381,1530,1560,24,20,4,2025-07-16 17:18,2025-07-28 18:58,1449,692,0.4776,0.01656
382,1620,2820,24,20,4,2025-04-02 13:41,2025-05-27 16:12,233,124,0.5322,0.10300
383,1680,2820,24,20,4,2025-04-02 12:39,2025-05-27 16:11,235,120,0.5106,0.10213
384,4080,5520,24,19,5,2026-02-24 13:59,2026-05-28 05:53,116,60,0.5172,0.20690
385,270,930,24,19,5,2025-08-15 20:01,2025-09-02 23:34,788,390,0.4949,0.03046
386,330,480,24,19,5,2025-07-21 02:40,2025-07-29 15:02,1489,718,0.4822,0.01612
387,330,6960,24,19,5,2025-04-02 12:20,2025-06-06 15:13,209,104,0.4976,0.11483
388,750,2850,24,19,5,2025-04-09 03:56,2025-05-30 20:46,245,135,0.5510,0.09796
389,1830,2190,24,19,5,2026-05-04 06:10,2026-06-09 04:15,407,205,0.5037,0.05897
390,90,1230,24,19,5,2025-02-03 13:00,2025-02-17 05:46,974,463,0.4754,0.02464
391,120,6960,24,19,5,2026-04-28 08:33,2026-05-29 15:28,325,159,0.4892,0.07385
392,12240,12480,24,19,5,2025-06-13 15:36,2025-09-04 05:16,192,91,0.4740,0.12500
393,150,390,24,19,5,2025-09-14 21:40,2025-09-22 06:33,1775,837,0.4715,0.01352
394,1680,1860,24,19,5,2025-04-01 03:38,2025-05-05 08:21,599,300,0.5008,0.04007
395,2460,2790,24,19,5,2026-05-12 06:01,2026-06-17 15:32,375,187,0.4987,0.06400
396,1260,2490,24,19,5,2025-04-28 11:12,2025-06-13 12:27,265,141,0.5321,0.09057
397,270,9120,24,18,6,2025-04-30 17:44,2025-06-10 05:00,199,99,0.4975,0.12060
398,90,360,24,18,6,2025-05-08 00:44,2025-05-15 05:46,2141,1050,0.4904,0.01121
399,30,1410,23,23,0,2026-04-23 14:19,2026-05-05 22:57,1536,749,0.4876,0.01497
400,30,2640,23,23,0,2025-08-15 12:48,2025-08-22 14:05,1031,482,0.4675,0.02231
401,30,2670,23,22,1,2025-08-15 12:48,2025-08-22 14:05,1033,475,0.4598,0.02227
402,150,270,23,22,1,2025-01-02 06:50,2025-01-09 04:12,2493,1213,0.4866,0.00923
403,60,2310,23,22,1,2025-08-26 15:14,2025-09-04 23:20,815,403,0.4945,0.02822
404,120,660,23,22,1,2025-12-10 03:48,2025-12-17 14:52,1238,593,0.4790,0.01858
405,120,2100,23,22,1,2025-08-15 11:00,2025-09-05 00:11,612,288,0.4706,0.03758
406,30,14400,23,22,1,2026-04-26 21:22,2026-05-12 06:37,529,218,0.4121,0.04348
407,60,8640,23,22,1,2025-02-25 08:27,2025-03-25 18:15,445,209,0.4697,0.05169
408,150,630,23,22,1,2025-12-10 03:27,2025-12-17 14:53,1185,550,0.4641,0.01941
409,2760,2790,23,22,1,2025-07-22 12:47,2025-08-06 13:31,1131,548,0.4845,0.02034
410,450,600,23,22,1,2025-12-10 03:27,2025-12-17 16:16,1267,620,0.4893,0.01815
411,60,8160,23,22,1,2025-02-25 08:02,2025-03-25 18:29,443,216,0.4876,0.05192
412,150,1230,23,21,2,2025-08-17 21:26,2025-09-04 04:32,806,399,0.4950,0.02854
413,630,4800,23,21,2,2025-04-02 15:17,2025-06-20 03:55,182,99,0.5440,0.12637
414,720,750,23,21,2,2025-09-14 23:25,2025-09-18 18:44,2177,1027,0.4718,0.01056
415,30,4320,23,21,2,2025-07-02 07:01,2025-07-24 16:04,782,389,0.4974,0.02941
416,450,510,23,21,2,2025-01-02 10:10,2025-01-09 04:28,2017,997,0.4943,0.01140
417,600,660,23,21,2,2025-09-14 21:31,2025-09-18 17:17,1687,814,0.4825,0.01363
418,30,660,23,21,2,2025-06-04 10:54,2025-06-10 01:29,2236,1077,0.4817,0.01029
419,1860,1980,23,21,2,2026-05-05 23:49,2026-05-18 20:55,651,314,0.4823,0.03533
420,240,300,23,21,2,2025-04-28 10:10,2025-05-01 13:37,2809,1324,0.4713,0.00819
421,270,1050,23,21,2,2025-01-03 04:47,2025-01-22 10:46,716,343,0.4791,0.03212
422,870,900,23,21,2,2026-02-16 11:09,2026-02-20 10:32,1904,932,0.4895,0.01208
423,450,12000,23,21,2,2025-04-28 03:33,2025-07-02 16:36,161,89,0.5528,0.14286
424,30,510,23,21,2,2026-06-16 21:00,2026-06-19 06:35,2668,1295,0.4854,0.00862
425,60,2340,23,21,2,2025-08-26 15:15,2025-09-04 22:04,815,399,0.4896,0.02822
426,240,360,23,21,2,2025-07-22 13:52,2025-07-29 02:47,1981,931,0.4700,0.01161
427,60,480,23,21,2,2026-04-24 00:57,2026-04-29 10:43,2023,1001,0.4948,0.01137
428,450,480,23,21,2,2025-12-09 22:55,2025-12-15 07:56,2837,1408,0.4963,0.00811
429,870,2760,23,21,2,2026-01-22 15:55,2026-03-19 20:00,249,138,0.5542,0.09237
430,510,10080,23,21,2,2025-04-28 01:58,2025-07-25 12:06,163,89,0.5460,0.14110
431,330,450,23,20,3,2025-07-21 02:32,2025-07-29 01:24,1711,815,0.4763,0.01344
432,60,9840,23,20,3,2025-02-07 04:12,2025-03-25 18:27,437,189,0.4325,0.05263
433,90,14160,23,20,3,2026-04-26 21:56,2026-06-01 14:13,293,129,0.4403,0.07850
434,690,780,23,20,3,2026-06-12 20:58,2026-06-26 02:24,1301,644,0.4950,0.01768
435,2550,2610,23,20,3,2025-08-06 10:28,2025-08-18 10:36,845,446,0.5278,0.02722
436,120,1530,23,20,3,2025-08-18 02:51,2025-09-09 13:49,746,352,0.4718,0.03083
437,1350,1590,23,20,3,2025-04-02 00:10,2025-05-02 07:25,561,287,0.5116,0.04100
438,600,810,23,20,3,2026-06-12 07:33,2026-06-26 02:03,895,434,0.4849,0.02570
439,510,10560,23,20,3,2025-04-28 02:43,2025-07-02 15:10,153,79,0.5163,0.15033
440,90,1650,23,20,3,2025-08-12 07:20,2025-09-03 09:25,830,413,0.4976,0.02771
441,750,990,23,20,3,2025-04-01 05:11,2025-04-16 02:50,778,355,0.4563,0.02956
442,450,630,23,20,3,2026-05-04 03:52,2026-05-18 07:13,1145,564,0.4926,0.02009
443,450,11280,23,20,3,2025-04-28 02:51,2025-07-02 15:44,159,91,0.5723,0.14465
444,1830,12480,23,20,3,2025-06-02 05:04,2026-01-02 11:37,85,45,0.5294,0.27059
445,1590,2760,23,20,3,2025-04-02 13:56,2025-05-23 04:40,241,121,0.5021,0.09544
446,1620,2790,23,20,3,2025-04-02 13:47,2025-05-23 04:57,233,122,0.5236,0.09871
447,60,180,23,20,3,2025-09-04 16:34,2025-09-08 21:01,3920,1951,0.4977,0.00587
448,540,7440,23,20,3,2025-04-24 21:22,2025-08-04 14:53,151,77,0.5099,0.15232
449,1470,5280,23,20,3,2025-04-06 22:54,2025-07-25 06:25,138,74,0.5362,0.16667
450,1590,2790,23,20,3,2025-04-02 13:45,2025-05-23 04:59,235,121,0.5149,0.09787
451,780,2730,23,19,4,2026-04-13 04:06,2026-05-22 09:08,263,133,0.5057,0.08745
452,2460,10800,23,19,4,2025-01-21 00:37,2025-05-15 00:52,81,46,0.5679,0.28395
453,90,2100,23,19,4,2026-06-02 18:27,2026-06-17 07:23,692,365,0.5275,0.03324
454,180,270,23,19,4,2026-04-07 05:24,2026-04-14 04:53,2633,1255,0.4766,0.00874
455,1650,2490,23,19,4,2025-03-26 00:44,2025-05-13 20:48,285,143,0.5018,0.08070
456,1710,1860,23,19,4,2026-06-17 01:21,2026-07-02 01:54,639,323,0.5055,0.03599
457,90,1080,23,19,4,2026-06-02 17:47,2026-06-12 12:29,1064,505,0.4746,0.02162
458,180,1020,23,19,4,2025-08-15 19:31,2025-09-04 03:39,840,392,0.4667,0.02738
459,450,570,23,19,4,2025-01-10 13:23,2025-01-21 16:43,1399,668,0.4775,0.01644
460,480,690,23,19,4,2025-01-02 10:54,2025-01-17 05:35,1021,497,0.4868,0.02253
461,1740,2700,23,19,4,2025-04-17 12:28,2025-05-27 15:23,257,128,0.4981,0.08949
462,30,8160,23,19,4,2025-04-30 16:19,2025-05-16 17:10,643,304,0.4728,0.03577
463,180,1050,23,19,4,2025-08-15 19:42,2025-09-04 03:48,830,378,0.4554,0.02771
464,1860,2130,23,19,4,2026-05-11 02:50,2026-06-09 04:12,437,204,0.4668,0.05263
465,90,2250,23,19,4,2026-04-02 02:26,2026-04-15 11:33,693,349,0.5036,0.03319
466,240,1020,23,19,4,2025-01-03 04:20,2025-01-22 10:43,740,370,0.5000,0.03108
467,480,2430,23,19,4,2025-08-11 14:26,2025-09-17 23:46,335,174,0.5194,0.06866
468,780,990,23,19,4,2025-08-18 02:09,2025-09-02 05:00,806,374,0.4640,0.02854
469,840,2520,23,19,4,2026-04-13 04:11,2026-05-22 07:58,283,143,0.5053,0.08127
470,60,450,23,19,4,2025-05-07 15:59,2025-05-15 05:45,2127,1038,0.4880,0.01081
471,390,2400,23,19,4,2026-03-23 15:17,2026-04-30 12:25,361,176,0.4875,0.06371
472,480,2760,23,19,4,2025-10-27 07:56,2025-12-01 13:52,293,156,0.5324,0.07850
473,1710,2520,23,19,4,2025-03-31 03:56,2025-05-15 08:04,285,133,0.4667,0.08070
474,2190,3360,23,19,4,2025-07-07 09:13,2025-09-18 10:41,209,96,0.4593,0.11005
475,2160,3840,23,19,4,2025-06-04 13:42,2025-08-15 15:44,171,77,0.4503,0.13450
476,90,2310,23,19,4,2026-06-02 18:27,2026-06-21 21:23,675,329,0.4874,0.03407
477,870,4080,23,19,4,2025-04-02 15:26,2025-06-09 15:35,194,95,0.4897,0.11856
478,1650,4560,23,19,4,2026-04-29 01:51,2026-07-13 11:31,158,81,0.5127,0.14557
479,30,2790,23,19,4,2026-07-08 14:19,2026-07-23 06:54,1010,465,0.4604,0.02277
480,90,2280,23,19,4,2026-06-02 18:25,2026-06-21 21:26,676,343,0.5074,0.03402
481,2070,2490,23,19,4,2025-03-25 20:05,2025-05-12 20:50,347,170,0.4899,0.06628
482,1410,1470,23,19,4,2026-05-20 08:25,2026-05-29 20:03,1061,504,0.4750,0.02168
483,90,2340,23,19,4,2026-06-02 18:29,2026-06-21 21:20,685,344,0.5022,0.03358
484,150,360,23,19,4,2025-09-14 21:39,2025-09-22 00:57,1917,941,0.4909,0.01200
485,210,480,23,19,4,2025-12-10 01:39,2025-12-17 14:11,1379,639,0.4634,0.01668
486,240,630,23,19,4,2025-06-04 22:13,2025-06-17 08:20,1093,528,0.4831,0.02104
487,1890,1950,23,19,4,2025-05-06 00:22,2025-05-23 04:04,895,434,0.4849,0.02570
488,2190,3840,23,19,4,2025-06-04 13:51,2025-08-15 15:58,169,79,0.4675,0.13609
489,330,9120,23,18,5,2025-04-25 04:40,2025-06-10 05:52,189,99,0.5238,0.12169
490,660,2700,23,18,5,2026-04-13 02:51,2026-05-22 07:50,265,128,0.4830,0.08679
491,2490,2640,23,18,5,2025-07-02 00:33,2025-08-11 17:30,519,264,0.5087,0.04432
492,630,2820,23,18,5,2026-04-13 02:48,2026-05-22 09:25,261,131,0.5019,0.08812
493,2550,2820,23,18,5,2026-05-26 21:14,2026-06-23 14:36,405,189,0.4667,0.05679
494,780,7920,23,18,5,2025-02-09 22:11,2025-05-08 15:25,135,68,0.5037,0.17037
495,1680,4560,23,18,5,2026-04-29 02:08,2026-07-13 11:50,156,77,0.4936,0.14744
496,1860,13920,23,18,5,2025-11-19 13:45,2026-04-28 20:27,73,40,0.5479,0.31507
497,210,1140,23,18,5,2025-08-15 20:52,2025-09-04 04:26,698,328,0.4699,0.03295
498,90,840,23,18,5,2025-08-14 09:40,2025-08-27 15:04,1226,561,0.4576,0.01876
499,360,10800,23,18,5,2025-05-07 19:54,2025-07-25 11:47,189,100,0.5291,0.12169
500,660,2670,23,18,5,2026-04-13 02:46,2026-05-22 07:37,269,128,0.4758,0.08550
