distance_pips,days,share_pct
-70,1,0.085
-53,1,0.085
-36,1,0.085
-35,1,0.085
-34,1,0.085
-28,1,0.085
-27,1,0.085
-25,1,0.085
-23,2,0.171
-20,1,0.085
-19,2,0.171
-17,2,0.171
-16,4,0.341
-15,1,0.085
-14,2,0.171
-13,3,0.256
-12,4,0.341
-11,4,0.341
-10,2,0.171
-9,4,0.341
-8,5,0.426
-7,3,0.256
-6,6,0.512
-5,8,0.682
-4,8,0.682
-3,10,0.853
-2,10,0.853
-1,18,1.535
0,16,1.364
1,19,1.620
2,23,1.961
3,34,2.899
4,19,1.620
5,33,2.813
6,31,2.643
7,36,3.069
8,37,3.154
9,33,2.813
10,38,3.240
11,39,3.325
12,32,2.728
13,36,3.069
14,41,3.495
15,29,2.472
16,24,2.046
17,42,3.581
18,36,3.069
19,32,2.728
20,29,2.472
21,21,1.790
22,32,2.728
23,17,1.449
24,28,2.387
25,16,1.364
26,20,1.705
27,19,1.620
28,19,1.620
29,15,1.279
30,17,1.449
31,14,1.194
32,16,1.364
33,12,1.023
34,14,1.194
35,5,0.426
36,11,0.938
37,11,0.938
38,15,1.279
39,10,0.853
40,7,0.597
41,4,0.341
42,9,0.767
43,5,0.426
44,5,0.426
45,9,0.767
46,5,0.426
47,5,0.426
48,3,0.256
49,3,0.256
50,2,0.171
51,4,0.341
53,1,0.085
54,3,0.256
55,2,0.171
56,1,0.085
57,2,0.171
58,2,0.171
59,3,0.256
60,1,0.085
61,1,0.085
63,2,0.171
65,1,0.085
68,1,0.085
70,1,0.085
72,1,0.085
73,2,0.171
75,1,0.085
76,1,0.085
78,2,0.171
80,1,0.085
82,1,0.085
83,1,0.085
99,1,0.085
108,1,0.085
140,1,0.085
