date;releaseUtc;basePrice;dayHigh;dayLow;baseMinutes;afterMinutes;upPips;downPips;maxPips;spikeOffsetMin;spikeRangePips
2011-03-15;18:14;1.60945;1.61032;1.60669;15;346;8.7;27.6;27.6;2;19.5
2011-04-27;16:32;1.65104;1.66689;1.64964;15;448;158.5;14.0;158.5;1;23.6
2011-06-22;16:27;1.61320;1.61332;1.60424;15;439;1.2;89.6;89.6;8;18.2
2011-08-09;18:19;1.62260;1.63315;1.61985;15;323;105.5;27.5;105.5;-5;24.2
2011-09-21;18:23;1.56777;1.56891;1.54825;15;337;11.4;195.2;195.2;1;36.0
2011-11-02;16:32;1.59740;1.59781;1.58804;15;432;4.1;93.6;93.6;29;17.2
2011-12-13;19:13;1.55423;1.55451;1.54504;15;276;2.8;91.9;91.9;6;16.8
2012-01-25;17:28;1.55610;1.56782;1.55635;15;392;117.2;0.0;117.2;0;23.5
2012-03-13;18:15;1.57269;1.57329;1.56762;15;342;6.0;50.7;50.7;5;18.5
2012-04-25;16:30;1.61417;1.61821;1.61319;15;445;40.4;9.8;40.4;2;12.6
2012-06-20;16:32;1.57296;1.57556;1.56514;15;446;26.0;78.2;78.2;5;34.7
2012-08-01;18:13;1.56063;1.56058;1.55301;15;346;0.0;76.2;76.2;0;21.5
2012-09-13;16:30;1.61008;1.61744;1.60691;15;448;73.6;31.7;73.6;1;45.4
2012-10-24;18:15;1.60340;1.60443;1.60169;15;344;10.3;17.1;17.1;0;13.3
2012-12-12;17:30;1.61372;1.61721;1.61312;15;384;34.9;6.0;34.9;-3;14.4
2013-01-30;19:15;1.57981;1.58167;1.57898;15;283;18.6;8.3;18.6;1;14.2
2013-03-20;18:00;1.51260;1.51417;1.50882;15;360;15.7;37.8;37.8;15;16.4
2013-05-01;18:00;1.55886;1.56060;1.55501;15;355;17.4;38.5;38.5;1;27.2
2013-06-19;18:00;1.56684;1.56646;1.54499;15;355;0.0;218.5;218.5;0;42.1
2013-07-31;18:00;1.51873;1.52536;1.51513;15;353;66.3;36.0;66.3;0;32.6
2013-09-18;18:00;1.59718;1.61628;1.59679;15;354;191.0;3.9;191.0;0;47.1
2013-10-30;18:00;1.60635;1.60756;1.59986;15;351;12.1;64.9;64.9;0;41.7
2013-12-18;19:00;1.63874;1.64835;1.63349;15;296;96.1;52.5;96.1;0;76.4
2014-01-29;19:00;1.65834;1.65809;1.65483;15;295;0.0;35.1;35.1;0;21.0
2014-03-19;18:00;1.66428;1.66450;1.65079;15;354;2.2;134.9;134.9;0;32.8
2014-04-30;18:00;1.68737;1.68888;1.68615;15;356;15.1;12.2;15.1;0;27.2
2014-06-18;18:00;1.69454;1.70006;1.69193;15;352;55.2;26.1;55.2;0;56.4
2014-07-30;18:00;1.69046;1.69284;1.68927;15;354;23.8;11.9;23.8;1;15.2
2014-09-17;18:00;1.63118;1.63346;1.62462;15;356;22.8;65.6;65.6;0;61.4
2014-10-29;18:00;1.61227;1.60928;1.60024;15;355;0.0;120.3;120.3;0;38.0
2014-12-17;19:00;1.56401;1.56989;1.55423;15;295;58.8;97.8;97.8;0;58.4
2015-01-28;19:00;1.51707;1.52018;1.51306;15;294;31.1;40.1;40.1;0;24.9
2015-03-18;18:00;1.47113;1.51639;1.47049;15;355;452.6;6.4;452.6;0;81.5
2015-04-29;18:00;1.54622;1.54526;1.53938;15;352;0.0;68.4;68.4;0;34.1
2015-06-17;18:00;1.57264;1.58481;1.56688;15;355;121.7;57.6;121.7;0;100.7
2015-07-29;18:00;1.56266;1.56548;1.55911;15;355;28.2;35.5;35.5;0;44.9
2015-09-17;18:00;1.55371;1.56275;1.55422;15;356;90.4;0.0;90.4;0;59.2
2015-10-28;18:00;1.53245;1.53403;1.52485;15;356;15.8;76.0;76.0;0;66.2
2015-12-16;19:00;1.50272;1.50991;1.49576;15;295;71.9;69.6;71.9;0;63.9
2016-01-27;19:00;1.42614;1.42787;1.42303;15;293;17.3;31.1;31.1;-5;16.8
2016-03-16;18:00;1.41074;1.42740;1.41183;15;355;166.6;0.0;166.6;0;62.4
2016-04-27;18:00;1.45555;1.45766;1.44736;15;353;21.1;81.9;81.9;2;76.4
2016-06-15;18:00;1.41573;1.42175;1.41486;15;354;60.2;8.7;60.2;2;25.3
2016-07-27;18:00;1.31344;1.32396;1.31023;15;354;105.2;32.1;105.2;6;50.2
2016-09-21;18:00;1.29888;1.30464;1.29532;15;354;57.6;35.6;57.6;0;57.1
2016-11-02;18:00;1.23010;1.23158;1.22785;15;348;14.8;22.5;22.5;0;24.0
2016-12-14;19:00;1.26899;1.27217;1.25146;15;295;31.8;175.3;175.3;0;75.4
2017-02-01;19:00;1.26296;1.26795;1.26158;15;290;49.9;13.8;49.9;0;28.3
2017-03-15;18:00;1.22110;1.23092;1.21948;15;353;98.2;16.2;98.2;0;46.3
2017-05-03;18:00;1.29128;1.29258;1.28619;15;351;13.0;50.9;50.9;0;22.4
2017-06-14;18:00;1.27985;1.28145;1.27297;15;351;16.0;68.8;68.8;34;26.6
2017-07-26;18:00;1.30553;1.31265;1.30443;15;355;71.2;11.0;71.2;1;19.8
2017-09-20;18:00;1.35922;1.36583;1.34508;15;352;66.1;141.4;141.4;0;82.4
2017-11-01;18:00;1.32718;1.32808;1.32403;15;347;9.0;31.5;31.5;0;18.3
2017-12-13;19:00;1.33622;1.34301;1.33465;15;291;67.9;15.7;67.9;57;32.4
2018-01-31;19:00;1.41822;1.42113;1.41505;15;293;29.1;31.7;31.7;0;31.2
2018-03-21;18:00;1.40765;1.41507;1.40575;15;337;74.2;19.0;74.2;4;27.7
2018-05-02;18:00;1.35985;1.36518;1.35547;15;345;53.3;43.8;53.3;1;17.8
2018-06-13;18:00;1.33842;1.33844;1.33179;15;333;0.2;66.3;66.3;0;20.5
2018-08-01;18:00;1.31193;1.31391;1.31155;15;351;19.8;3.8;19.8;2;10.0
2018-09-26;18:00;1.31873;1.32172;1.31585;15;349;29.9;28.8;29.9;1;23.9
2018-11-08;19:00;1.30939;1.31059;1.30447;15;293;12.0;49.2;49.2;42;17.3
2018-12-19;19:00;1.26581;1.26571;1.26075;15;284;0.0;50.6;50.6;0;30.1
2019-01-30;19:00;1.30588;1.31450;1.30606;15;292;86.2;0.0;86.2;0;37.7
2019-03-20;18:00;1.31692;1.32503;1.31732;15;349;81.1;0.0;81.1;0;35.3
2019-05-01;18:00;1.30861;1.31023;1.30373;15;343;16.2;48.8;48.8;0;21.5
2019-06-19;18:00;1.26333;1.26732;1.26320;15;344;39.9;1.3;39.9;0;15.5
2019-07-31;18:00;1.22308;1.22421;1.21334;15;347;11.3;97.4;97.4;37;34.2
2019-09-18;18:00;1.24899;1.25115;1.24463;15;352;21.6;43.6;43.6;60;32.5
2019-10-30;18:00;1.28669;1.29074;1.28449;15;349;40.5;22.0;40.5;0;16.8
2019-12-11;19:00;1.31800;1.32136;1.31678;15;291;33.6;12.2;33.6;1;10.9
2020-01-29;19:00;1.30120;1.30250;1.30060;15;285;13.0;6.0;13.0;60;5.9
2020-03-03;15:00;1.27908;1.28440;1.27823;15;518;53.2;8.5;53.2;0;27.5
2020-04-29;18:00;1.24466;1.24831;1.24434;15;352;36.5;3.2;36.5;0;13.7
2020-06-10;18:00;1.27675;1.28131;1.27078;15;343;45.6;59.7;59.7;0;41.9
2020-07-29;18:00;1.29868;1.30132;1.29482;15;342;26.4;38.6;38.6;58;20.0
2020-09-16;18:00;1.29703;1.30000;1.29379;15;340;29.7;32.4;32.4;13;16.8
2020-11-05;19:00;1.31008;1.31567;1.31003;15;293;55.9;0.5;55.9;43;10.6
2020-12-16;19:00;1.34895;1.35125;1.34510;15;280;23.0;38.5;38.5;0;25.0
2021-01-27;19:00;1.37151;1.37301;1.36656;15;288;15.0;49.5;49.5;0;12.0
2021-03-17;18:00;1.38563;1.39761;1.38623;15;335;119.8;0.0;119.8;0;35.0
2021-04-28;18:00;1.39017;1.39563;1.38886;15;330;54.6;13.1;54.6;35;14.6
2021-06-16;18:00;1.41004;1.40876;1.39800;15;349;0.0;120.4;120.4;0;33.4
2021-07-28;18:00;1.38773;1.39111;1.38423;15;315;33.8;35.0;35.0;0;36.9
2021-09-22;18:00;1.36500;1.36892;1.36087;15;343;39.2;41.3;41.3;0;36.3
2021-11-03;18:00;1.36587;1.36979;1.36422;15;325;39.2;16.5;39.2;0;31.1
2021-12-15;19:00;1.32121;1.32735;1.31714;15;284;61.4;40.7;61.4;0;30.7
2022-01-26;19:00;1.35078;1.35242;1.34441;15;260;16.4;63.7;63.7;0;18.8
2022-03-16;18:00;1.30905;1.31561;1.30432;15;337;65.6;47.3;65.6;0;26.4
2022-05-04;18:00;1.24846;1.26379;1.24510;15;337;153.3;33.6;153.3;43;36.4
2022-06-15;18:00;1.20959;1.22048;1.20282;15;330;108.9;67.7;108.9;38;70.3
2022-07-27;18:00;1.20559;1.21862;1.20293;15;328;130.3;26.6;130.3;35;32.7
2022-09-21;18:00;1.13283;1.13569;1.12362;15;348;28.6;92.1;92.1;0;60.4
2022-11-02;18:00;1.14749;1.15648;1.13750;15;347;89.9;99.9;99.9;0;59.4
2022-12-14;19:00;1.24346;1.24465;1.23448;15;283;11.9;89.8;89.8;0;48.9
2023-02-01;19:00;1.22995;1.24014;1.22719;15;287;101.9;27.6;101.9;43;22.2
2023-03-22;18:00;1.22456;1.23348;1.22424;15;354;89.2;3.2;89.2;0;56.3
2023-05-03;18:00;1.25560;1.25897;1.25375;15;345;33.7;18.5;33.7;0;26.9
2023-06-14;18:00;1.26864;1.26844;1.26261;15;352;0.0;60.3;60.3;0;31.1
2023-07-26;18:00;1.29083;1.29599;1.28934;15;345;51.6;14.9;51.6;0;35.6
2023-09-20;18:00;1.24062;1.23961;1.23225;15;355;0.0;83.7;83.7;31;20.4
2023-11-01;18:00;1.21173;1.21797;1.20973;15;355;62.4;20.0;62.4;0;23.5
2023-12-13;19:00;1.25108;1.26342;1.25281;15;295;123.4;0.0;123.4;0;38.7
2024-01-31;19:00;1.27158;1.27389;1.26566;15;296;23.1;59.2;59.2;0;40.9
2024-03-20;18:00;1.27180;1.27967;1.27142;15;355;78.7;3.8;78.7;0;28.9
2024-05-01;18:00;1.24897;1.25501;1.24844;15;358;60.4;5.3;60.4;35;28.7
2024-06-12;18:00;1.28374;1.28404;1.27890;15;356;3.0;48.4;48.4;0;32.0
2024-07-31;18:00;1.28352;1.28642;1.28204;15;357;29.0;14.8;29.0;0;14.4
2024-09-18;18:00;1.32077;1.32973;1.31753;15;355;89.6;32.4;89.6;0;69.3
2024-11-07;19:00;1.29752;1.29915;1.29484;15;293;16.3;26.8;26.8;0;20.9
2024-12-18;19:00;1.27152;1.27072;1.25608;15;296;0.0;154.4;154.4;0;45.1
2025-01-29;19:00;1.24457;1.24577;1.24121;15;298;12.0;33.6;33.6;73;21.4
2025-03-19;18:00;1.29609;1.30112;1.29579;15;355;50.3;3.0;50.3;0;25.2
2025-05-07;18:00;1.33332;1.33532;1.32799;15;358;20.0;53.3;53.3;44;14.7
2025-06-18;18:00;1.34424;1.34753;1.34007;15;359;32.9;41.7;41.7;0;36.9
2025-07-30;18:00;1.32876;1.33123;1.32232;15;354;24.7;64.4;64.4;36;23.5
2025-09-17;18:00;1.36651;1.37260;1.36166;15;357;60.9;48.5;60.9;0;31.6
2025-10-29;18:00;1.32246;1.32275;1.31400;15;351;2.9;84.6;84.6;35;30.7
2025-12-10;19:00;1.33367;1.33900;1.33252;15;299;53.3;11.5;53.3;0;27.8
2026-01-28;19:00;1.37703;1.38287;1.37517;15;298;58.4;18.6;58.4;1;30.7
2026-03-18;18:00;1.33399;1.33502;1.32498;15;359;10.3;90.1;90.1;0;13.4
2026-04-29;18:00;1.34879;1.34928;1.34575;15;356;4.9;30.4;30.4;37;14.6
2026-06-17;18:00;1.33997;1.33973;1.32618;15;358;0.0;137.9;137.9;0;39.4
2026-07-29;18:00;1.33030;1.33871;1.32832;15;360;84.1;19.8;84.1;0;58.2
