symbol;year;tp;sl;days;wins;losses;open;winPct;needPct;grossPips;spreadPerLeg;netPips;maxDdPips;ambiguousLegs;closeP50Min;closeP90Min;closeMaxMin
GBPUSD;2021;20;10;259;186;73;0;71.81;66.67;400;0.0;400.0;180.0;0;48;233;3407
GBPUSD;2022;20;10;260;185;75;0;71.15;66.67;350;0.0;350.0;160.0;0;26;103;3502
GBPUSD;2023;20;10;259;178;81;0;68.73;66.67;160;0.0;160.0;140.0;1;33;188;3790
GBPUSD;2024;20;10;260;176;84;0;67.69;66.67;80;0.0;80.0;250.0;0;61;488;3901
GBPUSD;2025;20;10;259;171;88;0;66.02;66.67;-50;0.0;-50.0;220.0;0;52;191;3631
GBPUSD;2026;20;10;182;132;50;0;72.53;66.67;320;0.0;320.0;190.0;0;56;541;4325
GBPUSD;all;20;10;1479;1028;451;0;69.51;66.67;1260;0.0;1260.0;260.0;1;45;240;4325
GBPUSD;2021;20;15;259;231;28;0;89.19;85.71;315;0.0;315.0;100.0;0;53;359;3949
GBPUSD;2022;20;15;260;230;30;0;88.46;85.71;250;0.0;250.0;115.0;0;29;173;3688
GBPUSD;2023;20;15;259;220;39;0;84.94;85.71;-70;0.0;-70.0;175.0;0;38;293;3953
GBPUSD;2024;20;15;260;221;39;0;85.00;85.71;-65;0.0;-65.0;205.0;0;80;1058;4313
GBPUSD;2025;20;15;259;225;34;0;86.87;85.71;105;0.0;105.0;185.0;0;58;389;3631
GBPUSD;2026;20;15;182;158;24;0;86.81;85.71;70;0.0;70.0;140.0;0;60;1159;4325
GBPUSD;all;20;15;1479;1285;194;0;86.88;85.71;605;0.0;605.0;250.0;0;51;513;4325
GBPUSD;2021;25;10;259;155;104;0;59.85;57.14;245;0.0;245.0;380.0;0;65;647;3630
GBPUSD;2022;25;10;260;159;101;0;61.15;57.14;365;0.0;365.0;220.0;0;34;172;3783
GBPUSD;2023;25;10;259;153;106;0;59.07;57.14;175;0.0;175.0;180.0;0;50;290;3850
GBPUSD;2024;25;10;260;152;108;0;58.46;57.14;120;0.0;120.0;270.0;0;94;786;4465
GBPUSD;2025;25;10;259;149;110;0;57.53;57.14;35;0.0;35.0;225.0;0;70;512;3955
GBPUSD;2026;25;10;182;104;78;0;57.14;57.14;0;0.0;0.0;320.0;0;97;1084;4334
GBPUSD;all;25;10;1479;872;607;0;58.96;57.14;940;0.0;940.0;380.0;0;62;601;4465
GBPUSD;2021;25;15;259;197;62;0;76.06;75.00;110;0.0;110.0;400.0;0;105;915;4028
GBPUSD;2022;25;15;260;198;62;0;76.15;75.00;120;0.0;120.0;220.0;0;40;489;4011
GBPUSD;2023;25;15;259;198;61;0;76.45;75.00;150;0.0;150.0;140.0;0;70;769;4046
GBPUSD;2024;25;15;260;192;68;0;73.85;75.00;-120;0.0;-120.0;300.0;0;130;1218;5528
GBPUSD;2025;25;15;259;197;62;0;76.06;75.00;110;0.0;110.0;280.0;0;90;937;4057
GBPUSD;2026;25;15;182;135;47;0;74.18;75.00;-60;0.0;-60.0;200.0;0;126;1441;6988
GBPUSD;all;25;15;1479;1117;362;0;75.52;75.00;310;0.0;310.0;400.0;0;85;972;6988
GBPUSD;2021;25;20;259;224;35;0;86.49;88.89;-280;0.0;-280.0;405.0;0;118;1039;4238
GBPUSD;2022;25;20;260;227;33;0;87.31;88.89;-185;0.0;-185.0;310.0;0;46;602;4046
GBPUSD;2023;25;20;259;239;20;0;92.28;88.89;395;0.0;395.0;135.0;0;81;929;4230
GBPUSD;2024;25;20;260;233;27;0;89.62;88.89;85;0.0;85.0;275.0;0;172;1350;5535
GBPUSD;2025;25;20;259;231;28;0;89.19;88.89;35;0.0;35.0;235.0;0;104;1028;4185
GBPUSD;2026;25;20;182;160;22;0;87.91;88.89;-80;0.0;-80.0;270.0;0;142;1908;6988
GBPUSD;all;25;20;1479;1314;165;0;88.84;88.89;-30;0.0;-30.0;615.0;0;97;1076;6988
GBPUSD;2021;30;10;259;134;125;0;51.74;50.00;180;0.0;180.0;400.0;0;103;957;3911
GBPUSD;2022;30;10;260;141;119;0;54.23;50.00;440;0.0;440.0;180.0;0;44;260;3847
GBPUSD;2023;30;10;259;133;126;0;51.35;50.00;140;0.0;140.0;200.0;0;70;725;4133
GBPUSD;2024;30;10;260;138;122;0;53.08;50.00;320;0.0;320.0;280.0;0;135;1085;5003
GBPUSD;2025;30;10;259;136;123;0;52.51;50.00;260;0.0;260.0;200.0;0;85;816;3973
GBPUSD;2026;30;10;182;97;85;0;53.30;50.00;240;0.0;240.0;340.0;0;156;1150;4357
GBPUSD;all;30;10;1479;779;700;0;52.67;50.00;1580;0.0;1580.0;400.0;0;85;918;5003
GBPUSD;2021;30;15;259;174;85;0;67.18;66.67;60;0.0;60.0;465.0;0;182;1049;4035
GBPUSD;2022;30;15;260;175;85;0;67.31;66.67;75;0.0;75.0;315.0;0;53;676;4011
GBPUSD;2023;30;15;259;175;84;0;67.57;66.67;105;0.0;105.0;270.0;0;105;985;4133
GBPUSD;2024;30;15;260;175;85;0;67.31;66.67;75;0.0;75.0;270.0;0;240;1412;5528
GBPUSD;2025;30;15;259;180;79;0;69.50;66.67;330;0.0;330.0;180.0;0;128;1061;4057
GBPUSD;2026;30;15;182;125;57;0;68.68;66.67;165;0.0;165.0;195.0;0;219;1680;7134
GBPUSD;all;30;15;1479;1004;475;0;67.88;66.67;810;0.0;810.0;465.0;0;128;1139;7134
GBPUSD;2021;30;20;259;201;58;0;77.61;80.00;-310;0.0;-310.0;490.0;0;219;1199;4417
GBPUSD;2022;30;20;260;202;58;0;77.69;80.00;-300;0.0;-300.0;460.0;0;60;735;4046
GBPUSD;2023;30;20;259;213;46;0;82.24;80.00;290;0.0;290.0;230.0;0;173;1088;4230
GBPUSD;2024;30;20;260;215;45;0;82.69;80.00;350;0.0;350.0;250.0;1;282;2400;5689
GBPUSD;2025;30;20;259;212;47;0;81.85;80.00;240;0.0;240.0;170.0;0;176;1359;5321
GBPUSD;2026;30;20;182;147;35;0;80.77;80.00;70;0.0;70.0;220.0;0;240;2790;7134
GBPUSD;all;30;20;1479;1190;289;0;80.46;80.00;340;0.0;340.0;860.0;1;176;1351;7134
GBPUSD;2021;30;25;259;234;25;0;90.35;90.91;-80;0.0;-80.0;220.0;0;230;1296;4429
GBPUSD;2022;30;25;260;234;26;0;90.00;90.91;-130;0.0;-130.0;385.0;0;66;990;4068
GBPUSD;2023;30;25;259;236;23;0;91.12;90.91;30;0.0;30.0;220.0;0;177;1255;4263
GBPUSD;2024;30;25;260;240;20;0;92.31;90.91;200;0.0;200.0;185.0;1;292;2483;5689
GBPUSD;2025;30;25;259;236;23;0;91.12;90.91;30;0.0;30.0;175.0;0;188;1475;5546
GBPUSD;2026;30;25;182;168;14;0;92.31;90.91;140;0.0;140.0;110.0;0;251;2814;7134
GBPUSD;all;30;25;1479;1348;131;0;91.14;90.91;190;0.0;190.0;395.0;1;188;1425;7134
GBPUSD;2021;35;10;259;123;136;0;47.49;44.44;355;0.0;355.0;420.0;0;130;1031;4169
GBPUSD;2022;35;10;260;122;138;0;46.92;44.44;290;0.0;290.0;350.0;0;51;488;3979
GBPUSD;2023;35;10;259;118;141;0;45.56;44.44;130;0.0;130.0;260.0;0;91;973;4137
GBPUSD;2024;35;10;260;124;136;0;47.69;44.44;380;0.0;380.0;255.0;0;197;1318;6716
GBPUSD;2025;35;10;259;123;136;0;47.49;44.44;355;0.0;355.0;230.0;0;113;999;4352
GBPUSD;2026;35;10;182;89;93;0;48.90;44.44;365;0.0;365.0;360.0;0;186;1350;4363
GBPUSD;all;35;10;1479;699;780;0;47.26;44.44;1875;0.0;1875.0;420.0;0;111;1063;6716
GBPUSD;2021;35;15;259;160;99;0;61.78;60.00;230;0.0;230.0;480.0;0;277;1353;5407
GBPUSD;2022;35;15;260;157;103;0;60.38;60.00;50;0.0;50.0;470.0;0;67;858;4011
GBPUSD;2023;35;15;259;154;105;0;59.46;60.00;-70;0.0;-70.0;420.0;0;156;1104;5017
GBPUSD;2024;35;15;260;159;101;0;61.15;60.00;150;0.0;150.0;330.0;0;335;1680;6716
GBPUSD;2025;35;15;259;166;93;0;64.09;60.00;530;0.0;530.0;220.0;0;203;1476;4444
GBPUSD;2026;35;15;182;115;67;0;63.19;60.00;290;0.0;290.0;230.0;0;319;2882;7139
GBPUSD;all;35;15;1479;911;568;0;61.60;60.00;1180;0.0;1180.0;560.0;0;205;1379;7139
GBPUSD;2021;35;20;259;185;74;0;71.43;72.73;-185;0.0;-185.0;520.0;0;571;1445;5407
GBPUSD;2022;35;20;260;181;79;0;69.62;72.73;-445;0.0;-445.0;735.0;0;91;996;4046
GBPUSD;2023;35;20;259;190;69;0;73.36;72.73;90;0.0;90.0;355.0;0;245;1350;5022
GBPUSD;2024;35;20;260;198;62;0;76.15;72.73;490;0.0;490.0;275.0;0;658;3426;6716
GBPUSD;2025;35;20;259;196;63;0;75.68;72.73;420;0.0;420.0;260.0;0;297;3301;6181
GBPUSD;2026;35;20;182;135;47;0;74.18;72.73;145;0.0;145.0;315.0;0;421;3300;7139
GBPUSD;all;35;20;1479;1085;394;0;73.36;72.73;515;0.0;515.0;955.0;0;274;1680;7139
GBPUSD;2021;35;25;259;216;43;0;83.40;83.33;10;0.0;10.0;270.0;0;654;1519;5407
GBPUSD;2022;35;25;260;210;50;0;80.77;83.33;-400;0.0;-400.0;660.0;0;111;1167;4070
GBPUSD;2023;35;25;259;211;48;0;81.47;83.33;-290;0.0;-290.0;470.0;0;272;1412;6720
GBPUSD;2024;35;25;260;220;40;0;84.62;83.33;200;0.0;200.0;230.0;0;826;3841;6716
GBPUSD;2025;35;25;259;218;41;0;84.17;83.33;130;0.0;130.0;180.0;0;329;3311;7045
GBPUSD;2026;35;25;182;156;26;0;85.71;83.33;260;0.0;260.0;250.0;0;558;3301;7139
GBPUSD;all;35;25;1479;1231;248;0;83.23;83.33;-90;0.0;-90.0;1020.0;0;313;2711;7139
GBPUSD;2021;35;30;259;241;18;0;93.05;92.31;125;0.0;125.0;235.0;0;678;2420;5903
GBPUSD;2022;35;30;260;237;23;0;91.15;92.31;-195;0.0;-195.0;365.0;0;120;1236;4070
GBPUSD;2023;35;30;259;239;20;0;92.28;92.31;-5;0.0;-5.0;305.0;0;294;1425;6720
GBPUSD;2024;35;30;260;239;21;0;91.92;92.31;-65;0.0;-65.0;420.0;2;923;3874;6722
GBPUSD;2025;35;30;259;242;17;0;93.44;92.31;190;0.0;190.0;175.0;0;351;3521;8378
GBPUSD;2026;35;30;182;170;12;0;93.41;92.31;130;0.0;130.0;210.0;0;558;3301;7139
GBPUSD;all;35;30;1479;1368;111;0;92.49;92.31;180;0.0;180.0;700.0;2;332;2882;8378
GBPUSD;2021;40;10;259;106;153;0;40.93;40.00;120;0.0;120.0;410.0;0;198;1164;5223
GBPUSD;2022;40;10;260;113;147;0;43.46;40.00;450;0.0;450.0;350.0;0;56;643;4170
GBPUSD;2023;40;10;259;112;147;0;43.24;40.00;420;0.0;420.0;180.0;0;105;987;5394
GBPUSD;2024;40;10;260;111;149;0;42.69;40.00;350;0.0;350.0;360.0;0;242;1458;6752
GBPUSD;2025;40;10;259;111;148;0;42.86;40.00;370;0.0;370.0;270.0;0;137;1138;4366
GBPUSD;2026;40;10;182;77;105;0;42.31;40.00;210;0.0;210.0;380.0;0;227;1625;4379
GBPUSD;all;40;10;1479;630;849;0;42.60;40.00;1920;0.0;1920.0;410.0;0;140;1266;6752
GBPUSD;2021;40;15;259;142;117;0;54.83;54.55;40;0.0;40.0;465.0;0;627;1659;5412
GBPUSD;2022;40;15;260;147;113;0;56.54;54.55;285;0.0;285.0;430.0;0;90;1018;5340
GBPUSD;2023;40;15;259;146;113;0;56.37;54.55;260;0.0;260.0;330.0;0;223;1271;5394
GBPUSD;2024;40;15;260;146;114;0;56.15;54.55;230;0.0;230.0;425.0;0;793;3540;6752
GBPUSD;2025;40;15;259;149;110;0;57.53;54.55;425;0.0;425.0;380.0;0;326;2512;5167
GBPUSD;2026;40;15;182;98;84;0;53.85;54.55;-70;0.0;-70.0;365.0;0;623;3300;7175
GBPUSD;all;40;15;1479;828;651;0;55.98;54.55;1170;0.0;1170.0;490.0;0;277;1680;7175
GBPUSD;2021;40;20;259;163;96;0;62.93;66.67;-580;0.0;-580.0;620.0;0;773;3366;5412
GBPUSD;2022;40;20;260;169;91;0;65.00;66.67;-260;0.0;-260.0;720.0;0;129;1140;5340
GBPUSD;2023;40;20;259;180;79;0;69.50;66.67;440;0.0;440.0;380.0;0;386;1409;5394
GBPUSD;2024;40;20;260;180;80;0;69.23;66.67;400;0.0;400.0;320.0;1;992;3991;6810
GBPUSD;2025;40;20;259;174;85;0;67.18;66.67;80;0.0;80.0;640.0;0;561;3478;6181
GBPUSD;2026;40;20;182;117;65;0;64.29;66.67;-260;0.0;-260.0;520.0;0;880;3468;7175
GBPUSD;all;40;20;1479;983;496;0;66.46;66.67;-180;0.0;-180.0;1160.0;1;600;3358;7175
GBPUSD;2021;40;25;259;193;66;0;74.52;76.92;-405;0.0;-405.0;430.0;0;977;3526;5412
GBPUSD;2022;40;25;260;195;65;0;75.00;76.92;-325;0.0;-325.0;530.0;0;146;1361;5340
GBPUSD;2023;40;25;259;200;59;0;77.22;76.92;50;0.0;50.0;470.0;0;629;1709;6720
GBPUSD;2024;40;25;260;202;58;0;77.69;76.92;130;0.0;130.0;350.0;1;1038;4207;7225
GBPUSD;2025;40;25;259;197;62;0;76.06;76.92;-145;0.0;-145.0;505.0;0;642;3740;7045
GBPUSD;2026;40;25;182;137;45;0;75.27;76.92;-195;0.0;-195.0;445.0;0;1008;3870;7175
GBPUSD;all;40;25;1479;1124;355;0;76.00;76.92;-890;0.0;-890.0;1100.0;1;710;3547;7225
GBPUSD;2021;40;30;259;217;42;0;83.78;85.71;-350;0.0;-350.0;460.0;0;998;3591;6902
GBPUSD;2022;40;30;260;224;36;0;86.15;85.71;80;0.0;80.0;320.0;0;200;1429;5340
GBPUSD;2023;40;30;259;228;31;0;88.03;85.71;420;0.0;420.0;210.0;0;690;2667;6720
GBPUSD;2024;40;30;260;222;38;0;85.38;85.71;-60;0.0;-60.0;410.0;0;1094;4230;7326
GBPUSD;2025;40;30;259;219;40;0;84.56;85.71;-210;0.0;-210.0;740.0;0;781;3860;8651
GBPUSD;2026;40;30;182;151;31;0;82.97;85.71;-350;0.0;-350.0;530.0;0;1008;3874;7175
GBPUSD;all;40;30;1479;1261;218;0;85.26;85.71;-470;0.0;-470.0;1070.0;0;804;3740;8651
GBPUSD;2021;45;10;259;98;161;0;37.84;36.36;210;0.0;210.0;530.0;0;245;1360;5237
GBPUSD;2022;45;10;260;98;162;0;37.69;36.36;190;0.0;190.0;365.0;0;67;716;5138
GBPUSD;2023;45;10;259;101;158;0;39.00;36.36;375;0.0;375.0;330.0;0;145;1105;5628
GBPUSD;2024;45;10;260;105;155;0;40.38;36.36;575;0.0;575.0;425.0;0;273;2469;6800
GBPUSD;2025;45;10;259;102;157;0;39.38;36.36;430;0.0;430.0;235.0;0;167;1350;4367
GBPUSD;2026;45;10;182;69;113;0;37.91;36.36;155;0.0;155.0;495.0;0;263;2883;7110
GBPUSD;all;45;10;1479;573;906;0;38.74;36.36;1935;0.0;1935.0;530.0;0;177;1391;7110
GBPUSD;2021;45;15;259;133;126;0;51.35;50.00;210;0.0;210.0;480.0;0;780;3446;5419
GBPUSD;2022;45;15;260;132;128;0;50.77;50.00;120;0.0;120.0;450.0;0;125;1134;5342
GBPUSD;2023;45;15;259;135;124;0;52.12;50.00;330;0.0;330.0;420.0;0;251;1358;5628
GBPUSD;2024;45;15;260;138;122;0;53.08;50.00;480;0.0;480.0;510.0;0;960;3852;6800
GBPUSD;2025;45;15;259;141;118;0;54.44;50.00;690;0.0;690.0;300.0;0;439;3301;5724
GBPUSD;2026;45;15;182;90;92;0;49.45;50.00;-60;0.0;-60.0;390.0;0;904;3301;7202
GBPUSD;all;45;15;1479;769;710;0;51.99;50.00;1770;0.0;1770.0;510.0;0;405;3300;7202
GBPUSD;2021;45;20;259;152;107;0;58.69;61.54;-480;0.0;-480.0;685.0;0;987;3572;5419
GBPUSD;2022;45;20;260;154;106;0;59.23;61.54;-390;0.0;-390.0;775.0;0;174;1197;5345
GBPUSD;2023;45;20;259;169;90;0;65.25;61.54;625;0.0;625.0;430.0;0;804;3301;5628
GBPUSD;2024;45;20;260;172;88;0;66.15;61.54;780;0.0;780.0;285.0;0;1089;4126;6810
GBPUSD;2025;45;20;259;166;93;0;64.09;61.54;430;0.0;430.0;535.0;0;738;3540;6181
GBPUSD;2026;45;20;182;108;74;0;59.34;61.54;-260;0.0;-260.0;460.0;0;1040;4213;8552
GBPUSD;all;45;20;1479;921;558;0;62.27;61.54;705;0.0;705.0;1205.0;0;801;3556;8552
GBPUSD;2021;45;25;259;177;82;0;68.34;71.43;-560;0.0;-560.0;580.0;0;1059;3775;5494
GBPUSD;2022;45;25;260;180;80;0;69.23;71.43;-400;0.0;-400.0;630.0;0;235;1446;5519
GBPUSD;2023;45;25;259;187;72;0;72.20;71.43;140;0.0;140.0;540.0;0;960;3673;6720
GBPUSD;2024;45;25;260;193;67;0;74.23;71.43;510;0.0;510.0;490.0;0;1162;4273;8233
GBPUSD;2025;45;25;259;189;70;0;72.97;71.43;280;0.0;280.0;380.0;0;960;3872;7045
GBPUSD;2026;45;25;182;129;53;0;70.88;71.43;-70;0.0;-70.0;490.0;0;1216;4232;8574
GBPUSD;all;45;25;1479;1055;424;0;71.33;71.43;-100;0.0;-100.0;1340.0;0;976;3874;8574
GBPUSD;2021;45;30;259;202;57;0;77.99;80.00;-390;0.0;-390.0;525.0;0;1077;3873;6978
GBPUSD;2022;45;30;260;209;51;0;80.38;80.00;75;0.0;75.0;375.0;0;280;1559;6757
GBPUSD;2023;45;30;259;216;43;0;83.40;80.00;660;0.0;660.0;405.0;0;972;3880;6720
GBPUSD;2024;45;30;260;212;48;0;81.54;80.00;300;0.0;300.0;600.0;0;1301;4311;8233
GBPUSD;2025;45;30;259;210;49;0;81.08;80.00;210;0.0;210.0;495.0;0;999;3917;8651
GBPUSD;2026;45;30;182;144;38;0;79.12;80.00;-120;0.0;-120.0;435.0;0;1254;4234;8583
GBPUSD;all;45;30;1479;1193;286;0;80.66;80.00;735;0.0;735.0;645.0;0;1006;3964;8651
GBPUSD;2021;50;10;259;92;167;0;35.52;33.33;340;0.0;340.0;560.0;0;270;1599;5765
GBPUSD;2022;50;10;260;89;171;0;34.23;33.33;140;0.0;140.0;500.0;0;86;977;5138
GBPUSD;2023;50;10;259;94;165;0;36.29;33.33;460;0.0;460.0;320.0;0;158;1199;7031
GBPUSD;2024;50;10;260;97;163;0;37.31;33.33;620;0.0;620.0;400.0;0;421;3401;6806
GBPUSD;2025;50;10;259;93;166;0;35.91;33.33;400;0.0;400.0;300.0;0;239;1563;5497
GBPUSD;2026;50;10;181;59;122;1;32.60;33.33;-80;0.0;-80.0;700.0;0;312;2927;7110
GBPUSD;all;50;10;1478;524;954;1;35.45;33.33;1880;0.0;1880.0;700.0;0;210;1563;7110
GBPUSD;2021;50;15;259;119;140;0;45.95;46.15;-35;0.0;-35.0;595.0;0;941;3552;5765
GBPUSD;2022;50;15;260;121;139;0;46.54;46.15;65;0.0;65.0;425.0;0;158;1208;5723
GBPUSD;2023;50;15;259;125;134;0;48.26;46.15;355;0.0;355.0;400.0;0;339;1441;7033
GBPUSD;2024;50;15;260;127;133;0;48.85;46.15;455;0.0;455.0;475.0;0;1033;3954;6806
GBPUSD;2025;50;15;259;128;131;0;49.42;46.15;550;0.0;550.0;395.0;0;691;3336;7280
GBPUSD;2026;50;15;181;79;102;1;43.65;46.15;-295;0.0;-295.0;695.0;0;1010;3369;7222
GBPUSD;all;50;15;1478;699;779;1;47.29;46.15;1095;0.0;1095.0;695.0;0;653;3387;7280
GBPUSD;2021;50;20;259;134;125;0;51.74;57.14;-980;0.0;-980.0;1120.0;0;1046;3742;5765
GBPUSD;2022;50;20;260;142;118;0;54.62;57.14;-460;0.0;-460.0;840.0;0;240;1372;5723
GBPUSD;2023;50;20;259;154;105;0;59.46;57.14;420;0.0;420.0;460.0;0;989;3481;7099
GBPUSD;2024;50;20;260;161;99;0;61.92;57.14;870;0.0;870.0;270.0;0;1256;4230;7615
GBPUSD;2025;50;20;259;150;109;0;57.92;57.14;140;0.0;140.0;580.0;0;989;3878;7280
GBPUSD;2026;50;20;181;96;85;1;53.04;57.14;-520;0.0;-520.0;800.0;0;1216;4240;8552
GBPUSD;all;50;20;1478;837;641;1;56.63;57.14;-530;0.0;-530.0;1810.0;0;987;3888;8552
GBPUSD;2021;50;25;259;158;101;0;61.00;66.67;-1100;0.0;-1100.0;1150.0;0;1137;3997;5765
GBPUSD;2022;50;25;260;167;93;0;64.23;66.67;-475;0.0;-475.0;750.0;0;297;2594;6446
GBPUSD;2023;50;25;259;173;86;0;66.80;66.67;25;0.0;25.0;725.0;0;1035;3983;7101
GBPUSD;2024;50;25;260;181;79;0;69.62;66.67;575;0.0;575.0;600.0;0;1350;4320;8550
GBPUSD;2025;50;25;259;171;88;0;66.02;66.67;-125;0.0;-125.0;425.0;0;1072;4072;7280
GBPUSD;2026;50;25;181;117;64;1;64.64;66.67;-275;0.0;-275.0;700.0;0;1317;4312;8574
GBPUSD;all;50;25;1478;967;511;1;65.43;66.67;-1375;0.0;-1375.0;1925.0;0;1067;4029;8574
GBPUSD;2021;50;30;259;182;77;0;70.27;75.00;-980;0.0;-980.0;1020.0;0;1264;4139;7109
GBPUSD;2022;50;30;260;194;66;0;74.62;75.00;-80;0.0;-80.0;500.0;0;486;2889;6764
GBPUSD;2023;50;30;259;198;61;0;76.45;75.00;300;0.0;300.0;520.0;0;1067;4042;7136
GBPUSD;2024;50;30;260;201;59;0;77.31;75.00;480;0.0;480.0;740.0;0;1373;4368;8550
GBPUSD;2025;50;30;259;193;66;0;74.52;75.00;-100;0.0;-100.0;620.0;0;1137;4347;8651
GBPUSD;2026;50;30;181;134;47;1;74.03;75.00;-140;0.0;-140.0;500.0;0;1362;4442;8583
GBPUSD;all;50;30;1478;1102;376;1;74.56;75.00;-520;0.0;-520.0;1300.0;0;1118;4209;8651
