rank,avgPeriodMinutes,diffLevel1,diffLevel2,lossLimit,profLimit,orderStartDelta,profitPips,profitWithSpreadPips,worstLossPips,maxLossRun,entries,wins,losses,directWins,mirrorWins,bothLose,winRate,cancelledOrders,duplicateTransactions,score,passesLegacyFilter
1,2880,-10,10,20,60,20,3100.0,2721.3,-382.7,11,541,174,367,174,81,286,0.3216,825,66,1955.9,0
2,1440,30,70,20,60,30,2540.0,2365.7,-280.3,10,249,94,155,94,37,118,0.3775,346,9,1805.1,0
3,2880,-30,0,20,50,30,2700.0,2422.1,-310.5,15,397,152,245,152,87,158,0.3829,996,25,1801.1,0
4,1440,50,60,20,50,20,2020.0,1919.2,-103.5,5,144,70,74,70,7,67,0.4861,536,13,1712.2,0
5,12960,50,30,20,50,10,2980.0,2471.8,-387.3,12,726,250,476,250,190,286,0.3444,14,117,1697.2,0
6,1440,-30,0,20,60,40,2220.0,2104.5,-209.8,8,165,69,96,69,25,71,0.4182,1468,2,1684.9,0
7,12960,50,20,20,50,0,2950.0,2438.3,-387.3,12,731,251,480,251,190,290,0.3434,2,125,1663.7,0
8,1440,40,60,20,50,20,2000.0,1903.4,-124.2,6,138,68,70,68,5,65,0.4928,494,12,1655.0,0
9,1440,-10,10,20,50,30,1940.0,1846.2,-124.2,6,134,66,68,66,9,59,0.4925,1884,0,1597.8,0
10,1440,-30,10,20,60,50,1840.0,1786.8,-103.5,5,76,42,34,42,6,28,0.5526,1532,0,1579.8,0
11,2880,-10,10,20,50,20,2600.0,2245.1,-333.1,8,507,182,325,182,86,239,0.3590,997,57,1578.9,0
12,12960,50,40,20,50,20,2870.0,2365.3,-405.0,12,721,247,474,247,190,284,0.3426,49,110,1555.3,0
13,12960,20,30,20,50,10,2240.0,1970.5,-219.8,9,385,142,243,142,76,167,0.3688,446,129,1530.9,0
14,2880,0,10,20,60,20,1940.0,1772.7,-147.7,7,239,84,155,84,14,141,0.3515,1002,18,1477.3,0
15,1440,40,60,20,60,20,1900.0,1804.1,-165.6,8,137,58,79,58,3,76,0.4234,358,15,1472.9,0
16,1440,50,60,20,60,20,1900.0,1801.3,-165.6,8,141,59,82,59,5,77,0.4184,385,16,1470.1,0
17,1440,-10,0,20,60,40,1820.0,1752.1,-144.9,7,97,47,50,47,15,35,0.4845,2568,1,1462.3,0
18,1440,-10,20,20,50,40,1590.0,1540.3,-41.4,2,71,43,28,43,6,22,0.6056,1900,0,1457.5,0
19,12960,50,50,20,50,30,2770.0,2266.7,-405.0,12,719,245,474,245,192,282,0.3408,1172,110,1456.7,0
20,2880,-20,30,20,60,40,2440.0,2211.8,-383.8,16,326,112,214,112,63,151,0.3436,719,8,1444.2,0
21,2880,-20,0,20,50,30,1760.0,1684.4,-124.2,6,108,56,52,56,9,43,0.5185,1316,1,1436.0,0
22,2880,-20,0,20,50,20,2510.0,2061.3,-315.4,12,641,219,422,219,128,294,0.3417,971,94,1430.5,0
23,1440,0,20,20,50,40,1550.0,1498.9,-41.4,2,73,43,30,43,5,25,0.5890,2382,0,1416.1,0
24,1440,50,20,20,50,20,3030.0,2339.8,-474.7,13,986,325,661,325,242,419,0.3296,520,2,1390.4,0
25,1440,0,10,20,50,30,1830.0,1720.1,-165.6,8,157,71,86,71,15,71,0.4522,2400,3,1388.9,0
26,1440,-10,0,20,50,30,1830.0,1720.1,-178.4,8,157,71,86,71,15,71,0.4522,2550,2,1363.3,0
27,1440,10,20,20,50,40,1560.0,1492.1,-74.9,3,97,50,47,50,11,36,0.5155,3326,0,1342.3,0
28,5760,30,50,20,60,20,1880.0,1780.6,-227.7,11,142,59,83,59,9,74,0.4155,463,9,1325.2,0
29,1440,40,70,20,50,30,1470.0,1430.8,-62.1,3,56,37,19,37,1,18,0.6607,486,0,1306.6,0
30,12960,40,50,20,50,30,1460.0,1418.0,-62.1,3,60,38,22,38,4,18,0.6333,809,0,1293.8,0
31,1440,-30,10,20,50,50,1350.0,1326.2,-20.7,1,34,29,5,29,1,4,0.8529,1877,0,1284.8,0
32,1440,-10,0,20,50,40,1590.0,1530.5,-124.2,6,85,47,38,47,10,28,0.5529,3853,1,1282.1,0
33,1440,-20,0,20,60,40,1540.0,1490.3,-106.3,5,71,37,34,37,8,26,0.5211,1907,0,1277.7,0
34,1440,-10,10,20,60,50,1380.0,1347.1,-41.4,2,47,29,18,29,6,12,0.6170,2596,0,1264.3,0
35,1440,-20,10,20,50,50,1330.0,1305.5,-20.7,1,35,29,6,29,1,5,0.8286,2583,0,1264.1,0
36,1440,-10,10,20,50,50,1330.0,1305.5,-20.7,1,35,29,6,29,1,5,0.8286,3913,0,1264.1,0
37,1440,40,70,20,60,30,1420.0,1380.1,-62.1,3,57,32,25,32,0,25,0.5614,364,0,1255.9,0
38,1440,-40,10,20,60,50,1740.0,1602.1,-174.0,7,197,71,126,71,34,92,0.3604,1188,6,1254.1,0
39,1440,0,10,20,50,50,1310.0,1284.8,-20.7,1,36,29,7,29,1,6,0.8056,7775,0,1243.4,0
40,1440,-40,10,20,50,50,1300.0,1276.9,-20.7,1,33,28,5,28,1,4,0.8485,1423,0,1235.5,0
41,10080,-10,10,20,50,20,1750.0,1588.3,-178.4,8,231,91,140,91,24,116,0.3939,536,44,1231.5,0
42,1440,-20,10,20,60,50,1380.0,1349.9,-62.1,3,43,28,15,28,4,11,0.6512,1962,0,1225.7,0
43,1440,-10,0,20,60,30,1760.0,1648.0,-212.6,8,160,62,98,62,13,85,0.3875,1895,4,1222.8,0
44,1440,10,10,20,50,50,1330.0,1300.6,-41.4,2,42,31,11,31,2,9,0.7381,108052,0,1217.8,0
45,4320,40,60,20,60,30,1380.0,1341.5,-62.1,3,55,31,24,31,3,21,0.5636,564,0,1217.3,0
46,4320,-20,0,20,50,30,1510.0,1447.7,-116.3,4,89,47,42,47,7,35,0.5281,1104,3,1215.1,0
47,5760,20,70,20,50,30,1880.0,1700.8,-248.4,12,256,100,156,100,58,98,0.3906,352,2,1204.0,0
48,4320,-10,0,20,50,30,1490.0,1417.2,-108.4,4,104,51,53,51,7,46,0.4904,1466,3,1200.4,0
49,2880,-20,30,20,60,50,1380.0,1321.9,-62.1,3,83,38,45,38,9,36,0.4578,914,0,1197.7,0
50,1440,-30,20,20,50,50,1300.0,1276.9,-41.4,2,33,28,5,28,1,4,0.8485,1564,0,1194.1,0
51,1440,30,30,20,50,50,1390.0,1357.8,-82.8,4,46,33,13,33,5,8,0.7174,69506,0,1192.2,0
52,1440,-20,0,20,50,40,1400.0,1355.9,-82.8,4,63,38,25,38,5,20,0.6032,2526,0,1190.3,0
53,4320,40,60,20,50,30,1350.0,1311.5,-62.1,3,55,35,20,35,3,17,0.6364,725,0,1187.3,0
54,1440,10,20,20,50,50,1290.0,1264.1,-41.4,2,37,29,8,29,3,5,0.7838,7012,0,1181.3,0
55,1440,0,20,20,50,50,1290.0,1264.1,-41.4,2,37,29,8,29,3,5,0.7838,3707,0,1181.3,0
56,1440,-10,10,20,50,40,1390.0,1343.1,-82.8,4,67,39,28,39,5,23,0.5821,2579,0,1177.5,0
57,1440,-10,10,20,60,40,1440.0,1389.6,-106.3,5,72,36,36,36,5,31,0.5000,1913,0,1177.0,0
58,1440,20,30,20,50,50,1260.0,1235.5,-41.4,2,35,28,7,28,2,5,0.8000,5866,0,1152.7,0
59,1440,-20,20,20,50,50,1260.0,1235.5,-41.4,2,35,28,7,28,3,4,0.8000,1965,0,1152.7,0
60,1440,-10,20,20,50,50,1260.0,1235.5,-41.4,2,35,28,7,28,3,4,0.8000,2567,0,1152.7,0
61,1440,10,30,20,50,50,1260.0,1235.5,-41.4,2,35,28,7,28,2,5,0.8000,3233,0,1152.7,0
62,1440,-20,0,20,50,30,1680.0,1562.4,-207.0,10,168,72,96,72,25,71,0.4286,1881,3,1148.4,0
63,12960,20,30,20,60,10,1980.0,1713.3,-285.9,9,381,120,261,120,68,193,0.3150,365,142,1141.5,0
64,5760,10,70,20,50,30,1800.0,1637.6,-248.4,12,232,92,140,92,53,87,0.3966,310,0,1140.8,0
65,14400,20,40,20,50,20,1530.0,1429.2,-144.9,7,144,63,81,63,22,59,0.4375,428,11,1139.4,0
66,4320,-10,0,20,60,40,1400.0,1351.0,-106.3,5,70,35,35,35,8,27,0.5000,1478,2,1138.4,0
67,1440,50,70,20,50,30,1300.0,1262.2,-62.1,3,54,34,20,34,2,18,0.6296,522,0,1138.0,0
68,2880,-30,10,20,50,40,1650.0,1538.7,-201.0,6,159,69,90,69,29,61,0.4340,1058,3,1136.7,0
69,1440,20,20,20,50,50,1330.0,1295.7,-82.8,4,49,33,16,33,7,9,0.6735,89929,0,1130.1,0
70,1440,30,80,20,60,40,1580.0,1500.9,-186.3,9,113,48,65,48,18,47,0.4248,332,2,1128.3,0
71,1440,-30,0,20,50,40,1660.0,1580.9,-227.7,11,113,56,57,56,16,41,0.4956,1800,1,1125.5,0
72,1440,-20,30,20,50,50,1230.0,1206.9,-41.4,2,33,27,6,27,1,5,0.8182,1563,0,1124.1,0
73,1440,-10,30,20,50,50,1230.0,1206.9,-41.4,2,33,27,6,27,1,5,0.8182,1867,0,1124.1,0
74,1440,30,70,20,50,40,1190.0,1165.5,-20.7,1,35,27,8,27,0,8,0.7714,622,0,1124.1,0
75,1440,10,30,20,50,40,1330.0,1285.9,-82.8,4,63,37,26,37,2,24,0.5873,2090,0,1120.3,0
76,1440,40,50,20,50,10,2020.0,1698.7,-289.8,14,459,160,299,160,94,205,0.3486,467,165,1119.1,0
77,1440,-50,60,20,50,30,1640.0,1472.0,-178.4,6,240,92,148,92,54,94,0.3833,319,0,1115.2,0
78,1440,0,10,20,50,40,1340.0,1279.1,-82.8,4,87,44,43,44,12,31,0.5057,3745,0,1113.5,0
79,1440,40,60,20,50,30,1440.0,1387.5,-137.0,5,75,42,33,42,3,30,0.5600,704,2,1113.5,0
80,5760,20,50,20,50,30,1370.0,1312.6,-103.5,5,82,43,39,43,5,34,0.5244,615,0,1105.6,0
81,1440,0,30,20,50,50,1210.0,1186.2,-41.4,2,34,27,7,27,2,5,0.7941,2324,0,1103.4,0
82,2880,-10,0,20,50,30,1470.0,1391.6,-144.9,7,112,53,59,53,8,51,0.4732,1768,1,1101.8,0
83,2880,-20,10,20,60,30,1920.0,1656.8,-278.1,11,376,118,258,118,68,190,0.3138,858,27,1100.6,0
84,1440,40,60,20,60,30,1400.0,1348.2,-127.0,5,74,36,38,36,3,35,0.4865,523,3,1094.2,0
85,1440,40,70,20,50,40,1190.0,1165.5,-41.4,2,35,27,8,27,0,8,0.7714,677,0,1082.7,0
86,4320,-10,10,20,50,20,1910.0,1621.6,-274.0,11,412,145,267,145,71,196,0.3519,839,45,1073.6,0
87,2880,-20,10,20,50,30,1860.0,1640.9,-283.8,12,313,116,197,116,69,128,0.3706,1036,19,1073.3,0
88,1440,50,70,20,50,40,1170.0,1144.8,-41.4,2,36,27,9,27,1,8,0.7500,768,0,1062.0,0
89,1440,0,10,20,60,40,1340.0,1272.1,-106.3,5,97,41,56,41,11,45,0.4227,2425,0,1059.5,0
90,14400,20,50,20,50,30,1280.0,1221.9,-82.8,4,83,42,41,42,9,32,0.5060,440,2,1056.3,0
91,5760,30,50,20,50,20,1720.0,1623.4,-283.8,10,138,64,74,64,11,63,0.4638,582,8,1055.8,0
92,8640,20,30,20,50,20,1340.0,1254.6,-103.5,5,122,54,68,54,8,60,0.4426,684,8,1047.6,0
93,2880,-10,30,20,60,40,1520.0,1427.6,-191.9,9,132,52,80,52,21,59,0.3939,867,5,1043.8,0
94,2880,0,10,20,50,20,1480.0,1316.2,-137.0,6,234,88,146,88,18,128,0.3761,1273,17,1042.2,0
95,1440,-10,0,20,50,20,1780.0,1563.0,-261.2,11,310,114,196,114,26,170,0.3677,1859,14,1040.6,0
96,7200,-50,0,20,60,50,1260.0,1208.9,-85.6,4,73,34,39,34,14,25,0.4658,517,2,1037.7,0
97,1440,50,70,20,60,30,1240.0,1202.2,-82.8,4,54,29,25,29,1,24,0.5370,384,0,1036.6,0
98,4320,-20,0,20,60,40,1200.0,1166.4,-64.9,3,48,27,21,27,3,18,0.5625,1117,1,1036.6,0
99,1440,30,70,20,50,30,1760.0,1596.2,-283.8,12,234,92,142,92,44,98,0.3932,442,3,1028.6,0
100,1440,20,60,20,50,40,1180.0,1147.8,-62.1,3,46,30,16,30,2,14,0.6522,782,1,1023.6,0
101,1440,20,30,20,50,40,1250.0,1188.4,-82.8,4,88,43,45,43,15,30,0.4886,2795,0,1022.8,0
102,2880,20,40,20,50,30,1330.0,1271.2,-124.2,6,84,43,41,43,5,36,0.5119,1043,1,1022.8,0
103,1440,30,60,20,50,30,1350.0,1296.8,-137.0,5,76,41,35,41,3,32,0.5395,648,2,1022.8,0
104,4320,-10,0,20,60,30,1320.0,1240.2,-109.1,5,114,45,69,45,10,59,0.3947,1107,3,1022.0,0
105,1440,0,20,20,60,50,1220.0,1187.1,-82.8,4,47,27,20,27,4,16,0.5745,2401,0,1021.5,0
106,4320,30,80,20,50,40,1350.0,1267.4,-124.2,6,118,53,65,53,26,39,0.4492,459,2,1019.0,0
107,5760,0,70,20,50,30,1660.0,1512.3,-248.4,12,211,84,127,84,49,78,0.3981,270,0,1015.5,0
108,1440,0,30,20,50,40,1220.0,1179.4,-82.8,4,58,34,24,34,1,23,0.5862,1693,0,1013.8,0
109,1440,30,40,20,60,30,1440.0,1353.2,-171.2,8,124,49,75,49,12,63,0.3952,960,7,1010.8,0
110,5760,-30,50,20,60,20,1980.0,1755.3,-372.6,18,321,105,216,105,65,151,0.3271,151,1,1010.1,0
111,4320,-30,0,20,60,30,1880.0,1640.6,-316.1,14,342,109,233,109,55,178,0.3187,687,33,1008.4,0
112,1440,0,10,20,60,50,1300.0,1255.9,-124.2,6,63,32,31,32,10,21,0.5079,3762,0,1007.5,0
113,1440,-10,20,20,60,50,1200.0,1172.0,-82.8,4,40,25,15,25,3,12,0.6250,1921,0,1006.4,0
114,4320,-30,0,20,50,40,1170.0,1130.1,-62.1,3,57,33,24,33,3,21,0.5789,1086,0,1005.9,0
115,1440,50,60,20,60,30,1400.0,1342.6,-168.4,6,82,38,44,38,5,39,0.4634,552,3,1005.8,0
116,1440,50,60,20,50,30,1420.0,1361.9,-178.4,6,83,44,39,44,6,33,0.5301,800,2,1005.1,0
117,5760,10,60,20,50,20,1900.0,1608.8,-302.6,14,416,146,270,146,102,168,0.3510,252,0,1003.6,0
118,12960,20,60,20,50,40,1110.0,1082.7,-41.4,2,39,27,12,27,4,8,0.6923,484,0,999.9,0
119,2880,-10,20,20,60,30,1620.0,1441.5,-223.8,7,255,84,171,84,43,128,0.3294,862,13,993.9,0
120,1440,30,60,20,60,30,1300.0,1247.5,-127.0,5,75,35,40,35,3,37,0.4667,495,3,993.5,0
121,5760,-30,50,20,60,30,1620.0,1447.1,-227.7,11,247,82,165,82,42,123,0.3320,225,0,991.7,0
122,5760,30,50,20,50,30,1190.0,1150.8,-82.8,4,56,33,23,33,2,21,0.5893,755,0,985.2,0
123,4320,-30,10,20,60,40,1560.0,1421.4,-218.2,9,198,69,129,69,30,99,0.3485,718,9,985.0,0
124,2880,-20,0,20,60,20,2260.0,1781.9,-399.5,13,683,199,484,199,114,370,0.2914,806,118,982.9,0
125,2880,-20,40,20,60,50,1580.0,1478.5,-248.4,12,145,56,89,56,31,58,0.3862,755,0,981.7,0
126,5760,-40,70,20,50,30,1490.0,1382.9,-201.0,9,153,65,88,65,34,54,0.4248,196,0,980.9,0
127,5760,-40,50,20,60,20,1840.0,1641.2,-331.2,16,284,94,190,94,59,131,0.3310,139,1,978.8,0
128,1440,20,70,20,50,40,1330.0,1251.6,-137.0,6,112,51,61,51,18,43,0.4554,568,1,977.6,0
129,4320,-20,0,20,50,40,1130.0,1098.5,-62.1,3,45,29,16,29,2,14,0.6444,1451,1,974.3,0
130,1440,-20,10,20,50,40,1360.0,1304.7,-165.6,8,79,42,37,42,7,30,0.5316,1943,1,973.5,0
131,14400,-20,0,20,50,20,1420.0,1283.5,-157.7,7,195,76,119,76,34,85,0.3897,454,17,968.1,0
132,4320,30,60,20,60,30,1240.0,1185.4,-109.1,4,78,35,43,35,6,37,0.4487,497,2,967.2,0
133,2880,20,40,20,60,30,1280.0,1221.2,-127.0,6,84,37,47,37,4,43,0.4405,796,1,967.2,0
134,5760,-30,70,20,50,30,1510.0,1393.8,-213.8,10,166,69,97,69,37,60,0.4157,212,0,966.2,0
135,1440,20,40,20,60,20,1720.0,1567.4,-301.0,13,218,76,142,76,15,127,0.3486,653,16,965.4,0
136,4320,40,60,20,50,40,1070.0,1046.2,-41.4,2,34,25,9,25,3,6,0.7353,995,0,963.4,0
137,1440,20,70,20,60,30,2160.0,1952.8,-496.3,18,296,101,195,101,51,144,0.3412,324,4,960.2,0
138,12960,-10,0,20,60,20,1300.0,1219.5,-129.8,5,115,45,70,45,3,67,0.3913,492,10,959.9,0
139,2880,-10,30,20,50,40,1310.0,1240.7,-141.9,5,99,47,52,47,14,38,0.4747,1051,1,956.9,0
140,12960,-10,0,20,50,20,1270.0,1189.5,-116.3,5,115,51,64,51,4,60,0.4435,599,9,956.9,0
141,4320,40,50,20,50,30,1220.0,1159.8,-103.5,5,86,42,44,42,11,33,0.4884,1011,2,952.8,0
142,1440,30,70,20,60,40,1060.0,1035.5,-41.4,2,35,22,13,22,0,13,0.6286,469,0,952.7,0
143,4320,-20,10,20,60,40,1160.0,1116.6,-82.8,4,62,30,32,30,4,28,0.4839,886,0,951.0,0
144,1440,0,0,20,50,50,1060.0,1033.4,-41.4,2,38,26,12,26,6,6,0.6842,116393,0,950.6,0
145,1440,30,40,20,50,30,1390.0,1303.9,-178.4,7,123,55,68,55,14,54,0.4472,1375,7,947.1,0
146,4320,-30,0,20,50,30,1740.0,1546.1,-299.6,14,277,104,173,104,53,120,0.3755,845,19,946.9,0
147,5760,-10,50,20,60,20,2060.0,1779.3,-416.8,20,401,126,275,126,88,187,0.3142,203,3,945.7,0
148,1440,0,90,20,60,40,1320.0,1234.6,-144.9,7,122,47,75,47,17,58,0.3852,214,0,944.8,0
149,4320,-20,0,20,60,30,1400.0,1323.0,-189.1,9,110,45,65,45,8,57,0.4091,877,3,944.8,0
150,1440,10,20,20,60,50,1200.0,1155.2,-106.3,5,64,31,33,31,7,26,0.4844,3344,0,942.6,0
151,1440,10,60,20,60,20,2320.0,1911.2,-485.7,14,584,175,409,175,111,298,0.2997,273,6,939.8,0
152,5760,10,50,20,60,30,1800.0,1552.2,-306.6,11,354,111,243,111,63,180,0.3136,409,25,939.0,0
153,4320,-30,0,20,60,40,1240.0,1191.0,-127.0,5,70,33,37,33,6,31,0.4714,885,1,937.0,0
154,2880,-30,0,20,60,30,2100.0,1770.3,-416.8,19,471,144,327,144,97,230,0.3057,834,39,936.7,0
155,1440,-40,60,20,50,30,1510.0,1320.3,-193.1,7,271,99,172,99,65,107,0.3653,356,0,934.1,0
156,12960,-20,0,20,50,20,1460.0,1305.3,-186.3,9,221,84,137,84,39,98,0.3801,462,31,932.7,0
157,2880,30,40,20,50,30,1210.0,1137.2,-103.5,5,104,47,57,47,12,45,0.4519,1269,3,930.2,0
158,12960,20,50,20,50,30,1270.0,1218.9,-144.9,7,73,39,34,39,10,24,0.5342,481,3,929.1,0
159,2880,-20,20,20,60,40,1460.0,1317.9,-194.7,7,203,69,134,69,35,99,0.3399,892,7,928.5,0
160,11520,10,20,20,60,30,1100.0,1057.3,-64.9,3,61,29,32,29,2,30,0.4754,664,0,927.5,0
161,5760,30,70,20,50,30,1660.0,1473.1,-272.9,13,267,100,167,100,65,102,0.3745,419,11,927.3,0
162,1440,30,50,20,50,20,1400.0,1282.4,-178.4,8,168,68,100,68,7,93,0.4048,660,6,925.6,0
163,1440,20,60,20,60,40,1080.0,1047.8,-62.1,3,46,25,21,25,1,20,0.5435,619,1,923.6,0
164,1440,0,10,20,50,20,1450.0,1263.1,-170.5,5,267,97,170,97,25,145,0.3633,1711,19,922.1,0
165,5760,-30,0,20,50,40,1030.0,1004.8,-41.4,2,36,25,11,25,4,7,0.6944,925,0,922.0,0
166,5760,-30,60,20,60,30,1560.0,1413.0,-248.4,12,210,72,138,72,43,95,0.3429,210,1,916.2,0
167,4320,30,60,20,50,40,1020.0,996.9,-41.4,2,33,24,9,24,3,6,0.7273,796,0,914.1,0
168,4320,40,50,20,60,30,1180.0,1120.5,-103.5,5,85,36,49,36,11,38,0.4235,742,3,913.5,0
169,4320,-10,0,20,50,40,1190.0,1145.9,-116.3,5,63,35,28,35,7,21,0.5556,2228,2,913.3,0
170,2880,-10,40,20,60,50,1160.0,1119.4,-103.5,5,58,29,29,29,13,16,0.5000,864,0,912.4,0
171,1440,40,70,20,60,40,1060.0,1035.5,-62.1,3,35,22,13,22,0,13,0.6286,499,0,911.3,0
172,7200,40,0,20,60,20,2000.0,1630.4,-360.3,14,528,157,371,157,126,245,0.2973,138,2,909.8,0
173,1440,10,20,20,50,30,1300.0,1193.6,-141.9,5,152,62,90,62,13,77,0.4079,2132,1,909.8,0
174,5760,20,60,20,50,40,1020.0,992.0,-41.4,2,40,26,14,26,3,11,0.6500,611,0,909.2,0
175,1440,-10,10,20,60,30,1300.0,1202.7,-147.7,7,139,51,88,51,9,79,0.3669,1485,1,907.3,0
176,1440,30,80,20,50,40,1260.0,1196.3,-144.9,7,91,44,47,44,17,30,0.4835,418,1,906.5,0
177,12960,40,60,20,50,40,1010.0,989.0,-41.4,2,30,23,7,23,3,4,0.7667,807,0,906.2,0
178,1440,10,20,20,50,20,1540.0,1344.0,-219.8,10,280,102,178,102,24,154,0.3643,1501,12,904.4,0
179,4320,-10,10,20,50,40,1100.0,1069.9,-82.8,4,43,28,15,28,1,14,0.6512,1472,0,904.3,0
180,1440,20,40,20,60,30,1260.0,1192.1,-144.9,7,97,40,57,40,4,53,0.4124,875,3,902.3,0
181,5760,-50,50,20,60,30,1460.0,1320.7,-209.8,8,199,68,131,68,34,97,0.3417,186,0,901.1,0
182,5760,-20,70,20,50,30,1480.0,1355.4,-227.7,11,178,72,106,72,43,63,0.4045,235,0,900.0,0
183,5760,-40,60,20,50,20,1500.0,1332.0,-216.8,10,240,90,150,90,56,94,0.3750,145,0,898.4,0
184,1440,-40,20,20,50,50,1000.0,981.1,-41.4,2,27,22,5,22,1,4,0.8148,1259,0,898.3,0
185,5760,40,60,20,50,20,1200.0,1104.8,-103.5,5,136,56,80,56,11,69,0.4118,500,8,897.8,0
186,5760,40,50,20,50,30,1110.0,1063.1,-82.8,4,67,35,32,35,5,27,0.5224,963,0,897.5,0
187,11520,0,20,20,60,30,1100.0,1065.7,-85.6,4,49,26,23,26,0,23,0.5306,512,0,894.5,0
188,2880,-20,10,20,50,40,1120.0,1085.7,-95.6,4,49,30,19,30,3,16,0.6122,1341,0,894.5,0
189,4320,30,50,20,50,30,1130.0,1083.8,-95.6,4,66,35,31,35,4,27,0.5303,815,0,892.6,0
190,4320,20,60,20,50,40,1090.0,1057.1,-82.8,4,47,29,18,29,8,10,0.6170,670,0,891.5,0
191,1440,50,70,20,60,40,1040.0,1014.8,-62.1,3,36,22,14,22,1,13,0.6111,530,0,890.6,0
192,1440,20,10,20,50,50,950.0,931.8,-20.7,1,26,21,5,21,1,4,0.8077,7128,0,890.4,0
193,4320,30,70,20,50,40,1040.0,1012.7,-62.1,3,39,26,13,26,2,11,0.6667,599,0,888.5,0
194,11520,0,10,20,60,20,1220.0,1136.7,-124.2,6,119,45,74,45,7,67,0.3782,511,5,888.3,0
195,2880,-10,10,20,50,40,1070.0,1036.4,-74.9,3,48,29,19,29,4,15,0.6042,1777,0,886.6,0
196,2880,10,20,20,60,30,1240.0,1151.8,-132.6,5,126,47,79,47,17,62,0.3730,1192,1,886.6,0
197,5760,-50,50,20,50,30,1330.0,1217.3,-165.6,8,161,65,96,65,31,65,0.4037,224,0,886.1,0
198,5760,40,60,20,50,40,990.0,968.3,-41.4,2,31,23,8,23,1,7,0.7419,948,0,885.5,0
199,5760,30,60,20,50,40,990.0,968.3,-41.4,2,31,23,8,23,1,7,0.7419,745,0,885.5,0
200,5760,-20,50,20,60,20,1920.0,1670.8,-393.3,19,356,113,243,113,77,166,0.3174,177,1,884.2,0
201,14400,0,10,20,50,20,1130.0,1049.5,-82.8,4,115,49,66,49,8,58,0.4261,587,14,883.9,0
202,2880,10,30,20,50,40,1000.0,966.4,-41.4,2,48,28,20,28,5,15,0.5833,1631,0,883.6,0
203,2880,20,60,20,50,40,1040.0,1007.8,-62.1,3,46,28,18,28,1,17,0.6087,760,1,883.6,0
204,1440,-50,10,20,50,50,940.0,923.9,-20.7,1,23,20,3,20,1,2,0.8696,1080,0,882.5,0
205,4320,30,60,20,50,30,1220.0,1169.6,-144.9,7,72,38,34,38,6,28,0.5278,610,1,879.8,0
206,2880,0,30,20,60,40,1040.0,1003.6,-62.1,3,52,26,26,26,4,22,0.5000,1009,0,879.4,0
207,12960,30,60,20,50,40,980.0,960.4,-41.4,2,28,22,6,22,2,4,0.7857,613,0,877.6,0
208,12960,30,50,20,50,30,1030.0,999.9,-62.1,3,43,27,16,27,3,13,0.6279,613,0,875.7,0
209,8640,40,30,20,60,50,1800.0,1513.0,-318.9,10,410,125,285,125,87,198,0.3049,937,4,875.2,0
210,2880,20,70,20,50,50,930.0,916.0,-20.7,1,20,19,1,19,0,1,0.9500,731,0,874.6,0
211,2880,40,70,20,50,50,930.0,916.0,-20.7,1,20,19,1,19,0,1,0.9500,1025,0,874.6,0
212,2880,30,70,20,50,50,930.0,916.0,-20.7,1,20,19,1,19,0,1,0.9500,844,0,874.6,0
213,1440,30,60,20,60,20,2160.0,1768.0,-447.6,13,560,167,393,167,100,293,0.2982,318,56,872.8,0
214,2880,-20,30,20,50,50,970.0,952.5,-41.4,2,25,21,4,21,2,2,0.8400,1083,0,869.7,0
215,1440,-20,20,20,60,50,1060.0,1032.7,-82.8,4,39,23,16,23,5,11,0.5897,1590,0,867.1,0
216,5760,-30,50,20,50,30,1460.0,1320.0,-227.7,11,200,78,122,78,37,85,0.3900,272,0,864.6,0
217,5760,10,50,20,50,30,1650.0,1430.9,-283.8,8,313,113,200,113,65,135,0.3610,486,16,863.3,0
218,2880,0,30,20,50,40,1020.0,987.1,-62.1,3,47,28,19,28,4,15,0.5957,1277,0,862.9,0
219,4320,-20,10,20,50,40,1060.0,1028.5,-82.8,4,45,28,17,28,4,13,0.6222,1117,0,862.9,0
220,14400,-10,0,20,50,10,1800.0,1505.3,-323.0,7,421,146,275,146,86,189,0.3468,408,137,859.3,0
221,8640,50,0,20,60,20,1700.0,1420.7,-282.0,13,399,121,278,121,85,193,0.3033,189,0,856.7,0
222,2880,0,10,20,50,40,1080.0,1029.6,-87.7,4,72,36,36,36,12,24,0.5000,2641,0,854.2,0
223,1440,50,80,20,50,50,910.0,895.3,-20.7,1,21,19,2,19,0,2,0.9048,699,0,853.9,0
224,1440,30,80,20,50,50,910.0,895.3,-20.7,1,21,19,2,19,0,2,0.9048,550,0,853.9,0
225,1440,40,80,20,50,50,910.0,895.3,-20.7,1,21,19,2,19,0,2,0.9048,609,0,853.9,0
226,2880,50,70,20,50,50,910.0,895.3,-20.7,1,21,19,2,19,1,1,0.9048,1416,0,853.9,0
227,1440,20,80,20,50,50,910.0,895.3,-20.7,1,21,19,2,19,0,2,0.9048,511,0,853.9,0
228,5760,-20,50,20,60,30,1500.0,1308.9,-227.7,11,273,87,186,87,51,135,0.3187,260,0,853.5,0
229,5760,-40,60,20,60,30,1440.0,1308.4,-227.7,11,188,65,123,65,39,84,0.3457,196,1,853.0,0
230,5760,10,60,20,60,30,1740.0,1515.3,-331.2,16,321,102,219,102,71,148,0.3178,335,6,852.9,0
231,1440,20,40,20,50,30,1210.0,1142.1,-144.9,7,97,45,52,45,7,45,0.4639,1182,3,852.3,0
232,4320,50,0,20,60,40,1580.0,1394.5,-271.9,13,265,86,179,86,55,124,0.3245,554,0,850.7,0
233,2880,10,40,20,50,30,1230.0,1138.3,-144.9,7,131,55,76,55,15,61,0.4198,888,3,848.5,0
234,1440,-50,60,20,60,30,1580.0,1377.7,-265.2,8,289,92,197,92,57,140,0.3183,270,0,847.3,0
235,4320,20,80,20,50,40,1200.0,1119.5,-137.0,6,115,50,65,50,25,40,0.4348,413,0,845.5,0
236,5760,10,60,20,50,40,1270.0,1174.8,-165.6,8,136,57,79,57,29,50,0.4191,516,3,843.6,0
237,1440,20,80,20,50,40,1210.0,1132.3,-144.9,7,111,49,62,49,23,39,0.4414,387,1,842.5,0
238,2880,-30,20,20,50,50,900.0,882.5,-20.7,1,25,20,5,20,1,4,0.8000,1083,0,841.1,0
239,2880,-20,20,20,50,50,900.0,882.5,-20.7,1,25,20,5,20,1,4,0.8000,1348,0,841.1,0
240,12960,50,60,20,50,40,950.0,922.0,-41.4,2,40,25,15,25,7,8,0.6250,1169,0,839.2,0
241,1440,-30,80,20,50,50,850.0,838.1,0.0,0,17,17,0,17,0,0,1.0000,400,0,838.1,0
242,2880,10,30,20,60,40,1040.0,1003.6,-82.8,4,52,26,26,26,6,20,0.5000,1194,0,838.0,0
243,10080,20,30,20,50,20,1170.0,1086.0,-124.2,6,120,51,69,51,7,62,0.4250,665,4,837.6,0
244,2880,0,20,20,60,30,1200.0,1132.8,-147.7,5,96,39,57,39,6,51,0.4062,1013,1,837.4,0
245,1440,-10,40,20,50,50,940.0,919.0,-41.4,2,30,22,8,22,1,7,0.7333,1418,0,836.2,0
246,1440,10,40,20,50,50,940.0,919.0,-41.4,2,30,22,8,22,1,7,0.7333,2014,0,836.2,0
247,1440,20,40,20,50,50,940.0,919.0,-41.4,2,30,22,8,22,1,7,0.7333,2689,0,836.2,0
248,1440,0,40,20,50,50,940.0,919.0,-41.4,2,30,22,8,22,1,7,0.7333,1646,0,836.2,0
249,4320,20,60,20,60,40,1040.0,1000.8,-82.8,4,56,27,29,27,10,19,0.4821,545,0,835.2,0
250,2880,0,30,20,50,50,930.0,911.1,-41.4,2,27,21,6,21,4,2,0.7778,1708,0,828.3,0
251,2880,-10,30,20,50,50,930.0,911.1,-41.4,2,27,21,6,21,4,2,0.7778,1338,0,828.3,0
252,1440,-50,70,20,50,40,1110.0,1033.7,-103.5,5,109,47,62,47,24,38,0.4312,365,0,826.7,0
253,7200,-40,0,20,50,40,1150.0,1084.9,-129.1,5,93,43,50,43,23,27,0.4624,636,2,826.7,0
254,2880,30,40,20,60,30,1160.0,1085.8,-129.8,6,106,41,65,41,11,54,0.3868,920,3,826.2,0
255,4320,10,20,20,50,30,1120.0,1056.3,-116.3,4,91,42,49,42,10,39,0.4615,1417,2,823.7,0
256,1440,10,90,20,60,40,1280.0,1196.0,-186.3,9,120,46,74,46,16,58,0.3833,223,0,823.4,0
257,12960,-10,10,20,60,30,1020.0,985.7,-82.8,4,49,25,24,25,2,22,0.5102,498,0,820.1,0
258,14400,30,40,20,50,20,1180.0,1108.6,-144.9,7,102,46,56,46,9,47,0.4510,558,4,818.8,0
259,5760,20,40,20,50,20,1300.0,1174.0,-178.4,6,180,70,110,70,17,93,0.3889,611,14,817.2,0
260,1440,-40,70,20,50,40,1190.0,1106.7,-144.9,7,119,51,68,51,27,41,0.4286,393,0,816.9,0
261,5760,-40,50,20,60,30,1400.0,1247.4,-215.4,9,218,72,146,72,38,108,0.3303,206,0,816.6,0
262,1440,50,80,20,60,40,920.0,899.0,-41.4,2,30,19,11,19,0,11,0.6333,374,0,816.2,0
263,1440,30,40,20,50,50,920.0,898.3,-41.4,2,31,22,9,22,1,8,0.7097,4861,0,815.5,0
264,4320,10,10,20,50,50,920.0,898.3,-41.4,2,31,22,9,22,1,8,0.7097,64679,0,815.5,0
265,11520,-10,0,20,60,30,980.0,938.7,-62.1,3,59,27,32,27,3,29,0.4576,669,0,814.5,0
266,5760,-40,50,20,50,30,1310.0,1186.8,-186.3,9,176,69,107,69,35,72,0.3920,248,0,814.2,0
267,2880,30,60,20,50,40,920.0,893.4,-41.4,2,38,24,14,24,0,14,0.6316,877,1,810.6,0
268,5760,20,50,20,60,20,2200.0,1809.4,-499.6,17,558,167,391,167,118,273,0.2993,358,92,810.2,0
269,2880,0,20,20,50,40,930.0,891.5,-41.4,2,55,29,26,29,6,20,0.5273,1717,0,808.7,0
270,1440,-30,0,20,60,50,1000.0,973.4,-82.8,4,38,22,16,22,6,10,0.5789,1821,0,807.8,0
271,2880,10,30,20,50,50,910.0,890.4,-41.4,2,28,21,7,21,5,2,0.7500,2477,0,807.6,0
272,2880,20,30,20,50,50,910.0,890.4,-41.4,2,28,21,7,21,5,2,0.7500,4877,0,807.6,0
273,12960,-10,0,20,60,10,1780.0,1481.1,-336.8,9,427,129,298,129,70,228,0.3021,372,186,807.5,0
274,5760,-10,70,20,50,30,1440.0,1304.2,-248.4,12,194,76,118,76,48,70,0.3918,251,0,807.4,0
275,1440,20,90,20,60,40,1300.0,1219.5,-207.0,10,115,45,70,45,17,53,0.3913,228,0,805.5,0
276,2880,50,80,20,50,40,950.0,926.9,-62.1,3,33,23,10,23,2,8,0.6970,613,0,802.7,0
277,7200,20,50,20,60,30,1160.0,1091.4,-144.9,7,98,39,59,39,9,50,0.3980,473,8,801.6,0
278,5760,-20,60,20,60,30,1500.0,1339.7,-269.1,13,229,76,153,76,50,103,0.3319,235,1,801.5,0
279,1440,-40,0,20,50,50,900.0,882.5,-41.4,2,25,20,5,20,3,2,0.8000,1671,0,799.7,0
280,2880,-10,20,20,50,50,860.0,841.1,-20.7,1,27,20,7,20,2,5,0.7407,1778,0,799.7,0
281,2880,0,20,20,50,50,860.0,841.1,-20.7,1,27,20,7,20,2,5,0.7407,2630,0,799.7,0
282,2880,20,30,20,50,20,1330.0,1197.7,-199.1,8,189,73,116,73,14,102,0.3862,1042,18,799.5,0
283,1440,-20,100,20,60,50,1040.0,1006.4,-103.5,5,48,25,23,25,5,18,0.5208,200,0,799.4,0
284,10080,50,90,20,60,10,1940.0,1618.7,-410.7,10,459,139,320,139,116,204,0.3028,80,7,797.3,0
285,5760,-50,50,20,60,20,1640.0,1459.4,-331.2,16,258,85,173,85,55,118,0.3295,127,0,797.0,0
286,4320,-10,10,20,60,50,900.0,878.3,-41.4,2,31,19,12,19,1,11,0.6129,1484,0,795.5,0
287,1440,40,80,20,60,40,900.0,878.3,-41.4,2,31,19,12,19,0,12,0.6129,351,0,795.5,0
288,1440,0,10,20,60,30,1280.0,1168.0,-186.3,9,160,56,104,56,13,91,0.3500,1740,4,795.4,0
289,11520,0,20,20,50,30,950.0,917.1,-62.1,3,47,27,20,27,2,18,0.5745,661,0,792.9,0
290,5760,0,50,20,50,30,1440.0,1235.6,-221.7,8,292,104,188,104,63,125,0.3562,396,3,792.2,0
291,4320,50,60,20,60,30,1100.0,1046.1,-127.0,6,77,33,44,33,13,31,0.4286,642,1,792.1,0
292,14400,-10,10,20,50,20,1460.0,1329.8,-269.1,13,186,74,112,74,21,91,0.3978,441,20,791.6,0
293,7200,-10,10,20,50,20,1370.0,1155.8,-183.3,8,306,107,199,107,55,144,0.3497,609,34,789.2,0
294,1440,-40,80,20,50,50,800.0,788.8,0.0,0,16,16,0,16,0,0,1.0000,381,0,788.8,0
295,1440,-50,80,20,50,50,800.0,788.8,0.0,0,16,16,0,16,0,0,1.0000,357,0,788.8,0
296,7200,20,0,20,50,40,1490.0,1280.0,-247.3,8,300,107,193,107,78,115,0.3567,1358,0,785.4,0
297,1440,-20,0,20,60,30,1500.0,1370.5,-292.6,11,185,65,120,65,27,93,0.3514,1518,4,785.3,0
298,14400,-10,10,20,60,20,1460.0,1323.5,-269.1,13,195,67,128,67,21,107,0.3436,367,30,785.3,0
299,1440,30,60,20,50,40,1020.0,992.0,-103.5,5,40,26,14,26,2,12,0.6500,872,1,785.0,0
300,1440,20,40,20,50,20,1620.0,1466.0,-341.0,13,220,86,134,86,20,114,0.3909,842,13,784.0,0
301,2880,50,80,20,50,50,840.0,825.3,-20.7,1,21,18,3,18,1,2,0.8571,874,0,783.9,0
302,1440,-50,100,20,60,50,1020.0,988.5,-103.5,5,45,24,21,24,5,16,0.5333,186,0,781.5,0
303,1440,-10,100,20,60,50,980.0,947.1,-82.8,4,47,24,23,24,4,19,0.5106,204,0,781.5,0
304,1440,-40,100,20,60,50,1020.0,988.5,-103.5,5,45,24,21,24,5,16,0.5333,190,0,781.5,0
305,1440,0,60,20,60,20,2140.0,1752.9,-486.8,14,553,165,388,165,113,275,0.2984,265,1,779.3,0
306,1440,-40,90,20,60,40,1160.0,1074.6,-147.7,7,122,45,77,45,18,59,0.3689,190,0,779.2,0
307,1440,30,20,20,50,50,880.0,861.8,-41.4,2,26,20,6,20,4,2,0.7692,5998,0,779.0,0
308,11520,10,20,20,50,30,970.0,928.0,-74.9,3,60,31,29,31,4,25,0.5167,906,0,778.2,0
309,5760,40,60,20,60,20,1160.0,1066.2,-144.9,7,134,48,86,48,11,75,0.3582,400,15,776.4,0
310,1440,-40,0,20,60,50,1120.0,1041.6,-132.6,6,112,42,70,42,22,48,0.3750,1359,0,776.4,0
311,2880,10,70,20,50,50,830.0,817.4,-20.7,1,18,17,1,17,0,1,0.9444,653,0,776.0,0
312,4320,20,40,20,50,20,1540.0,1373.4,-299.6,11,238,90,148,90,26,122,0.3782,660,12,774.2,0
313,2880,30,30,20,50,50,880.0,856.9,-41.4,2,33,22,11,22,9,2,0.6667,62844,0,774.1,0
314,4320,40,60,20,60,40,920.0,896.2,-62.1,3,34,20,14,20,3,11,0.5882,737,0,772.0,0
315,1440,-30,70,20,50,40,1190.0,1101.8,-165.6,8,126,53,73,53,29,44,0.4206,428,0,770.6,0
316,5760,10,60,20,50,30,1460.0,1266.1,-248.4,12,277,100,177,100,72,105,0.3610,390,1,769.3,0
317,1440,-40,0,20,60,40,1860.0,1541.5,-386.6,11,455,137,318,137,100,218,0.3011,1086,20,768.3,0
318,1440,10,70,20,60,30,1980.0,1766.5,-499.1,18,305,101,204,101,58,146,0.3311,311,0,768.3,0
319,1440,40,80,20,50,40,870.0,849.0,-41.4,2,30,21,9,21,1,8,0.7000,456,0,766.2,0
320,1440,50,80,20,50,40,870.0,849.0,-41.4,2,30,21,9,21,1,8,0.7000,498,0,766.2,0
321,14400,-20,0,20,60,20,1380.0,1232.3,-233.3,8,211,70,141,70,30,111,0.3318,370,27,765.7,0
322,1440,-40,70,20,60,40,1400.0,1267.0,-251.2,11,190,65,125,65,40,85,0.3421,322,0,764.6,0
323,1440,-50,90,20,60,40,1140.0,1059.5,-147.7,7,115,43,72,43,17,55,0.3739,184,0,764.1,0
324,1440,40,100,20,60,50,1080.0,1053.4,-144.9,7,38,23,15,23,5,10,0.6053,238,0,763.6,0
325,4320,50,60,20,50,30,1090.0,1037.5,-137.0,6,75,37,38,37,14,24,0.4933,903,0,763.5,0
326,1440,0,20,20,60,40,940.0,886.1,-62.1,3,77,31,46,31,5,41,0.4026,1736,0,761.9,0
327,1440,-10,20,20,60,40,980.0,927.5,-82.8,4,75,31,44,31,6,38,0.4133,1499,0,761.9,0
328,1440,-10,90,20,60,40,1220.0,1133.9,-186.3,9,123,46,77,46,17,60,0.3740,211,0,761.3,0
329,1440,40,60,20,60,40,1040.0,1009.2,-124.2,6,44,24,20,24,2,18,0.5455,721,2,760.8,0
330,1440,-30,100,20,60,50,1000.0,967.8,-103.5,5,46,24,22,24,5,17,0.5217,193,0,760.8,0
331,1440,0,100,20,60,50,960.0,926.4,-82.8,4,48,24,24,24,4,20,0.5000,208,0,760.8,0
332,5760,50,60,20,60,10,1840.0,1602.0,-421.3,13,340,108,232,108,58,174,0.3176,358,124,759.4,0
333,1440,-10,80,20,50,50,810.0,796.7,-20.7,1,19,17,2,17,0,2,0.8947,441,0,755.3,0
334,1440,-20,80,20,50,50,810.0,796.7,-20.7,1,19,17,2,17,0,2,0.8947,425,0,755.3,0
335,1440,0,80,20,50,50,810.0,796.7,-20.7,1,19,17,2,17,0,2,0.8947,457,0,755.3,0
336,1440,10,80,20,50,50,810.0,796.7,-20.7,1,19,17,2,17,0,2,0.8947,480,0,755.3,0
337,11520,-30,0,20,60,40,860.0,836.9,-41.4,2,33,19,14,19,2,12,0.5758,537,0,754.1,0
338,1440,40,40,20,50,50,860.0,836.2,-41.4,2,34,22,12,22,3,9,0.6471,51802,0,753.4,0
339,1440,40,60,20,50,40,1030.0,999.9,-124.2,6,43,27,16,27,3,13,0.6279,1018,1,751.5,0
340,1440,20,80,20,60,40,1440.0,1336.4,-292.6,12,148,55,93,55,25,68,0.3716,314,3,751.2,0
341,2880,-10,10,20,50,30,1020.0,957.7,-103.5,5,89,40,49,40,8,41,0.4494,1331,0,750.7,0
342,4320,0,10,20,50,50,850.0,833.2,-41.4,2,24,19,5,19,0,5,0.7917,4594,0,750.4,0
343,1440,-50,0,20,50,50,850.0,833.2,-41.4,2,24,19,5,19,3,2,0.7917,1197,0,750.4,0
344,4320,-10,10,20,50,50,850.0,833.2,-41.4,2,24,19,5,19,0,5,0.7917,2244,0,750.4,0
345,5760,50,70,20,60,20,1220.0,1139.5,-194.7,7,115,44,71,44,8,63,0.3826,384,5,750.1,0
346,4320,-20,50,20,60,50,1160.0,1080.2,-165.6,8,114,43,71,43,21,50,0.3772,517,0,749.0,0
347,2880,20,50,20,50,30,1090.0,1022.8,-137.0,5,96,43,53,43,8,45,0.4479,769,4,748.8,0
348,1440,30,90,20,60,50,900.0,872.7,-62.1,3,39,21,18,21,3,15,0.5385,320,0,748.5,0
349,2880,40,60,20,50,40,860.0,831.3,-41.4,2,41,24,17,24,3,14,0.5854,1074,2,748.5,0
350,1440,10,80,20,60,40,1360.0,1256.4,-254.0,11,148,54,94,54,23,71,0.3649,303,0,748.4,0
351,2880,-20,0,20,60,30,1160.0,1083.0,-168.4,8,110,42,68,42,10,58,0.3818,1067,2,746.2,0
352,4320,40,50,20,50,20,1270.0,1169.9,-211.9,8,143,59,84,59,11,73,0.4126,726,16,746.1,0
353,4320,-20,10,20,60,30,1620.0,1413.5,-334.0,15,295,94,201,94,42,159,0.3186,710,21,745.5,0
354,1440,-10,0,20,50,50,890.0,869.7,-62.1,3,29,21,8,21,5,3,0.7241,7801,0,745.5,0
355,5760,-30,20,20,60,50,1040.0,992.4,-124.2,6,68,30,38,30,18,20,0.4412,614,0,744.0,0
356,1440,10,80,20,50,40,1150.0,1075.1,-165.6,8,107,47,60,47,21,39,0.4393,371,0,743.9,0
357,2880,30,50,20,50,30,1030.0,975.4,-116.3,5,78,37,41,37,5,36,0.4744,894,2,742.8,0
358,1440,30,40,20,50,10,2070.0,1645.1,-451.3,13,607,203,404,203,117,287,0.3344,625,204,742.5,0
359,14400,20,30,20,50,10,1540.0,1290.1,-274.0,10,357,124,233,124,84,149,0.3473,407,120,742.1,0
360,2880,50,80,20,60,50,840.0,824.6,-41.4,2,22,16,6,16,1,5,0.7273,622,1,741.8,0
361,4320,30,70,20,60,40,900.0,869.9,-64.9,3,43,22,21,22,2,19,0.5116,496,1,740.1,0
362,4320,20,50,20,50,30,1170.0,1095.8,-178.4,8,106,47,59,47,14,45,0.4434,679,0,739.0,0
363,10080,-30,0,20,50,30,1160.0,1053.6,-157.7,6,152,60,92,60,30,62,0.3947,551,10,738.2,0
364,1440,-30,0,20,50,50,880.0,861.8,-62.1,3,26,20,6,20,4,2,0.7692,2361,0,737.6,0
365,1440,-30,60,20,50,30,1340.0,1132.1,-198.0,7,297,104,193,104,71,122,0.3502,392,0,736.1,0
366,5760,50,60,20,50,40,930.0,901.3,-82.8,4,41,25,16,25,6,10,0.6098,1310,0,735.7,0
367,4320,-20,30,20,60,50,1000.0,948.2,-106.3,5,74,31,43,31,5,38,0.4189,755,0,735.6,0
368,2880,30,40,20,50,50,790.0,776.0,-20.7,1,20,17,3,17,3,0,0.8500,4311,0,734.6,0
369,2880,40,80,20,50,50,790.0,776.0,-20.7,1,20,17,3,17,1,2,0.8500,710,0,734.6,0
370,2880,30,80,20,50,50,790.0,776.0,-20.7,1,20,17,3,17,1,2,0.8500,617,0,734.6,0
371,1440,0,20,20,50,30,1050.0,966.7,-116.3,5,119,49,70,49,5,65,0.4118,1715,0,734.1,0
372,5760,-40,0,20,50,40,1070.0,992.3,-129.1,6,111,47,64,47,16,48,0.4234,721,3,734.1,0
373,4320,40,50,20,60,20,1300.0,1199.9,-233.3,10,143,52,91,52,9,82,0.3636,563,16,733.3,0
374,2880,40,80,20,50,40,880.0,856.9,-62.1,3,33,22,11,22,1,10,0.6667,523,0,732.7,0
375,8640,10,30,20,50,20,1390.0,1254.9,-261.2,10,193,75,118,75,22,96,0.3886,544,31,732.5,0
376,5760,50,70,20,50,20,1100.0,1020.9,-144.9,7,113,48,65,48,7,58,0.4248,458,5,731.1,0
377,8640,10,50,20,50,40,930.0,896.4,-82.8,4,48,27,21,27,6,15,0.5625,560,0,730.8,0
378,4320,-30,20,20,50,50,830.0,812.5,-41.4,2,25,19,6,19,1,5,0.7600,902,0,729.7,0
379,4320,-20,20,20,50,50,830.0,812.5,-41.4,2,25,19,6,19,1,5,0.7600,1116,0,729.7,0
380,1440,30,90,20,60,40,1220.0,1142.3,-207.0,10,111,43,68,43,18,50,0.3874,239,1,728.3,0
381,1440,10,70,20,50,40,1160.0,1068.3,-170.5,8,131,54,77,54,24,53,0.4122,530,0,727.3,0
382,1440,-10,30,20,50,40,1220.0,1140.2,-207.0,10,114,50,64,50,17,47,0.4386,1462,0,726.2,0
383,4320,30,50,20,60,30,1020.0,974.5,-124.2,6,65,29,36,29,4,32,0.4462,622,1,726.1,0
384,4320,50,60,20,50,40,950.0,917.1,-95.6,4,47,27,20,27,7,13,0.5745,1388,0,725.9,0
385,1440,30,60,20,60,40,960.0,932.0,-103.5,5,40,22,18,22,1,17,0.5500,670,1,725.0,0
386,2880,-10,20,20,50,40,840.0,805.7,-41.4,2,49,26,23,26,6,17,0.5306,1340,0,722.9,0
387,11520,0,20,20,50,20,1310.0,1177.0,-227.7,11,190,73,117,73,32,85,0.3842,489,19,721.6,0
388,4320,0,20,20,50,40,880.0,842.2,-62.1,3,54,28,26,28,5,21,0.5185,1440,0,718.0,0
389,14400,50,0,20,60,30,1520.0,1360.4,-321.7,10,228,76,152,76,49,103,0.3333,253,0,717.0,0
390,4320,20,20,20,50,50,820.0,799.7,-41.4,2,29,20,9,20,2,7,0.6897,61537,0,716.9,0
391,2880,10,20,20,50,50,820.0,799.7,-41.4,2,29,20,9,20,2,7,0.6897,5250,0,716.9,0
392,11520,-20,0,20,50,40,820.0,799.7,-41.4,2,29,20,9,20,1,8,0.6897,889,0,716.9,0
393,11520,-30,0,20,50,40,820.0,799.7,-41.4,2,29,20,9,20,2,7,0.6897,657,0,716.9,0
394,1440,-20,0,20,50,50,860.0,841.1,-62.1,3,27,20,7,20,4,3,0.7407,3753,0,716.9,0
395,1440,0,70,20,50,40,1140.0,1047.6,-165.6,8,132,54,78,54,27,51,0.4091,504,0,716.4,0
396,1440,10,20,20,60,40,1000.0,928.6,-106.3,5,102,38,64,38,9,55,0.3725,2152,1,716.0,0
397,7200,10,30,20,50,20,1320.0,1175.1,-229.6,10,207,78,129,78,35,94,0.3768,605,24,715.9,0
398,1440,10,60,20,50,50,770.0,755.3,-20.7,1,21,17,4,17,1,3,0.8095,930,0,713.9,0
399,1440,20,60,20,50,50,770.0,755.3,-20.7,1,21,17,4,17,1,3,0.8095,1046,0,713.9,0
400,1440,30,60,20,50,50,770.0,755.3,-20.7,1,21,17,4,17,1,3,0.8095,1231,0,713.9,0
401,1440,40,60,20,50,50,770.0,755.3,-20.7,1,21,17,4,17,1,3,0.8095,1607,0,713.9,0
402,12960,-10,30,20,60,40,960.0,920.8,-103.5,5,56,26,30,26,10,20,0.4643,416,2,713.8,0
403,10080,-10,0,20,60,30,920.0,879.4,-82.8,4,58,26,32,26,3,29,0.4483,734,1,713.8,0
404,4320,30,40,20,50,20,1330.0,1207.5,-247.3,8,175,69,106,69,10,96,0.3943,811,12,712.9,0
405,5760,50,60,20,50,10,1540.0,1299.9,-293.6,9,343,120,223,120,63,160,0.3499,427,119,712.7,0
406,2880,50,80,20,60,40,860.0,836.9,-62.1,3,33,19,14,19,2,12,0.5758,458,0,712.7,0
407,4320,30,60,20,60,40,860.0,836.9,-62.1,3,33,19,14,19,3,11,0.5758,622,0,712.7,0
408,2880,0,20,20,50,30,1050.0,986.3,-137.0,5,91,41,50,41,6,44,0.4505,1280,1,712.3,0
409,7200,-10,20,20,50,30,1110.0,999.4,-144.9,7,158,61,97,61,28,69,0.3861,633,6,709.6,0
410,4320,-10,20,20,50,50,810.0,791.8,-41.4,2,26,19,7,19,1,6,0.7308,1471,0,709.0,0
411,4320,0,20,20,50,50,810.0,791.8,-41.4,2,26,19,7,19,1,6,0.7308,2182,0,709.0,0
412,2880,20,30,20,60,20,1300.0,1169.1,-230.5,8,187,63,124,63,9,115,0.3369,790,20,708.1,0
413,4320,30,80,20,60,40,1280.0,1168.0,-230.5,10,160,56,104,56,27,77,0.3500,392,3,707.0,0
414,5760,-10,50,20,60,30,1460.0,1245.1,-269.1,13,307,95,212,95,60,152,0.3094,297,0,706.9,0
415,5760,30,40,20,50,20,1160.0,1063.4,-178.4,8,138,56,82,56,9,73,0.4058,760,11,706.6,0
416,7200,30,50,20,50,20,1220.0,1120.6,-207.0,10,142,58,84,58,14,70,0.4085,522,12,706.6,0
417,2880,20,20,20,50,50,810.0,786.9,-41.4,2,33,21,12,21,2,10,0.6364,71207,0,704.1,0
418,1440,-20,10,20,60,40,1220.0,1159.1,-227.7,11,87,37,50,37,10,40,0.4253,1564,1,703.7,0
419,2880,-10,0,20,50,40,1000.0,951.7,-124.2,6,69,34,35,34,7,28,0.4928,2698,1,703.3,0
420,4320,0,10,20,50,40,1080.0,1034.5,-165.6,8,65,34,31,34,9,22,0.5231,2190,0,703.3,0
421,2880,0,40,20,60,50,760.0,744.6,-20.7,1,22,15,7,15,3,4,0.6818,1003,0,703.2,0
422,5760,-40,60,20,50,40,950.0,892.6,-95.6,4,82,37,45,37,16,29,0.4512,303,0,701.4,0
423,2880,40,40,20,50,50,760.0,742.5,-20.7,1,25,18,7,18,4,3,0.7200,53731,0,701.1,0
424,2880,-50,50,20,60,50,1140.0,1073.5,-186.3,9,95,38,57,38,21,36,0.4000,455,0,700.9,0
425,5760,20,60,20,60,30,1640.0,1414.6,-357.5,14,322,101,221,101,70,151,0.3137,391,20,699.6,0
426,11520,-10,0,20,50,40,850.0,823.4,-62.1,3,38,23,15,23,1,14,0.6053,1396,0,699.2,0
427,1440,20,70,20,50,30,1640.0,1457.3,-379.1,14,261,98,163,98,57,106,0.3755,412,0,699.1,0
428,4320,-20,20,20,60,50,860.0,834.1,-67.7,3,37,20,17,20,1,16,0.5405,897,0,698.7,0
429,1440,50,60,20,60,40,940.0,905.7,-103.5,5,49,24,25,24,3,22,0.4898,816,2,698.7,0
430,4320,-30,20,20,60,50,1060.0,993.5,-147.7,7,95,37,58,37,17,41,0.3895,747,1,698.1,0
431,2880,-10,20,20,50,30,1260.0,1103.2,-204.0,7,224,82,142,82,46,96,0.3661,1044,7,695.2,0
432,11520,30,40,20,50,20,1040.0,968.6,-137.0,6,102,44,58,44,7,51,0.4314,618,1,694.6,0
433,10080,20,60,20,50,40,930.0,901.3,-103.5,5,41,25,16,25,5,11,0.6098,531,2,694.3,0
434,1440,-50,80,20,60,50,1000.0,948.2,-127.0,6,74,31,43,31,8,35,0.4189,299,0,694.2,0
435,1440,50,60,20,50,50,750.0,734.6,-20.7,1,22,17,5,17,2,3,0.7727,2798,0,693.2,0
436,1440,10,100,20,60,50,940.0,905.7,-106.3,4,49,24,25,24,4,21,0.4898,213,0,693.1,0
437,4320,0,10,20,50,20,1100.0,967.0,-137.0,6,190,70,120,70,21,99,0.3684,1069,12,693.0,0
438,10080,20,40,20,50,30,980.0,940.8,-124.2,6,56,30,26,30,2,24,0.5357,668,0,692.4,0
439,7200,50,80,20,50,30,940.0,899.4,-103.5,5,58,30,28,30,5,23,0.5172,450,0,692.4,0
440,5760,-50,60,20,50,40,910.0,856.1,-82.8,4,77,35,42,35,14,28,0.4545,277,0,690.5,0
441,12960,-10,10,20,50,30,930.0,896.4,-103.5,5,48,27,21,27,2,19,0.5625,605,0,689.4,0
442,4320,0,20,20,50,30,980.0,921.2,-116.3,4,84,38,46,38,8,38,0.4524,1078,1,688.6,0
443,14400,30,50,20,50,40,790.0,771.1,-41.4,2,27,19,8,19,1,7,0.7037,772,0,688.3,0
444,4320,10,20,20,50,50,790.0,771.1,-41.4,2,27,19,8,19,1,7,0.7037,4360,0,688.3,0
445,2880,0,40,20,50,50,740.0,726.7,-20.7,1,19,16,3,16,3,0,0.8421,1263,0,685.3,0
446,2880,-10,40,20,50,50,740.0,726.7,-20.7,1,19,16,3,16,3,0,0.8421,1047,0,685.3,0
447,2880,40,80,20,60,50,740.0,726.7,-20.7,1,19,14,5,14,0,5,0.7368,533,1,685.3,0
448,2880,20,40,20,50,50,740.0,726.7,-20.7,1,19,16,3,16,3,0,0.8421,2307,0,685.3,0
449,2880,10,40,20,50,50,740.0,726.7,-20.7,1,19,16,3,16,3,0,0.8421,1609,0,685.3,0
450,1440,20,30,20,50,20,1530.0,1350.8,-333.1,11,256,95,161,95,21,140,0.3711,1190,19,684.6,0
451,7200,20,50,20,50,30,1080.0,1014.9,-165.6,8,93,42,51,42,10,41,0.4516,561,6,683.7,0
452,10080,50,60,20,50,40,790.0,766.2,-41.4,2,34,21,13,21,3,10,0.6176,1195,0,683.4,0
453,2880,20,60,20,60,50,780.0,765.3,-41.4,2,21,15,6,15,0,6,0.7143,772,0,682.5,0
454,1440,40,80,20,60,50,780.0,765.3,-41.4,2,21,15,6,15,0,6,0.7143,464,0,682.5,0
455,1440,30,80,20,60,50,780.0,765.3,-41.4,2,21,15,6,15,0,6,0.7143,432,0,682.5,0
456,1440,50,80,20,60,50,780.0,765.3,-41.4,2,21,15,6,15,0,6,0.7143,504,0,682.5,0
457,4320,20,50,20,60,30,1180.0,1100.9,-209.8,8,113,43,70,43,16,54,0.3805,538,1,681.3,0
458,7200,50,70,20,60,20,1140.0,1065.1,-191.9,8,107,41,66,41,11,55,0.3832,359,5,681.3,0
459,5760,-10,60,20,60,30,1440.0,1263.6,-291.5,13,252,81,171,81,56,115,0.3214,257,1,680.6,0
460,10080,0,10,20,50,20,1060.0,969.7,-144.9,7,129,52,77,52,9,68,0.4031,705,9,679.9,0
461,2880,10,20,20,50,30,1040.0,953.9,-137.0,5,123,50,73,50,18,55,0.4065,1641,1,679.9,0
462,5760,10,50,20,50,20,1910.0,1557.9,-439.6,13,503,171,332,171,126,206,0.3400,325,16,678.7,0
463,1440,-20,10,20,50,30,1690.0,1344.9,-333.1,10,493,165,328,165,108,220,0.3347,1498,27,678.7,0
464,10080,0,10,20,60,20,1060.0,968.3,-144.9,7,131,46,85,46,7,78,0.3511,545,9,678.5,0
465,1440,-50,70,20,60,40,1300.0,1180.3,-251.2,11,171,59,112,59,34,78,0.3450,303,0,677.9,0
466,1440,-30,80,20,60,50,1040.0,984.0,-153.3,6,80,33,47,33,10,37,0.4125,335,0,677.4,0
467,2880,0,70,20,50,50,730.0,718.8,-20.7,1,16,15,1,15,0,1,0.9375,601,0,677.4,0
468,1440,-40,60,20,60,30,1520.0,1290.4,-306.6,9,328,101,227,101,71,156,0.3079,299,0,677.2,0
469,12960,10,60,20,50,40,1130.0,1049.5,-186.3,9,115,49,66,49,26,40,0.4261,370,1,676.9,0
470,2880,10,40,20,60,30,1160.0,1060.6,-191.9,8,142,50,92,50,15,77,0.3521,708,4,676.8,0
471,4320,40,70,20,50,40,820.0,799.7,-62.1,3,29,20,9,20,1,8,0.6897,716,0,675.5,0
472,4320,-10,20,20,60,40,840.0,799.4,-62.1,3,58,25,33,25,3,30,0.4310,891,0,675.2,0
473,2880,10,60,20,60,50,820.0,798.3,-62.1,3,31,18,13,18,0,13,0.5806,687,0,674.1,0
474,11520,30,50,20,50,30,870.0,839.2,-82.8,4,44,25,19,25,3,16,0.5682,622,0,673.6,0
475,4320,-30,10,20,50,50,770.0,755.3,-41.4,2,21,17,4,17,0,4,0.8095,1116,0,672.5,0
476,4320,-20,10,20,50,50,770.0,755.3,-41.4,2,21,17,4,17,0,4,0.8095,1476,0,672.5,0
477,2880,30,60,20,50,50,770.0,755.3,-41.4,2,21,17,4,17,0,4,0.8095,1200,0,672.5,0
478,2880,40,60,20,50,50,770.0,755.3,-41.4,2,21,17,4,17,0,4,0.8095,1620,0,672.5,0
479,2880,20,60,20,50,50,770.0,755.3,-41.4,2,21,17,4,17,0,4,0.8095,985,0,672.5,0
480,2880,10,60,20,50,50,770.0,755.3,-41.4,2,21,17,4,17,0,4,0.8095,844,0,672.5,0
481,2880,30,40,20,60,50,820.0,795.5,-62.1,3,35,19,16,19,10,6,0.5429,2007,0,671.3,0
482,2880,10,30,20,60,50,820.0,795.5,-62.1,3,35,19,16,19,3,13,0.5429,1640,0,671.3,0
483,2880,0,10,20,50,30,1000.0,917.4,-124.2,6,118,48,70,48,15,55,0.4068,1719,3,669.0,0
484,11520,0,10,20,50,20,1000.0,917.4,-124.2,6,118,48,70,48,10,60,0.4068,657,4,669.0,0
485,14400,-10,0,20,50,30,830.0,792.9,-62.1,3,53,27,26,27,5,21,0.5094,776,0,668.7,0
486,1440,-20,80,20,60,50,1020.0,963.3,-147.7,7,81,33,48,33,11,37,0.4074,356,0,667.9,0
487,12960,30,40,20,50,20,1010.0,935.1,-134.0,5,107,45,62,45,8,54,0.4206,609,3,667.1,0
488,4320,10,80,20,50,40,1110.0,1033.7,-183.3,7,109,47,62,47,23,39,0.4312,374,0,667.1,0
489,12960,40,50,20,60,30,1000.0,956.6,-144.9,7,62,28,34,28,6,28,0.4516,589,1,666.8,0
490,11520,10,50,20,50,40,900.0,872.7,-103.5,5,39,24,15,24,3,12,0.6154,519,0,665.7,0
491,1440,10,30,20,60,50,860.0,831.3,-82.8,4,41,21,20,21,2,18,0.5122,2107,0,665.7,0
492,1440,-40,30,20,50,50,720.0,706.0,-20.7,1,20,16,4,16,0,4,0.8000,1072,0,664.6,0
493,1440,50,70,20,60,50,720.0,706.0,-20.7,1,20,14,6,14,1,5,0.7000,782,0,664.6,0
494,2880,50,60,20,60,50,900.0,869.9,-103.5,5,43,22,21,22,3,18,0.5116,1483,0,662.9,0
495,4320,30,30,20,50,50,810.0,786.9,-62.1,3,33,21,12,21,5,7,0.6364,55447,0,662.7,0
496,2880,10,40,20,60,50,760.0,744.6,-41.4,2,22,15,7,15,4,3,0.6818,1181,0,661.8,0
497,1440,0,70,20,60,30,1820.0,1612.1,-475.6,17,297,97,200,97,56,144,0.3266,302,0,660.9,0
498,4320,0,10,20,60,50,860.0,825.7,-82.8,4,49,23,26,23,5,21,0.4694,2201,0,660.1,0
499,5760,-30,60,20,50,40,1040.0,973.5,-157.7,7,95,42,53,42,18,35,0.4421,326,0,658.1,0
500,4320,0,20,20,60,40,820.0,781.5,-62.1,3,55,24,31,24,3,28,0.4364,1092,0,657.3,0
