summerUtc;winterUtc;tp;sl;days;wins;losses;winPct;needPct;netPips;maxDdPips
00:00;01:00;20;10;1477;983;494;66.55;66.67;-50.0;730.0
00:00;01:00;20;15;1477;1255;222;84.97;85.71;-385.0;805.0
00:00;01:00;25;10;1477;819;658;55.45;57.14;-875.0;1170.0
00:00;01:00;25;15;1477;1072;405;72.58;75.00;-1430.0;1550.0
00:00;01:00;25;20;1477;1293;184;87.54;88.89;-895.0;1080.0
00:00;01:00;30;10;1477;720;757;48.75;50.00;-740.0;1260.0
00:00;01:00;30;15;1477;949;528;64.25;66.67;-1605.0;1905.0
00:00;01:00;30;20;1477;1155;322;78.20;80.00;-1330.0;1790.0
00:00;01:00;30;25;1477;1334;143;90.32;90.91;-480.0;945.0
00:00;01:00;35;10;1477;633;844;42.86;44.44;-1055.0;1585.0
00:00;01:00;35;15;1477;843;634;57.08;60.00;-2160.0;2360.0
00:00;01:00;35;20;1477;1039;438;70.35;72.73;-1935.0;2410.0
00:00;01:00;35;25;1477;1214;263;82.19;83.33;-1010.0;1920.0
00:00;01:00;35;30;1477;1358;119;91.94;92.31;-350.0;1050.0
00:00;01:00;40;10;1476;549;927;37.20;40.00;-2070.0;2360.0
00:00;01:00;40;15;1476;750;726;50.81;54.55;-3030.0;3215.0
00:00;01:00;40;20;1476;942;534;63.82;66.67;-2520.0;3040.0
00:00;01:00;40;25;1476;1111;365;75.27;76.92;-1585.0;2595.0
00:00;01:00;40;30;1476;1252;224;84.82;85.71;-920.0;2160.0
00:00;01:00;45;10;1476;501;975;33.94;36.36;-1965.0;2130.0
00:00;01:00;45;15;1476;695;781;47.09;50.00;-2580.0;2700.0
00:00;01:00;45;20;1476;874;602;59.21;61.54;-2230.0;2780.0
00:00;01:00;45;25;1476;1037;439;70.26;71.43;-1210.0;2390.0
00:00;01:00;45;30;1476;1170;306;79.27;80.00;-810.0;2160.0
00:00;01:00;50;10;1476;454;1022;30.76;33.33;-2280.0;2620.0
00:00;01:00;50;15;1476;643;833;43.56;46.15;-2485.0;2775.0
00:00;01:00;50;20;1476;822;654;55.69;57.14;-1500.0;2540.0
00:00;01:00;50;25;1475;975;500;66.10;66.67;-625.0;2250.0
00:00;01:00;50;30;1475;1104;371;74.85;75.00;-180.0;2000.0
01:00;02:00;20;10;1477;985;492;66.69;66.67;10.0;490.0
01:00;02:00;20;15;1477;1264;213;85.58;85.71;-70.0;530.0
01:00;02:00;25;10;1477;832;645;56.33;57.14;-420.0;825.0
01:00;02:00;25;15;1477;1090;387;73.80;75.00;-710.0;1080.0
01:00;02:00;25;20;1477;1297;180;87.81;88.89;-715.0;945.0
01:00;02:00;30;10;1477;726;751;49.15;50.00;-500.0;920.0
01:00;02:00;30;15;1477;965;512;65.34;66.67;-885.0;1230.0
01:00;02:00;30;20;1477;1153;324;78.06;80.00;-1430.0;1710.0
01:00;02:00;30;25;1477;1321;156;89.44;90.91;-1195.0;1485.0
01:00;02:00;35;10;1476;638;838;43.22;44.44;-810.0;1230.0
01:00;02:00;35;15;1476;857;619;58.06;60.00;-1430.0;1910.0
01:00;02:00;35;20;1476;1031;445;69.85;72.73;-2335.0;2710.0
01:00;02:00;35;25;1476;1197;279;81.10;83.33;-1980.0;2420.0
01:00;02:00;35;30;1476;1357;119;91.94;92.31;-355.0;990.0
01:00;02:00;40;10;1476;574;902;38.89;40.00;-820.0;1370.0
01:00;02:00;40;15;1476;775;701;52.51;54.55;-1655.0;2635.0
01:00;02:00;40;20;1476;946;530;64.09;66.67;-2280.0;2900.0
01:00;02:00;40;25;1476;1106;370;74.93;76.92;-1910.0;2800.0
01:00;02:00;40;30;1476;1265;211;85.70;85.71;-10.0;1960.0
01:00;02:00;45;10;1476;520;956;35.23;36.36;-920.0;1370.0
01:00;02:00;45;15;1476;710;766;48.10;50.00;-1680.0;2640.0
01:00;02:00;45;20;1476;874;602;59.21;61.54;-2230.0;3160.0
01:00;02:00;45;25;1476;1021;455;69.17;71.43;-2330.0;3390.0
01:00;02:00;45;30;1476;1179;297;79.88;80.00;-135.0;2595.0
01:00;02:00;50;10;1476;483;993;32.72;33.33;-540.0;1200.0
01:00;02:00;50;15;1476;659;817;44.65;46.15;-1445.0;2665.0
01:00;02:00;50;20;1476;808;668;54.74;57.14;-2480.0;3480.0
01:00;02:00;50;25;1476;946;530;64.09;66.67;-2850.0;3625.0
01:00;02:00;50;30;1476;1093;383;74.05;75.00;-1120.0;2560.0
02:00;03:00;20;10;1476;964;512;65.31;66.67;-600.0;1070.0
02:00;03:00;20;15;1476;1258;218;85.23;85.71;-250.0;580.0
02:00;03:00;25;10;1475;813;662;55.12;57.14;-1045.0;1470.0
02:00;03:00;25;15;1475;1083;392;73.42;75.00;-930.0;1240.0
02:00;03:00;25;20;1475;1294;181;87.73;88.89;-770.0;1060.0
02:00;03:00;30;10;1475;723;752;49.02;50.00;-580.0;1320.0
02:00;03:00;30;15;1475;966;509;65.49;66.67;-780.0;1125.0
02:00;03:00;30;20;1475;1163;312;78.85;80.00;-850.0;1200.0
02:00;03:00;30;25;1475;1339;136;90.78;90.91;-105.0;655.0
02:00;03:00;35;10;1475;638;837;43.25;44.44;-790.0;1550.0
02:00;03:00;35;15;1475;860;615;58.31;60.00;-1250.0;1570.0
02:00;03:00;35;20;1475;1048;427;71.05;72.73;-1360.0;1715.0
02:00;03:00;35;25;1475;1222;253;82.85;83.33;-430.0;1160.0
02:00;03:00;35;30;1475;1361;114;92.27;92.31;-35.0;615.0
02:00;03:00;40;10;1475;575;900;38.98;40.00;-750.0;1780.0
02:00;03:00;40;15;1475;784;691;53.15;54.55;-1130.0;1680.0
02:00;03:00;40;20;1475;960;515;65.08;66.67;-1400.0;2040.0
02:00;03:00;40;25;1475;1133;342;76.81;76.92;-105.0;1645.0
02:00;03:00;40;30;1475;1268;207;85.97;85.71;260.0;1360.0
02:00;03:00;45;10;1475;532;943;36.07;36.36;-240.0;1690.0
02:00;03:00;45;15;1475;722;753;48.95;50.00;-930.0;1440.0
02:00;03:00;45;20;1475;888;587;60.20;61.54;-1280.0;2315.0
02:00;03:00;45;25;1475;1052;423;71.32;71.43;-110.0;1900.0
02:00;03:00;45;30;1474;1178;296;79.92;80.00;-90.0;1680.0
02:00;03:00;50;10;1475;490;985;33.22;33.33;-100.0;1480.0
02:00;03:00;50;15;1475;673;802;45.63;46.15;-505.0;1545.0
02:00;03:00;50;20;1475;837;638;56.75;57.14;-410.0;1950.0
02:00;03:00;50;25;1475;994;481;67.39;66.67;800.0;1750.0
02:00;03:00;50;30;1474;1121;353;76.05;75.00;1240.0;1460.0
03:00;04:00;20;10;1479;1003;476;67.82;66.67;510.0;440.0
03:00;04:00;20;15;1479;1284;195;86.82;85.71;570.0;240.0
03:00;04:00;25;10;1478;839;639;56.77;57.14;-195.0;620.0
03:00;04:00;25;15;1478;1104;374;74.70;75.00;-180.0;550.0
03:00;04:00;25;20;1478;1304;174;88.23;88.89;-440.0;755.0
03:00;04:00;30;10;1478;730;748;49.39;50.00;-360.0;920.0
03:00;04:00;30;15;1478;972;506;65.76;66.67;-600.0;945.0
03:00;04:00;30;20;1478;1161;317;78.55;80.00;-1070.0;1360.0
03:00;04:00;30;25;1478;1337;141;90.46;90.91;-365.0;835.0
03:00;04:00;35;10;1478;646;832;43.71;44.44;-490.0;1215.0
03:00;04:00;35;15;1478;874;604;59.13;60.00;-640.0;1070.0
03:00;04:00;35;20;1478;1054;424;71.31;72.73;-1150.0;1775.0
03:00;04:00;35;25;1478;1217;261;82.34;83.33;-880.0;1480.0
03:00;04:00;35;30;1478;1346;132;91.07;92.31;-1190.0;1635.0
03:00;04:00;40;10;1478;585;893;39.58;40.00;-310.0;1390.0
03:00;04:00;40;15;1478;802;676;54.26;54.55;-230.0;905.0
03:00;04:00;40;20;1478;980;498;66.31;66.67;-320.0;900.0
03:00;04:00;40;25;1478;1134;344;76.73;76.92;-190.0;965.0
03:00;04:00;40;30;1478;1262;216;85.39;85.71;-340.0;1300.0
03:00;04:00;45;10;1478;531;947;35.93;36.36;-355.0;1295.0
03:00;04:00;45;15;1478;732;746;49.53;50.00;-420.0;1230.0
03:00;04:00;45;20;1478;906;572;61.30;61.54;-230.0;1010.0
03:00;04:00;45;25;1478;1058;420;71.58;71.43;160.0;910.0
03:00;04:00;45;30;1478;1185;293;80.18;80.00;195.0;1065.0
03:00;04:00;50;10;1477;488;989;33.04;33.33;-260.0;1300.0
03:00;04:00;50;15;1477;679;798;45.97;46.15;-175.0;975.0
03:00;04:00;50;20;1477;837;640;56.67;57.14;-490.0;1460.0
03:00;04:00;50;25;1477;989;488;66.96;66.67;325.0;1100.0
03:00;04:00;50;30;1477;1107;370;74.95;75.00;-60.0;1580.0
04:00;05:00;20;10;1478;990;488;66.98;66.67;140.0;490.0
04:00;05:00;20;15;1478;1289;189;87.21;85.71;775.0;305.0
04:00;05:00;25;10;1477;830;647;56.19;57.14;-490.0;790.0
04:00;05:00;25;15;1477;1116;361;75.56;75.00;330.0;450.0
04:00;05:00;25;20;1477;1302;175;88.15;88.89;-490.0;995.0
04:00;05:00;30;10;1477;715;762;48.41;50.00;-940.0;1260.0
04:00;05:00;30;15;1477;979;498;66.28;66.67;-255.0;930.0
04:00;05:00;30;20;1477;1153;324;78.06;80.00;-1430.0;1710.0
04:00;05:00;30;25;1477;1330;147;90.05;90.91;-700.0;1110.0
04:00;05:00;35;10;1477;634;843;42.92;44.44;-1010.0;1320.0
04:00;05:00;35;15;1477;883;594;59.78;60.00;-160.0;1060.0
04:00;05:00;35;20;1477;1053;424;71.29;72.73;-1165.0;1460.0
04:00;05:00;35;25;1477;1220;257;82.60;83.33;-650.0;1190.0
04:00;05:00;35;30;1477;1361;116;92.15;92.31;-155.0;605.0
04:00;05:00;40;10;1477;581;896;39.34;40.00;-490.0;950.0
04:00;05:00;40;15;1477;809;668;54.77;54.55;185.0;850.0
04:00;05:00;40;20;1477;970;507;65.67;66.67;-880.0;1460.0
04:00;05:00;40;25;1477;1131;346;76.57;76.92;-335.0;1300.0
04:00;05:00;40;30;1477;1269;208;85.92;85.71;210.0;670.0
04:00;05:00;45;10;1476;537;939;36.38;36.36;15.0;910.0
04:00;05:00;45;15;1476;750;726;50.81;50.00;720.0;810.0
04:00;05:00;45;20;1476;903;573;61.18;61.54;-345.0;1690.0
04:00;05:00;45;25;1476;1059;417;71.75;71.43;330.0;1530.0
04:00;05:00;45;30;1476;1193;283;80.83;80.00;915.0;735.0
04:00;05:00;50;10;1476;498;978;33.74;33.33;360.0;980.0
04:00;05:00;50;15;1476;695;781;47.09;46.15;895.0;860.0
04:00;05:00;50;20;1476;835;641;56.57;57.14;-590.0;1920.0
04:00;05:00;50;25;1476;987;489;66.87;66.67;225.0;1450.0
04:00;05:00;50;30;1476;1117;359;75.68;75.00;800.0;840.0
05:00;06:00;20;10;1481;969;512;65.43;66.67;-550.0;840.0
05:00;06:00;20;15;1481;1242;239;83.86;85.71;-960.0;1180.0
05:00;06:00;25;10;1480;821;659;55.47;57.14;-865.0;925.0
05:00;06:00;25;15;1480;1077;403;72.77;75.00;-1320.0;1580.0
05:00;06:00;25;20;1480;1307;173;88.31;88.89;-385.0;755.0
05:00;06:00;30;10;1480;728;752;49.19;50.00;-480.0;920.0
05:00;06:00;30;15;1480;971;509;65.61;66.67;-705.0;1185.0
05:00;06:00;30;20;1480;1196;284;80.81;80.00;600.0;570.0
05:00;06:00;30;25;1480;1363;117;92.09;90.91;965.0;490.0
05:00;06:00;35;10;1480;636;844;42.97;44.44;-980.0;1250.0
05:00;06:00;35;15;1480;862;618;58.24;60.00;-1300.0;1840.0
05:00;06:00;35;20;1480;1070;410;72.30;72.73;-350.0;1290.0
05:00;06:00;35;25;1480;1232;248;83.24;83.33;-80.0;1400.0
05:00;06:00;35;30;1480;1354;126;91.49;92.31;-790.0;1510.0
05:00;06:00;40;10;1480;586;894;39.59;40.00;-300.0;910.0
05:00;06:00;40;15;1479;794;685;53.68;54.55;-700.0;1210.0
05:00;06:00;40;20;1479;986;493;66.67;66.67;0.0;920.0
05:00;06:00;40;25;1479;1133;346;76.61;76.92;-305.0;1255.0
05:00;06:00;40;30;1479;1251;228;84.58;85.71;-1170.0;1780.0
05:00;06:00;45;10;1480;541;939;36.55;36.36;155.0;940.0
05:00;06:00;45;15;1479;745;734;50.37;50.00;330.0;990.0
05:00;06:00;45;20;1479;932;547;63.02;61.54;1420.0;605.0
05:00;06:00;45;25;1479;1065;414;72.01;71.43;600.0;1090.0
05:00;06:00;45;30;1479;1176;303;79.51;80.00;-540.0;1485.0
05:00;06:00;50;10;1480;499;981;33.72;33.33;340.0;1080.0
05:00;06:00;50;15;1479;694;785;46.92;46.15;740.0;875.0
05:00;06:00;50;20;1479;871;608;58.89;57.14;1810.0;660.0
05:00;06:00;50;25;1479;1000;479;67.61;66.67;1050.0;1075.0
05:00;06:00;50;30;1479;1108;371;74.92;75.00;-100.0;1060.0
06:00;07:00;20;10;1479;993;486;67.14;66.67;210.0;560.0
06:00;07:00;20;15;1479;1260;219;85.19;85.71;-270.0;735.0
06:00;07:00;25;10;1479;839;640;56.73;57.14;-215.0;690.0
06:00;07:00;25;15;1479;1110;369;75.05;75.00;30.0;620.0
06:00;07:00;25;20;1479;1315;164;88.91;88.89;15.0;725.0
06:00;07:00;30;10;1479;733;746;49.56;50.00;-260.0;1300.0
06:00;07:00;30;15;1479;990;489;66.94;66.67;180.0;1095.0
06:00;07:00;30;20;1479;1183;296;79.99;80.00;-10.0;1180.0
06:00;07:00;30;25;1479;1338;141;90.47;90.91;-360.0;1150.0
06:00;07:00;35;10;1479;649;830;43.88;44.44;-375.0;1350.0
06:00;07:00;35;15;1479;897;582;60.65;60.00;480.0;1080.0
06:00;07:00;35;20;1479;1082;397;73.16;72.73;350.0;1330.0
06:00;07:00;35;25;1479;1238;241;83.71;83.33;330.0;930.0
06:00;07:00;35;30;1479;1379;100;93.24;92.31;895.0;510.0
06:00;07:00;40;10;1479;587;892;39.69;40.00;-230.0;1100.0
06:00;07:00;40;15;1479;820;659;55.44;54.55;730.0;1060.0
06:00;07:00;40;20;1479;997;482;67.41;66.67;660.0;1340.0
06:00;07:00;40;25;1479;1152;327;77.89;76.92;930.0;595.0
06:00;07:00;40;30;1479;1288;191;87.09;85.71;1420.0;750.0
06:00;07:00;45;10;1478;535;943;36.20;36.36;-135.0;1025.0
06:00;07:00;45;15;1478;752;726;50.88;50.00;780.0;1320.0
06:00;07:00;45;20;1478;922;556;62.38;61.54;810.0;1515.0
06:00;07:00;45;25;1478;1066;412;72.12;71.43;720.0;780.0
06:00;07:00;45;30;1478;1190;288;80.51;80.00;570.0;1095.0
06:00;07:00;50;10;1478;487;991;32.95;33.33;-340.0;1400.0
06:00;07:00;50;15;1478;696;782;47.09;46.15;900.0;1690.0
06:00;07:00;50;20;1478;858;620;58.05;57.14;940.0;1970.0
06:00;07:00;50;25;1478;992;486;67.12;66.67;500.0;1400.0
06:00;07:00;50;30;1478;1112;366;75.24;75.00;280.0;1520.0
07:00;08:00;20;10;1480;1006;474;67.97;66.67;580.0;500.0
07:00;08:00;20;15;1480;1281;199;86.55;85.71;435.0;260.0
07:00;08:00;25;10;1480;843;637;56.96;57.14;-95.0;920.0
07:00;08:00;25;15;1480;1108;372;74.86;75.00;-80.0;770.0
07:00;08:00;25;20;1480;1314;166;88.78;88.89;-70.0;575.0
07:00;08:00;30;10;1480;747;733;50.47;50.00;280.0;740.0
07:00;08:00;30;15;1480;983;497;66.42;66.67;-165.0;930.0
07:00;08:00;30;20;1480;1181;299;79.80;80.00;-150.0;790.0
07:00;08:00;30;25;1479;1346;133;91.01;90.91;80.0;440.0
07:00;08:00;35;10;1480;663;817;44.80;44.44;235.0;1095.0
07:00;08:00;35;15;1480;888;592;60.00;60.00;0.0;1000.0
07:00;08:00;35;20;1480;1076;404;72.70;72.73;-20.0;905.0
07:00;08:00;35;25;1479;1243;236;84.04;83.33;630.0;620.0
07:00;08:00;35;30;1479;1372;107;92.77;92.31;440.0;440.0
07:00;08:00;40;10;1480;599;881;40.47;40.00;350.0;1030.0
07:00;08:00;40;15;1480;802;678;54.19;54.55;-290.0;1340.0
07:00;08:00;40;20;1480;987;493;66.69;66.67;20.0;1260.0
07:00;08:00;40;25;1479;1142;337;77.21;76.92;280.0;1335.0
07:00;08:00;40;30;1479;1272;207;86.00;85.71;300.0;840.0
07:00;08:00;45;10;1480;532;948;35.95;36.36;-340.0;1240.0
07:00;08:00;45;15;1480;727;753;49.12;50.00;-780.0;1440.0
07:00;08:00;45;20;1480;906;574;61.22;61.54;-310.0;1595.0
07:00;08:00;45;25;1479;1056;423;71.40;71.43;-30.0;1920.0
07:00;08:00;45;30;1479;1184;295;80.05;80.00;60.0;1245.0
07:00;08:00;50;10;1480;490;990;33.11;33.33;-200.0;1380.0
07:00;08:00;50;15;1480;669;811;45.20;46.15;-915.0;1635.0
07:00;08:00;50;20;1480;842;638;56.89;57.14;-260.0;1250.0
07:00;08:00;50;25;1479;990;489;66.94;66.67;300.0;1525.0
07:00;08:00;50;30;1479;1110;369;75.05;75.00;60.0;1000.0
08:00;09:00;20;10;1480;981;499;66.28;66.67;-170.0;670.0
08:00;09:00;20;15;1480;1253;227;84.66;85.71;-545.0;700.0
08:00;09:00;25;10;1480;849;631;57.36;57.14;115.0;635.0
08:00;09:00;25;15;1480;1107;373;74.80;75.00;-120.0;700.0
08:00;09:00;25;20;1480;1335;145;90.20;88.89;875.0;405.0
08:00;09:00;30;10;1480;740;740;50.00;50.00;0.0;700.0
08:00;09:00;30;15;1480;990;490;66.89;66.67;150.0;780.0
08:00;09:00;30;20;1480;1220;260;82.43;80.00;1800.0;560.0
08:00;09:00;30;25;1479;1357;122;91.75;90.91;685.0;495.0
08:00;09:00;35;10;1480;661;819;44.66;44.44;145.0;710.0
08:00;09:00;35;15;1480;899;581;60.74;60.00;550.0;780.0
08:00;09:00;35;20;1480;1115;365;75.34;72.73;2125.0;570.0
08:00;09:00;35;25;1479;1251;228;84.58;83.33;1110.0;590.0
08:00;09:00;35;30;1479;1375;104;92.97;92.31;635.0;560.0
08:00;09:00;40;10;1480;595;885;40.20;40.00;150.0;630.0
08:00;09:00;40;15;1480;812;668;54.86;54.55;260.0;1135.0
08:00;09:00;40;20;1480;1015;465;68.58;66.67;1700.0;560.0
08:00;09:00;40;25;1479;1151;328;77.82;76.92;865.0;585.0
08:00;09:00;40;30;1479;1280;199;86.54;85.71;860.0;540.0
08:00;09:00;45;10;1480;547;933;36.96;36.36;485.0;580.0
08:00;09:00;45;15;1480;747;733;50.47;50.00;420.0;1200.0
08:00;09:00;45;20;1480;941;539;63.58;61.54;1965.0;1030.0
08:00;09:00;45;25;1479;1076;403;72.75;71.43;1370.0;910.0
08:00;09:00;45;30;1479;1202;277;81.27;80.00;1410.0;945.0
08:00;09:00;50;10;1480;505;975;34.12;33.33;700.0;720.0
08:00;09:00;50;15;1480;699;781;47.23;46.15;1035.0;955.0
08:00;09:00;50;20;1480;883;597;59.66;57.14;2610.0;810.0
08:00;09:00;50;25;1479;1011;468;68.36;66.67;1875.0;925.0
08:00;09:00;50;30;1479;1139;340;77.01;75.00;2380.0;860.0
09:00;10:00;20;10;1480;995;485;67.23;66.67;250.0;650.0
09:00;10:00;20;15;1480;1269;211;85.74;85.71;15.0;905.0
09:00;10:00;25;10;1480;860;620;58.11;57.14;500.0;570.0
09:00;10:00;25;15;1480;1105;375;74.66;75.00;-200.0;1480.0
09:00;10:00;25;20;1480;1311;169;88.58;88.89;-205.0;780.0
09:00;10:00;30;10;1480;742;738;50.14;50.00;80.0;860.0
09:00;10:00;30;15;1480;984;496;66.49;66.67;-120.0;1620.0
09:00;10:00;30;20;1480;1179;301;79.66;80.00;-250.0;870.0
09:00;10:00;30;25;1479;1338;141;90.47;90.91;-360.0;645.0
09:00;10:00;35;10;1480;643;837;43.45;44.44;-665.0;1420.0
09:00;10:00;35;15;1480;869;611;58.72;60.00;-950.0;2010.0
09:00;10:00;35;20;1480;1062;418;71.76;72.73;-790.0;1010.0
09:00;10:00;35;25;1479;1220;259;82.49;83.33;-750.0;1040.0
09:00;10:00;35;30;1479;1358;121;91.82;92.31;-470.0;900.0
09:00;10:00;40;10;1480;592;888;40.00;40.00;0.0;960.0
09:00;10:00;40;15;1480;802;678;54.19;54.55;-290.0;1855.0
09:00;10:00;40;20;1480;986;494;66.62;66.67;-40.0;1060.0
09:00;10:00;40;25;1479;1136;343;76.81;76.92;-110.0;1140.0
09:00;10:00;40;30;1479;1273;206;86.07;85.71;370.0;840.0
09:00;10:00;45;10;1480;543;937;36.69;36.36;265.0;1070.0
09:00;10:00;45;15;1480;733;747;49.53;50.00;-420.0;1860.0
09:00;10:00;45;20;1480;909;571;61.42;61.54;-115.0;1110.0
09:00;10:00;45;25;1479;1054;425;71.26;71.43;-170.0;950.0
09:00;10:00;45;30;1478;1184;294;80.11;80.00;120.0;915.0
09:00;10:00;50;10;1480;498;982;33.65;33.33;280.0;1120.0
09:00;10:00;50;15;1480;669;811;45.20;46.15;-915.0;2515.0
09:00;10:00;50;20;1480;841;639;56.82;57.14;-330.0;1430.0
09:00;10:00;50;25;1479;975;504;65.92;66.67;-825.0;1075.0
09:00;10:00;50;30;1478;1101;377;74.49;75.00;-600.0;1260.0
10:00;11:00;20;10;1480;960;520;64.86;66.67;-800.0;1290.0
10:00;11:00;20;15;1480;1255;225;84.80;85.71;-475.0;680.0
10:00;11:00;25;10;1480;806;674;54.46;57.14;-1390.0;1875.0
10:00;11:00;25;15;1480;1091;389;73.72;75.00;-760.0;1110.0
10:00;11:00;25;20;1480;1301;179;87.91;88.89;-655.0;885.0
10:00;11:00;30;10;1480;698;782;47.16;50.00;-1680.0;2340.0
10:00;11:00;30;15;1480;973;507;65.74;66.67;-615.0;1260.0
10:00;11:00;30;20;1480;1177;303;79.53;80.00;-350.0;1280.0
10:00;11:00;30;25;1479;1341;138;90.67;90.91;-195.0;925.0
10:00;11:00;35;10;1480;617;863;41.69;44.44;-1835.0;2220.0
10:00;11:00;35;15;1480;871;609;58.85;60.00;-850.0;1320.0
10:00;11:00;35;20;1480;1060;420;71.62;72.73;-900.0;1615.0
10:00;11:00;35;25;1479;1226;253;82.89;83.33;-390.0;920.0
10:00;11:00;35;30;1479;1358;121;91.82;92.31;-470.0;710.0
10:00;11:00;40;10;1480;558;922;37.70;40.00;-1700.0;2220.0
10:00;11:00;40;15;1480;792;688;53.51;54.55;-840.0;1370.0
10:00;11:00;40;20;1480;976;504;65.95;66.67;-640.0;1460.0
10:00;11:00;40;25;1479;1142;337;77.21;76.92;280.0;880.0
10:00;11:00;40;30;1479;1270;209;85.87;85.71;160.0;1050.0
10:00;11:00;45;10;1480;511;969;34.53;36.36;-1495.0;2300.0
10:00;11:00;45;15;1480;714;766;48.24;50.00;-1560.0;2100.0
10:00;11:00;45;20;1480;890;590;60.14;61.54;-1350.0;1875.0
10:00;11:00;45;25;1479;1045;434;70.66;71.43;-800.0;1470.0
10:00;11:00;45;30;1479;1172;307;79.24;80.00;-840.0;1455.0
10:00;11:00;50;10;1480;465;1015;31.42;33.33;-1700.0;2260.0
10:00;11:00;50;15;1480;658;822;44.46;46.15;-1630.0;2210.0
10:00;11:00;50;20;1480;826;654;55.81;57.14;-1380.0;2220.0
10:00;11:00;50;25;1479;968;511;65.45;66.67;-1350.0;2150.0
10:00;11:00;50;30;1478;1090;388;73.75;75.00;-1480.0;2300.0
11:00;12:00;20;10;1480;978;502;66.08;66.67;-260.0;840.0
11:00;12:00;20;15;1480;1256;224;84.86;85.71;-440.0;730.0
11:00;12:00;25;10;1480;834;646;56.35;57.14;-410.0;1215.0
11:00;12:00;25;15;1480;1096;384;74.05;75.00;-560.0;1160.0
11:00;12:00;25;20;1480;1310;170;88.51;88.89;-250.0;710.0
11:00;12:00;30;10;1480;735;745;49.66;50.00;-200.0;1000.0
11:00;12:00;30;15;1480;976;504;65.95;66.67;-480.0;1200.0
11:00;12:00;30;20;1480;1176;304;79.46;80.00;-400.0;820.0
11:00;12:00;30;25;1479;1335;144;90.26;90.91;-525.0;735.0
11:00;12:00;35;10;1480;644;836;43.51;44.44;-620.0;1435.0
11:00;12:00;35;15;1480;863;617;58.31;60.00;-1250.0;2050.0
11:00;12:00;35;20;1480;1046;434;70.68;72.73;-1670.0;2045.0
11:00;12:00;35;25;1479;1201;278;81.20;83.33;-1890.0;2070.0
11:00;12:00;35;30;1479;1345;134;90.94;92.31;-1315.0;1550.0
11:00;12:00;40;10;1480;576;904;38.92;40.00;-800.0;1800.0
11:00;12:00;40;15;1480;780;700;52.70;54.55;-1500.0;2150.0
11:00;12:00;40;20;1480;953;527;64.39;66.67;-2020.0;2640.0
11:00;12:00;40;25;1479;1109;370;74.98;76.92;-1865.0;2205.0
11:00;12:00;40;30;1479;1246;233;84.25;85.71;-1520.0;1920.0
11:00;12:00;45;10;1480;516;964;34.86;36.36;-1220.0;2135.0
11:00;12:00;45;15;1480;710;770;47.97;50.00;-1800.0;2310.0
11:00;12:00;45;20;1480;875;605;59.12;61.54;-2325.0;3125.0
11:00;12:00;45;25;1479;1029;450;69.57;71.43;-1920.0;2450.0
11:00;12:00;45;30;1478;1156;322;78.21;80.00;-1980.0;2370.0
11:00;12:00;50;10;1480;483;997;32.64;33.33;-620.0;1640.0
11:00;12:00;50;15;1480;665;815;44.93;46.15;-1175.0;2025.0
11:00;12:00;50;20;1480;820;660;55.41;57.14;-1800.0;2650.0
11:00;12:00;50;25;1479;968;511;65.45;66.67;-1350.0;1950.0
11:00;12:00;50;30;1478;1089;389;73.68;75.00;-1560.0;2240.0
12:00;13:00;20;10;1479;977;502;66.06;66.67;-270.0;630.0
12:00;13:00;20;15;1479;1276;203;86.27;85.71;290.0;395.0
12:00;13:00;25;10;1479;834;645;56.39;57.14;-390.0;905.0
12:00;13:00;25;15;1479;1110;369;75.05;75.00;30.0;820.0
12:00;13:00;25;20;1479;1309;170;88.51;88.89;-255.0;655.0
12:00;13:00;30;10;1479;730;749;49.36;50.00;-380.0;940.0
12:00;13:00;30;15;1479;985;494;66.60;66.67;-45.0;1155.0
12:00;13:00;30;20;1479;1181;298;79.85;80.00;-110.0;930.0
12:00;13:00;30;25;1478;1347;131;91.14;90.91;185.0;525.0
12:00;13:00;35;10;1479;640;839;43.27;44.44;-780.0;1220.0
12:00;13:00;35;15;1479;875;604;59.16;60.00;-620.0;1310.0
12:00;13:00;35;20;1479;1065;414;72.01;72.73;-585.0;1390.0
12:00;13:00;35;25;1478;1235;243;83.56;83.33;200.0;920.0
12:00;13:00;35;30;1478;1364;114;92.29;92.31;-20.0;945.0
12:00;13:00;40;10;1479;588;891;39.76;40.00;-180.0;1150.0
12:00;13:00;40;15;1479;804;675;54.36;54.55;-150.0;1400.0
12:00;13:00;40;20;1479;988;491;66.80;66.67;120.0;1320.0
12:00;13:00;40;25;1478;1146;332;77.54;76.92;590.0;1155.0
12:00;13:00;40;30;1478;1271;207;85.99;85.71;290.0;1630.0
12:00;13:00;45;10;1479;528;951;35.70;36.36;-540.0;1170.0
12:00;13:00;45;15;1479;734;745;49.63;50.00;-330.0;1410.0
12:00;13:00;45;20;1479;910;569;61.53;61.54;-10.0;1585.0
12:00;13:00;45;25;1478;1064;414;71.99;71.43;580.0;1300.0
12:00;13:00;45;30;1478;1187;291;80.31;80.00;345.0;1545.0
12:00;13:00;50;10;1479;489;990;33.06;33.33;-240.0;1000.0
12:00;13:00;50;15;1479;680;799;45.98;46.15;-170.0;1360.0
12:00;13:00;50;20;1479;844;635;57.07;57.14;-80.0;1840.0
12:00;13:00;50;25;1478;989;489;66.91;66.67;275.0;1475.0
12:00;13:00;50;30;1478;1115;363;75.44;75.00;520.0;1420.0
13:00;14:00;20;10;1480;1027;453;69.39;66.67;1210.0;410.0
13:00;14:00;20;15;1480;1280;200;86.49;85.71;400.0;315.0
13:00;14:00;25;10;1480;872;608;58.92;57.14;920.0;430.0
13:00;14:00;25;15;1480;1111;369;75.07;75.00;40.0;360.0
13:00;14:00;25;20;1480;1306;174;88.24;88.89;-430.0;810.0
13:00;14:00;30;10;1480;761;719;51.42;50.00;840.0;780.0
13:00;14:00;30;15;1480;978;502;66.08;66.67;-390.0;765.0
13:00;14:00;30;20;1480;1165;315;78.72;80.00;-950.0;1450.0
13:00;14:00;30;25;1480;1342;138;90.68;90.91;-190.0;880.0
13:00;14:00;35;10;1480;686;794;46.35;44.44;1270.0;835.0
13:00;14:00;35;15;1480;890;590;60.14;60.00;100.0;850.0
13:00;14:00;35;20;1480;1067;413;72.09;72.73;-515.0;1235.0
13:00;14:00;35;25;1480;1241;239;83.85;83.33;460.0;1150.0
13:00;14:00;35;30;1480;1378;102;93.11;92.31;770.0;710.0
13:00;14:00;40;10;1480;605;875;40.88;40.00;650.0;880.0
13:00;14:00;40;15;1480;802;678;54.19;54.55;-290.0;1285.0
13:00;14:00;40;20;1480;973;507;65.74;66.67;-820.0;1700.0
13:00;14:00;40;25;1480;1140;340;77.03;76.92;100.0;1565.0
13:00;14:00;40;30;1480;1277;203;86.28;85.71;590.0;700.0
13:00;14:00;45;10;1479;548;931;37.05;36.36;560.0;1200.0
13:00;14:00;45;15;1479;735;744;49.70;50.00;-270.0;1290.0
13:00;14:00;45;20;1479;896;583;60.58;61.54;-920.0;1905.0
13:00;14:00;45;25;1479;1052;427;71.13;71.43;-310.0;1660.0
13:00;14:00;45;30;1479;1185;294;80.12;80.00;135.0;1485.0
13:00;14:00;50;10;1479;502;977;33.94;33.33;540.0;1420.0
13:00;14:00;50;15;1479;682;797;46.11;46.15;-40.0;1210.0
13:00;14:00;50;20;1479;838;641;56.66;57.14;-500.0;1530.0
13:00;14:00;50;25;1479;988;491;66.80;66.67;150.0;1525.0
13:00;14:00;50;30;1478;1112;366;75.24;75.00;280.0;1600.0
14:00;15:00;20;10;1479;1028;451;69.51;66.67;1260.0;260.0
14:00;15:00;20;15;1479;1285;194;86.88;85.71;605.0;250.0
14:00;15:00;25;10;1479;872;607;58.96;57.14;940.0;380.0
14:00;15:00;25;15;1479;1117;362;75.52;75.00;310.0;400.0
14:00;15:00;25;20;1479;1314;165;88.84;88.89;-30.0;615.0
14:00;15:00;30;10;1479;779;700;52.67;50.00;1580.0;400.0
14:00;15:00;30;15;1479;1004;475;67.88;66.67;810.0;465.0
14:00;15:00;30;20;1479;1190;289;80.46;80.00;340.0;860.0
14:00;15:00;30;25;1479;1348;131;91.14;90.91;190.0;395.0
14:00;15:00;35;10;1479;699;780;47.26;44.44;1875.0;420.0
14:00;15:00;35;15;1479;911;568;61.60;60.00;1180.0;560.0
14:00;15:00;35;20;1479;1085;394;73.36;72.73;515.0;955.0
14:00;15:00;35;25;1479;1231;248;83.23;83.33;-90.0;1020.0
14:00;15:00;35;30;1479;1368;111;92.49;92.31;180.0;700.0
14:00;15:00;40;10;1479;630;849;42.60;40.00;1920.0;410.0
14:00;15:00;40;15;1479;828;651;55.98;54.55;1170.0;490.0
14:00;15:00;40;20;1479;983;496;66.46;66.67;-180.0;1160.0
14:00;15:00;40;25;1479;1124;355;76.00;76.92;-890.0;1100.0
14:00;15:00;40;30;1479;1261;218;85.26;85.71;-470.0;1070.0
14:00;15:00;45;10;1479;573;906;38.74;36.36;1935.0;530.0
14:00;15:00;45;15;1479;769;710;51.99;50.00;1770.0;510.0
14:00;15:00;45;20;1479;921;558;62.27;61.54;705.0;1205.0
14:00;15:00;45;25;1479;1055;424;71.33;71.43;-100.0;1340.0
14:00;15:00;45;30;1479;1193;286;80.66;80.00;735.0;645.0
14:00;15:00;50;10;1478;524;954;35.45;33.33;1880.0;700.0
14:00;15:00;50;15;1478;699;779;47.29;46.15;1095.0;695.0
14:00;15:00;50;20;1478;837;641;56.63;57.14;-530.0;1810.0
14:00;15:00;50;25;1478;967;511;65.43;66.67;-1375.0;1925.0
14:00;15:00;50;30;1478;1102;376;74.56;75.00;-520.0;1300.0
15:00;16:00;20;10;1480;983;497;66.42;66.67;-110.0;870.0
15:00;16:00;20;15;1480;1284;196;86.76;85.71;540.0;340.0
15:00;16:00;25;10;1480;840;640;56.76;57.14;-200.0;1065.0
15:00;16:00;25;15;1480;1116;364;75.41;75.00;240.0;770.0
15:00;16:00;25;20;1480;1311;169;88.58;88.89;-205.0;540.0
15:00;16:00;30;10;1480;744;736;50.27;50.00;160.0;1080.0
15:00;16:00;30;15;1480;998;482;67.43;66.67;510.0;900.0
15:00;16:00;30;20;1480;1189;291;80.34;80.00;250.0;860.0
15:00;16:00;30;25;1480;1346;134;90.95;90.91;30.0;550.0
15:00;16:00;35;10;1480;679;801;45.88;44.44;955.0;1105.0
15:00;16:00;35;15;1480;919;561;62.09;60.00;1550.0;840.0
15:00;16:00;35;20;1480;1105;375;74.66;72.73;1575.0;810.0
15:00;16:00;35;25;1480;1254;226;84.73;83.33;1240.0;630.0
15:00;16:00;35;30;1480;1379;101;93.18;92.31;835.0;465.0
15:00;16:00;40;10;1480;614;866;41.49;40.00;1100.0;780.0
15:00;16:00;40;15;1479;835;644;56.46;54.55;1555.0;880.0
15:00;16:00;40;20;1479;1010;469;68.29;66.67;1440.0;1120.0
15:00;16:00;40;25;1479;1158;321;78.30;76.92;1320.0;1080.0
15:00;16:00;40;30;1479;1284;195;86.82;85.71;1140.0;910.0
15:00;16:00;45;10;1480;566;914;38.24;36.36;1530.0;915.0
15:00;16:00;45;15;1479;772;707;52.20;50.00;1950.0;900.0
15:00;16:00;45;20;1479;940;539;63.56;61.54;1940.0;1135.0
15:00;16:00;45;25;1479;1078;401;72.89;71.43;1510.0;1130.0
15:00;16:00;45;30;1479;1200;279;81.14;80.00;1260.0;885.0
15:00;16:00;50;10;1480;520;960;35.14;33.33;1600.0;920.0
15:00;16:00;50;15;1479;709;770;47.94;46.15;1715.0;1110.0
15:00;16:00;50;20;1479;870;609;58.82;57.14;1740.0;1370.0
15:00;16:00;50;25;1479;1006;473;68.02;66.67;1500.0;1350.0
15:00;16:00;50;30;1479;1116;363;75.46;75.00;540.0;1260.0
16:00;17:00;20;10;1480;963;517;65.07;66.67;-710.0;900.0
16:00;17:00;20;15;1480;1229;251;83.04;85.71;-1385.0;1425.0
16:00;17:00;25;10;1480;828;652;55.95;57.14;-620.0;940.0
16:00;17:00;25;15;1480;1056;424;71.35;75.00;-2160.0;2200.0
16:00;17:00;25;20;1480;1300;180;87.84;88.89;-700.0;990.0
16:00;17:00;30;10;1480;723;757;48.85;50.00;-680.0;1320.0
16:00;17:00;30;15;1480;933;547;63.04;66.67;-2415.0;2490.0
16:00;17:00;30;20;1480;1167;313;78.85;80.00;-850.0;1470.0
16:00;17:00;30;25;1479;1344;135;90.87;90.91;-30.0;810.0
16:00;17:00;35;10;1480;640;840;43.24;44.44;-800.0;1505.0
16:00;17:00;35;15;1480;834;646;56.35;60.00;-2700.0;2840.0
16:00;17:00;35;20;1480;1061;419;71.69;72.73;-845.0;1930.0
16:00;17:00;35;25;1479;1233;246;83.37;83.33;30.0;1130.0
16:00;17:00;35;30;1479;1366;113;92.36;92.31;50.0;810.0
16:00;17:00;40;10;1480;580;900;39.19;40.00;-600.0;1670.0
16:00;17:00;40;15;1480;761;719;51.42;54.55;-2545.0;3040.0
16:00;17:00;40;20;1480;978;502;66.08;66.67;-520.0;2220.0
16:00;17:00;40;25;1479;1144;335;77.35;76.92;410.0;1410.0
16:00;17:00;40;30;1479;1279;200;86.48;85.71;790.0;1230.0
16:00;17:00;45;10;1480;518;962;35.00;36.36;-1110.0;2120.0
16:00;17:00;45;15;1480;692;788;46.76;50.00;-2880.0;3330.0
16:00;17:00;45;20;1480;898;582;60.68;61.54;-830.0;2565.0
16:00;17:00;45;25;1479;1062;417;71.81;71.43;390.0;1760.0
16:00;17:00;45;30;1479;1199;280;81.07;80.00;1185.0;1575.0
16:00;17:00;50;10;1480;469;1011;31.69;33.33;-1460.0;2480.0
16:00;17:00;50;15;1480;636;844;42.97;46.15;-3060.0;3635.0
16:00;17:00;50;20;1480;828;652;55.95;57.14;-1240.0;2990.0
16:00;17:00;50;25;1479;978;501;66.13;66.67;-600.0;2425.0
16:00;17:00;50;30;1479;1105;374;74.71;75.00;-340.0;2380.0
17:00;18:00;20;10;1479;982;497;66.40;66.67;-120.0;590.0
17:00;18:00;20;15;1479;1286;193;86.95;85.71;640.0;245.0
17:00;18:00;25;10;1479;830;649;56.12;57.14;-530.0;890.0
17:00;18:00;25;15;1479;1102;377;74.51;75.00;-290.0;760.0
17:00;18:00;25;20;1479;1305;174;88.24;88.89;-435.0;565.0
17:00;18:00;30;10;1479;710;769;48.01;50.00;-1180.0;1580.0
17:00;18:00;30;15;1479;966;513;65.31;66.67;-900.0;1305.0
17:00;18:00;30;20;1479;1158;321;78.30;80.00;-1260.0;1500.0
17:00;18:00;30;25;1479;1322;157;89.38;90.91;-1240.0;1535.0
17:00;18:00;35;10;1479;639;840;43.20;44.44;-825.0;1810.0
17:00;18:00;35;15;1479;873;606;59.03;60.00;-720.0;1630.0
17:00;18:00;35;20;1479;1057;422;71.47;72.73;-1025.0;1920.0
17:00;18:00;35;25;1479;1213;266;82.01;83.33;-1170.0;1910.0
17:00;18:00;35;30;1479;1369;110;92.56;92.31;245.0;1110.0
17:00;18:00;40;10;1479;569;910;38.47;40.00;-1130.0;2210.0
17:00;18:00;40;15;1479;793;686;53.62;54.55;-755.0;1890.0
17:00;18:00;40;20;1479;974;505;65.86;66.67;-720.0;1840.0
17:00;18:00;40;25;1479;1131;348;76.47;76.92;-435.0;1715.0
17:00;18:00;40;30;1479;1284;195;86.82;85.71;1140.0;890.0
17:00;18:00;45;10;1478;512;966;34.64;36.36;-1400.0;2670.0
17:00;18:00;45;15;1478;718;760;48.58;50.00;-1260.0;2190.0
17:00;18:00;45;20;1478;889;589;60.15;61.54;-1335.0;2290.0
17:00;18:00;45;25;1478;1045;433;70.70;71.43;-750.0;1720.0
17:00;18:00;45;30;1478;1195;283;80.85;80.00;945.0;885.0
17:00;18:00;50;10;1478;465;1013;31.46;33.33;-1660.0;2700.0
17:00;18:00;50;15;1478;659;819;44.59;46.15;-1505.0;2300.0
17:00;18:00;50;20;1478;822;656;55.62;57.14;-1580.0;2420.0
17:00;18:00;50;25;1478;973;505;65.83;66.67;-925.0;1900.0
17:00;18:00;50;30;1478;1109;369;75.03;75.00;40.0;1420.0
18:00;19:00;20;10;1474;939;535;63.70;66.67;-1310.0;1420.0
18:00;19:00;20;15;1474;1245;229;84.46;85.71;-645.0;850.0
18:00;19:00;25;10;1474;788;686;53.46;57.14;-1900.0;2095.0
18:00;19:00;25;15;1474;1077;397;73.07;75.00;-1140.0;1320.0
18:00;19:00;25;20;1474;1305;169;88.53;88.89;-235.0;755.0
18:00;19:00;30;10;1474;677;797;45.93;50.00;-2400.0;2620.0
18:00;19:00;30;15;1474;960;514;65.13;66.67;-1020.0;1260.0
18:00;19:00;30;20;1474;1170;304;79.38;80.00;-460.0;780.0
18:00;19:00;30;25;1474;1338;136;90.77;90.91;-110.0;555.0
18:00;19:00;35;10;1474;612;862;41.52;44.44;-1940.0;2250.0
18:00;19:00;35;15;1474;872;602;59.16;60.00;-620.0;1250.0
18:00;19:00;35;20;1474;1073;401;72.80;72.73;55.0;760.0
18:00;19:00;35;25;1474;1238;236;83.99;83.33;580.0;630.0
18:00;19:00;35;30;1474;1377;97;93.42;92.31;1065.0;340.0
18:00;19:00;40;10;1474;531;943;36.02;40.00;-2930.0;3200.0
18:00;19:00;40;15;1474;777;697;52.71;54.55;-1485.0;1790.0
18:00;19:00;40;20;1474;973;501;66.01;66.67;-580.0;1100.0
18:00;19:00;40;25;1474;1139;335;77.27;76.92;335.0;735.0
18:00;19:00;40;30;1474;1278;196;86.70;85.71;1020.0;660.0
18:00;19:00;45;10;1473;484;989;32.86;36.36;-2840.0;3160.0
18:00;19:00;45;15;1473;713;760;48.40;50.00;-1410.0;2040.0
18:00;19:00;45;20;1473;892;581;60.56;61.54;-940.0;1520.0
18:00;19:00;45;25;1473;1052;421;71.42;71.43;-10.0;1060.0
18:00;19:00;45;30;1473;1194;279;81.06;80.00;1170.0;885.0
18:00;19:00;50;10;1473;437;1036;29.67;33.33;-3240.0;3620.0
18:00;19:00;50;15;1473;654;819;44.40;46.15;-1680.0;2310.0
18:00;19:00;50;20;1473;830;643;56.35;57.14;-820.0;1340.0
18:00;19:00;50;25;1473;979;494;66.46;66.67;-225.0;1175.0
18:00;19:00;50;30;1473;1115;358;75.70;75.00;820.0;1260.0
19:00;20:00;20;10;1473;909;564;61.71;66.67;-2190.0;2230.0
19:00;20:00;20;15;1473;1208;265;82.01;85.71;-1910.0;1980.0
19:00;20:00;25;10;1473;764;709;51.87;57.14;-2720.0;2755.0
19:00;20:00;25;15;1473;1052;421;71.42;75.00;-2110.0;2210.0
19:00;20:00;25;20;1473;1296;177;87.98;88.89;-600.0;860.0
19:00;20:00;30;10;1473;655;818;44.47;50.00;-3260.0;3320.0
19:00;20:00;30;15;1473;919;554;62.39;66.67;-2835.0;3075.0
19:00;20:00;30;20;1473;1142;331;77.53;80.00;-1820.0;2100.0
19:00;20:00;30;25;1473;1324;149;89.88;90.91;-830.0;1215.0
19:00;20:00;35;10;1473;580;893;39.38;44.44;-3360.0;3410.0
19:00;20:00;35;15;1473;823;650;55.87;60.00;-3040.0;3310.0
19:00;20:00;35;20;1473;1032;441;70.06;72.73;-2160.0;2590.0
19:00;20:00;35;25;1473;1212;261;82.28;83.33;-930.0;1490.0
19:00;20:00;35;30;1473;1356;117;92.06;92.31;-240.0;620.0
19:00;20:00;40;10;1473;520;953;35.30;40.00;-3460.0;3520.0
19:00;20:00;40;15;1473;749;724;50.85;54.55;-2995.0;3260.0
19:00;20:00;40;20;1473;948;525;64.36;66.67;-2040.0;2300.0
19:00;20:00;40;25;1473;1122;351;76.17;76.92;-720.0;1500.0
19:00;20:00;40;30;1473;1261;212;85.61;85.71;-110.0;760.0
19:00;20:00;45;10;1473;464;1009;31.50;36.36;-3940.0;4020.0
19:00;20:00;45;15;1473;681;792;46.23;50.00;-3330.0;3690.0
19:00;20:00;45;20;1473;875;598;59.40;61.54;-2045.0;2560.0
19:00;20:00;45;25;1473;1046;427;71.01;71.43;-430.0;1600.0
19:00;20:00;45;30;1473;1180;293;80.11;80.00;120.0;735.0
19:00;20:00;50;10;1472;420;1052;28.53;33.33;-4240.0;4280.0
19:00;20:00;50;15;1472;622;850;42.26;46.15;-3730.0;4065.0
19:00;20:00;50;20;1472;806;666;54.76;57.14;-2460.0;3070.0
19:00;20:00;50;25;1471;974;497;66.21;66.67;-500.0;1725.0
19:00;20:00;50;30;1471;1106;365;75.19;75.00;220.0;1180.0
20:00;21:00;20;10;1473;839;634;56.96;66.67;-4290.0;4310.0
20:00;21:00;20;15;1473;1228;245;83.37;85.71;-1210.0;1245.0
20:00;21:00;25;10;1473;666;807;45.21;57.14;-6150.0;6180.0
20:00;21:00;25;15;1473;1017;456;69.04;75.00;-3510.0;3560.0
20:00;21:00;25;20;1473;1257;216;85.34;88.89;-2355.0;2485.0
20:00;21:00;30;10;1473;580;893;39.38;50.00;-6260.0;6300.0
20:00;21:00;30;15;1473;900;573;61.10;66.67;-3690.0;3735.0
20:00;21:00;30;20;1473;1130;343;76.71;80.00;-2420.0;2710.0
20:00;21:00;30;25;1473;1342;131;91.11;90.91;160.0;485.0
20:00;21:00;35;10;1473;515;958;34.96;44.44;-6285.0;6335.0
20:00;21:00;35;15;1473;804;669;54.58;60.00;-3990.0;4180.0
20:00;21:00;35;20;1473;1016;457;68.97;72.73;-3040.0;3620.0
20:00;21:00;35;25;1473;1216;257;82.55;83.33;-690.0;1460.0
20:00;21:00;35;30;1473;1349;124;91.58;92.31;-695.0;1210.0
20:00;21:00;40;10;1472;456;1016;30.98;40.00;-6640.0;6670.0
20:00;21:00;40;15;1472;729;743;49.52;54.55;-4065.0;4275.0
20:00;21:00;40;20;1472;932;540;63.32;66.67;-2960.0;3560.0
20:00;21:00;40;25;1472;1132;340;76.90;76.92;-20.0;1105.0
20:00;21:00;40;30;1472;1264;208;85.87;85.71;160.0;1090.0
20:00;21:00;45;10;1472;420;1052;28.53;36.36;-6340.0;6395.0
20:00;21:00;45;15;1472;675;797;45.86;50.00;-3660.0;3930.0
20:00;21:00;45;20;1472;871;601;59.17;61.54;-2265.0;3015.0
20:00;21:00;45;25;1472;1061;411;72.08;71.43;670.0;1090.0
20:00;21:00;45;30;1472;1192;280;80.98;80.00;1080.0;840.0
20:00;21:00;50;10;1472;388;1084;26.36;33.33;-6160.0;6260.0
20:00;21:00;50;15;1472;625;847;42.46;46.15;-3535.0;3755.0
20:00;21:00;50;20;1472;812;660;55.16;57.14;-2040.0;2540.0
20:00;21:00;50;25;1472;993;479;67.46;66.67;875.0;1100.0
20:00;21:00;50;30;1471;1120;351;76.14;75.00;1340.0;720.0
21:00;22:00;20;10;138;90;48;65.22;66.67;-60.0;190.0
21:00;22:00;20;15;138;115;23;83.33;85.71;-115.0;280.0
21:00;22:00;25;10;138;76;62;55.07;57.14;-100.0;275.0
21:00;22:00;25;15;138;101;37;73.19;75.00;-100.0;280.0
21:00;22:00;25;20;138;126;12;91.30;88.89;150.0;115.0
21:00;22:00;30;10;138;66;72;47.83;50.00;-120.0;240.0
21:00;22:00;30;15;138;88;50;63.77;66.67;-180.0;330.0
21:00;22:00;30;20;138;112;26;81.16;80.00;80.0;140.0
21:00;22:00;30;25;138;124;14;89.86;90.91;-80.0;140.0
21:00;22:00;35;10;137;60;77;43.80;44.44;-40.0;200.0
21:00;22:00;35;15;137;80;57;58.39;60.00;-110.0;220.0
21:00;22:00;35;20;137;101;36;73.72;72.73;75.0;170.0
21:00;22:00;35;25;137;113;24;82.48;83.33;-70.0;180.0
21:00;22:00;35;30;137;126;11;91.97;92.31;-30.0;160.0
21:00;22:00;40;10;137;56;81;40.88;40.00;60.0;200.0
21:00;22:00;40;15;137;74;63;54.01;54.55;-40.0;250.0
21:00;22:00;40;20;137;94;43;68.61;66.67;160.0;240.0
21:00;22:00;40;25;137;107;30;78.10;76.92;105.0;220.0
21:00;22:00;40;30;137;118;19;86.13;85.71;40.0;280.0
21:00;22:00;45;10;137;47;90;34.31;36.36;-155.0;345.0
21:00;22:00;45;15;137;64;73;46.72;50.00;-270.0;480.0
21:00;22:00;45;20;137;84;53;61.31;61.54;-20.0;400.0
21:00;22:00;45;25;137;93;44;67.88;71.43;-340.0;450.0
21:00;22:00;45;30;137;105;32;76.64;80.00;-345.0;555.0
21:00;22:00;50;10;137;43;94;31.39;33.33;-160.0;380.0
21:00;22:00;50;15;137;61;76;44.53;46.15;-145.0;475.0
21:00;22:00;50;20;137;81;56;59.12;57.14;190.0;320.0
21:00;22:00;50;25;137;90;47;65.69;66.67;-100.0;375.0
21:00;22:00;50;30;137;102;35;74.45;75.00;-60.0;460.0
22:00;23:00;20;10;1147;778;369;67.83;66.67;400.0;520.0
22:00;23:00;20;15;1147;984;163;85.79;85.71;30.0;480.0
22:00;23:00;25;10;1147;661;486;57.63;57.14;195.0;780.0
22:00;23:00;25;15;1147;842;305;73.41;75.00;-730.0;1040.0
22:00;23:00;25;20;1147;1001;146;87.27;88.89;-835.0;1065.0
22:00;23:00;30;10;1147;584;563;50.92;50.00;420.0;860.0
22:00;23:00;30;15;1147;753;394;65.65;66.67;-525.0;975.0
22:00;23:00;30;20;1147;895;252;78.03;80.00;-1130.0;1520.0
22:00;23:00;30;25;1147;1035;112;90.24;90.91;-425.0;790.0
22:00;23:00;35;10;1146;520;626;45.38;44.44;480.0;790.0
22:00;23:00;35;15;1146;676;470;58.99;60.00;-580.0;1050.0
22:00;23:00;35;20;1146;812;334;70.86;72.73;-1180.0;1700.0
22:00;23:00;35;25;1146;943;203;82.29;83.33;-720.0;1260.0
22:00;23:00;35;30;1146;1053;93;91.88;92.31;-315.0;795.0
22:00;23:00;40;10;1146;459;687;40.05;40.00;30.0;780.0
22:00;23:00;40;15;1146;606;540;52.88;54.55;-1050.0;1495.0
22:00;23:00;40;20;1146;737;409;64.31;66.67;-1620.0;2100.0
22:00;23:00;40;25;1146;868;278;75.74;76.92;-880.0;1505.0
22:00;23:00;40;30;1146;977;169;85.25;85.71;-370.0;1120.0
22:00;23:00;45;10;1146;410;736;35.78;36.36;-370.0;1010.0
22:00;23:00;45;15;1146;554;592;48.34;50.00;-1140.0;1590.0
22:00;23:00;45;20;1146;679;467;59.25;61.54;-1705.0;2050.0
22:00;23:00;45;25;1146;801;345;69.90;71.43;-1230.0;1650.0
22:00;23:00;45;30;1145;906;239;79.13;80.00;-750.0;1035.0
22:00;23:00;50;10;1146;378;768;32.98;33.33;-240.0;1060.0
22:00;23:00;50;15;1146;517;629;45.11;46.15;-775.0;1325.0
22:00;23:00;50;20;1146;635;511;55.41;57.14;-1390.0;1930.0
22:00;23:00;50;25;1146;749;397;65.36;66.67;-1125.0;1675.0
22:00;23:00;50;30;1145;852;293;74.41;75.00;-540.0;1140.0
23:00;00:00;20;10;1181;819;362;69.35;66.67;950.0;330.0
23:00;00:00;20;15;1181;1015;166;85.94;85.71;95.0;400.0
23:00;00:00;25;10;1181;709;472;60.03;57.14;1195.0;440.0
23:00;00:00;25;15;1181;883;298;74.77;75.00;-110.0;730.0
23:00;00:00;25;20;1181;1046;135;88.57;88.89;-170.0;630.0
23:00;00:00;30;10;1181;612;569;51.82;50.00;860.0;440.0
23:00;00:00;30;15;1181;777;404;65.79;66.67;-465.0;1005.0
23:00;00:00;30;20;1181;926;255;78.41;80.00;-940.0;1260.0
23:00;00:00;30;25;1181;1060;121;89.75;90.91;-750.0;1055.0
23:00;00:00;35;10;1181;533;648;45.13;44.44;365.0;615.0
23:00;00:00;35;15;1181;692;489;58.59;60.00;-830.0;1370.0
23:00;00:00;35;20;1181;834;347;70.62;72.73;-1370.0;1915.0
23:00;00:00;35;25;1181;966;215;81.80;83.33;-1090.0;1770.0
23:00;00:00;35;30;1181;1083;98;91.70;92.31;-465.0;1015.0
23:00;00:00;40;10;1180;467;713;39.58;40.00;-250.0;760.0
23:00;00:00;40;15;1180;616;564;52.20;54.55;-1520.0;1785.0
23:00;00:00;40;20;1180;760;420;64.41;66.67;-1600.0;2000.0
23:00;00:00;40;25;1180;887;293;75.17;76.92;-1345.0;1660.0
23:00;00:00;40;30;1180;999;181;84.66;85.71;-870.0;1170.0
23:00;00:00;45;10;1180;431;749;36.53;36.36;105.0;805.0
23:00;00:00;45;15;1180;572;608;48.47;50.00;-1080.0;1410.0
23:00;00:00;45;20;1180;710;470;60.17;61.54;-1050.0;1725.0
23:00;00:00;45;25;1180;833;347;70.59;71.43;-690.0;1430.0
23:00;00:00;45;30;1180;940;240;79.66;80.00;-300.0;1125.0
23:00;00:00;50;10;1180;394;786;33.39;33.33;40.0;900.0
23:00;00:00;50;15;1180;532;648;45.08;46.15;-820.0;1680.0
23:00;00:00;50;20;1180;663;517;56.19;57.14;-790.0;1790.0
23:00;00:00;50;25;1179;781;398;66.24;66.67;-375.0;1450.0
23:00;00:00;50;30;1179;887;292;75.23;75.00;220.0;1080.0
