rank,a1Minutes,a2Minutes,stopLossPips,takeProfitPips,riskPercent,deposit,finalEquity,returnPercent,maxDrawdownPercent,entries,pips,pipsPerEntry,winRate,doubleWin,mixed,doubleLoss
1,120,1440,20,90,0.50,100000,508502,408.5,24.59,2025,7245.0,3.578,0.2044,0,828,1197
2,90,1530,25,100,0.50,100000,459182,359.2,21.01,1680,8273.0,4.924,0.2253,0,757,923
3,120,1440,20,100,0.45,100000,435482,335.5,24.68,1877,7252.2,3.864,0.1886,0,708,1169
4,90,1500,25,100,0.50,100000,434198,334.2,19.84,1683,7993.8,4.750,0.2246,0,756,927
5,300,1410,25,100,0.50,100000,432930,332.9,20.57,1635,7961.0,4.869,0.2251,0,736,899
6,90,1680,20,90,0.45,100000,395020,295.0,24.89,1923,6737.8,3.504,0.2041,0,785,1138
7,90,1680,20,95,0.45,100000,392566,292.6,23.82,1854,6734.4,3.632,0.1958,0,726,1128
8,90,1500,25,95,0.50,100000,378322,278.3,18.60,1761,7284.6,4.137,0.2314,0,815,946
9,30,1740,25,95,0.50,100000,374047,274.0,19.65,1725,7215.0,4.183,0.2316,0,799,926
10,120,1440,20,95,0.40,100000,369667,269.7,23.89,1955,7153.0,3.659,0.1959,0,766,1189
11,60,1680,25,100,0.50,100000,368261,268.3,22.27,1641,7152.6,4.359,0.2230,0,732,909
12,90,1440,25,95,0.50,100000,363543,263.5,20.63,1795,7097.0,3.954,0.2306,0,828,967
13,90,1530,25,95,0.50,100000,359435,259.4,22.99,1759,7027.4,3.995,0.2308,0,812,947
14,90,1320,30,95,0.50,100000,358264,258.3,16.02,1656,8196.6,4.950,0.2654,0,879,777
15,90,1470,25,100,0.50,100000,357432,257.4,18.71,1697,7024.2,4.139,0.2222,0,754,943
16,300,1440,25,100,0.50,100000,356871,256.9,21.13,1603,6980.8,4.355,0.2230,0,715,888
17,90,1470,25,95,0.50,100000,355257,255.3,19.13,1781,6976.6,3.917,0.2305,0,821,960
18,90,1680,20,100,0.45,100000,349722,249.7,24.70,1797,6244.2,3.475,0.1870,0,672,1125
19,90,1590,20,100,0.45,100000,347971,248.0,24.96,1855,6243.0,3.365,0.1865,0,692,1163
20,90,1590,20,95,0.45,100000,345407,245.4,22.97,1909,6182.4,3.239,0.1941,0,741,1168
21,90,1440,20,95,0.45,100000,344470,244.5,23.81,2025,6210.0,3.067,0.1933,0,783,1242
22,90,1650,25,95,0.50,100000,341405,241.4,22.79,1655,6733.0,4.068,0.2311,0,765,890
23,90,1440,25,100,0.50,100000,337632,237.6,22.49,1717,6746.2,3.929,0.2213,0,760,957
24,120,1410,20,100,0.45,100000,337397,237.4,23.79,1933,6133.8,3.173,0.1857,0,718,1215
25,390,1410,25,100,0.50,100000,336259,236.3,19.34,1616,6687.6,4.138,0.2222,0,718,898
26,90,1590,20,90,0.45,100000,332377,232.4,23.41,1981,5986.6,3.022,0.2019,0,800,1181
27,90,1530,30,95,0.50,100000,323148,223.1,16.92,1583,7553.8,4.772,0.2647,0,838,745
28,90,1320,30,100,0.50,100000,323130,223.1,15.06,1587,7598.2,4.788,0.2546,0,808,779
29,120,1440,20,85,0.45,100000,321038,221.0,24.13,2104,5819.4,2.766,0.2103,0,885,1219
30,30,1770,25,95,0.50,100000,320631,220.6,16.30,1726,6443.6,3.733,0.2297,0,793,933
31,360,1440,25,100,0.50,100000,319660,219.7,18.61,1604,6429.4,4.008,0.2216,0,711,893
32,90,1740,20,100,0.50,100000,319606,219.6,23.42,1800,5400.0,3.000,0.1850,0,666,1134
33,120,1470,25,95,0.50,100000,317047,217.0,19.57,1741,6392.6,3.672,0.2295,0,799,942
34,90,1560,20,95,0.45,100000,316231,216.2,24.60,1957,5805.2,2.966,0.1929,0,755,1202
35,360,1440,25,95,0.50,100000,312537,212.5,18.86,1645,6287.0,3.822,0.2301,0,757,888
36,240,2010,25,100,0.50,100000,311359,211.4,23.27,1411,6224.6,4.411,0.2232,0,630,781
37,30,1740,25,100,0.50,100000,311037,211.0,21.13,1667,6316.2,3.789,0.2208,0,736,931
38,90,1980,20,95,0.50,100000,310651,210.7,23.80,1771,5225.6,2.951,0.1928,0,683,1088
39,90,1650,20,95,0.45,100000,310019,210.0,24.77,1893,5694.8,3.008,0.1931,0,731,1162
40,30,1740,25,90,0.50,100000,309727,209.7,23.68,1787,6243.2,3.494,0.2387,0,853,934
41,240,1770,25,100,0.50,100000,309416,209.4,23.83,1513,6231.8,4.119,0.2221,0,672,841
42,90,1530,30,100,0.50,100000,308267,208.3,20.32,1520,7292.0,4.797,0.2546,0,774,746
43,90,1470,25,90,0.50,100000,307676,207.7,18.89,1841,6227.6,3.383,0.2382,0,877,964
44,120,1350,20,100,0.50,100000,304639,204.6,21.85,1951,5268.6,2.700,0.1838,0,717,1234
45,60,1710,20,95,0.40,100000,303639,203.6,24.35,1918,6154.8,3.209,0.1940,0,744,1174
46,90,1290,30,100,0.50,100000,302804,202.8,18.13,1627,7222.2,4.439,0.2532,0,824,803
47,90,1680,25,90,0.50,100000,302245,202.2,23.76,1716,6097.6,3.553,0.2389,0,820,896
48,60,1680,25,95,0.50,100000,300773,200.8,21.56,1709,6117.4,3.580,0.2291,0,783,926
49,90,1950,20,100,0.45,100000,299824,199.8,23.80,1733,5533.8,3.193,0.1858,0,644,1089
50,90,1470,30,95,0.50,100000,298545,198.5,21.77,1615,7089.0,4.389,0.2632,0,850,765
51,240,1830,25,100,0.50,100000,298473,198.5,17.51,1502,6047.2,4.026,0.2217,0,666,836
52,60,1710,20,100,0.40,100000,296678,196.7,22.93,1845,6057.0,3.283,0.1862,0,687,1158
53,60,1560,25,95,0.50,100000,295763,195.8,23.33,1757,6050.2,3.443,0.2285,0,803,954
54,90,1290,30,95,0.50,100000,295426,195.4,14.91,1695,7052.0,4.160,0.2622,0,889,806
55,90,1440,30,95,0.50,100000,293298,193.3,19.79,1639,6990.4,4.265,0.2627,0,861,778
56,300,1410,30,100,0.50,100000,291551,191.6,16.20,1477,6942.2,4.700,0.2542,0,751,726
57,30,1770,25,90,0.50,100000,291429,191.4,19.69,1784,5937.4,3.328,0.2379,0,849,935
58,420,1290,30,95,0.50,100000,291185,191.2,15.06,1583,6928.8,4.377,0.2631,0,833,750
59,90,1680,25,95,0.50,100000,289641,189.6,24.63,1657,5910.2,3.567,0.2290,0,759,898
60,120,1410,20,90,0.50,100000,288317,188.3,23.90,2069,4983.4,2.409,0.1991,0,824,1245
61,60,990,20,100,0.35,100000,287111,187.1,24.73,2276,6693.6,2.941,0.1848,0,841,1435
62,90,1740,20,95,0.45,100000,285417,185.4,24.72,1855,5313.0,2.864,0.1925,0,714,1141
63,90,1380,30,95,0.50,100000,284239,184.2,17.09,1638,6801.8,4.153,0.2622,0,859,779
64,120,1470,20,95,0.40,100000,283669,183.7,23.33,1951,5823.6,2.985,0.1930,0,753,1198
65,120,600,35,100,0.50,100000,282238,182.2,20.75,1781,7836.6,4.400,0.2807,0,1000,781
66,1650,1740,25,95,0.50,100000,281344,181.3,24.55,1683,5773.8,3.431,0.2285,0,769,914
67,240,1980,25,95,0.50,100000,281203,181.2,21.44,1479,5699.4,3.854,0.2302,0,681,798
68,270,1770,25,100,0.50,100000,280735,180.7,23.51,1520,5747.0,3.781,0.2207,0,671,849
69,90,1620,25,95,0.45,100000,280597,180.6,23.92,1671,6270.6,3.753,0.2298,0,768,903
70,90,1650,20,85,0.50,100000,280199,180.2,23.55,1997,4789.2,2.398,0.2086,0,833,1164
71,30,1800,25,95,0.50,100000,279785,179.8,20.20,1716,5757.6,3.355,0.2281,0,783,933
72,240,2040,20,100,0.40,100000,279687,179.7,23.56,1576,5673.6,3.600,0.1875,0,591,985
73,90,1350,30,95,0.50,100000,278379,178.4,16.66,1638,6676.8,4.076,0.2619,0,858,780
74,90,1320,30,90,0.50,100000,277595,177.6,18.06,1727,6642.2,3.846,0.2719,0,939,788
75,90,1530,20,100,0.40,100000,277336,177.3,23.99,1902,5737.2,3.016,0.1851,0,704,1198
76,240,1980,25,100,0.50,100000,276921,176.9,20.61,1432,5645.2,3.942,0.2214,0,634,798
77,60,2070,20,100,0.40,100000,276640,176.6,24.68,1747,5674.2,3.248,0.1860,0,650,1097
78,90,1650,20,90,0.45,100000,276329,176.3,24.83,1948,5152.8,2.645,0.2002,0,780,1168
79,90,1290,25,95,0.50,100000,276227,176.2,23.93,1861,5744.6,3.087,0.2270,0,845,1016
80,330,1500,20,100,0.45,100000,276185,176.2,23.00,1782,5185.2,2.910,0.1846,0,658,1124
81,90,1290,25,100,0.50,100000,274909,174.9,22.90,1790,5744.0,3.209,0.2184,0,782,1008
82,90,1440,20,100,0.40,100000,274792,174.8,22.87,1952,5707.2,2.924,0.1847,0,721,1231
83,60,1680,30,100,0.50,100000,272768,172.8,21.65,1494,6548.4,4.383,0.2530,0,756,738
84,360,1290,25,100,0.50,100000,272707,172.7,18.91,1658,5653.8,3.410,0.2192,0,727,931
85,90,1590,25,95,0.50,100000,270721,170.7,24.41,1696,5585.6,3.293,0.2279,0,773,923
86,120,1380,25,100,0.45,100000,269772,169.8,23.32,1710,6106.0,3.571,0.2199,0,752,958
87,90,1650,25,70,0.50,100000,269254,169.3,19.00,2002,5397.2,2.696,0.2847,0,1140,862
88,120,1410,20,95,0.45,100000,269200,169.2,24.52,1999,5101.4,2.552,0.1911,0,764,1235
89,180,1770,20,100,0.50,100000,268828,168.8,24.62,1742,4681.2,2.687,0.1837,0,640,1102
90,60,1680,20,100,0.40,100000,267401,167.4,23.47,1869,5543.4,2.966,0.1849,0,691,1178
91,90,1920,20,100,0.40,100000,266747,166.7,24.37,1737,5488.2,3.160,0.1857,0,645,1092
92,90,1650,25,90,0.45,100000,266103,166.1,23.60,1710,5946.0,3.477,0.2386,0,816,894
93,90,1650,20,70,0.50,100000,265933,165.9,21.48,2231,4476.6,2.007,0.2411,0,1076,1155
94,90,1470,30,100,0.50,100000,265913,165.9,23.15,1547,6414.2,4.146,0.2521,0,780,767
95,90,1500,25,90,0.50,100000,265892,165.9,23.98,1824,5491.4,3.011,0.2366,0,863,961
96,60,1710,25,100,0.40,100000,265846,165.8,24.28,1632,6615.2,4.053,0.2218,0,724,908
97,90,1710,25,95,0.50,100000,265784,165.8,20.70,1663,5481.8,3.296,0.2279,0,758,905
98,120,1290,25,100,0.50,100000,265546,165.5,23.19,1733,5548.8,3.202,0.2184,0,757,976
99,120,1290,30,100,0.50,100000,265194,165.2,18.53,1562,6403.2,4.099,0.2519,0,787,775
100,330,1350,25,100,0.50,100000,264853,164.9,23.94,1656,5506.6,3.325,0.2189,0,725,931
101,90,1650,25,100,0.50,100000,264824,164.8,21.35,1586,5479.6,3.455,0.2194,0,696,890
102,90,1680,20,75,0.45,100000,264761,164.8,23.59,2129,4864.4,2.285,0.2299,0,979,1150
103,270,1890,25,100,0.50,100000,264685,164.7,23.36,1475,5435.0,3.685,0.2203,0,650,825
104,30,1890,25,100,0.50,100000,264466,164.5,22.26,1632,5490.2,3.364,0.2191,0,715,917
105,240,1800,25,100,0.50,100000,264133,164.1,20.51,1509,5437.4,3.603,0.2200,0,664,845
106,30,1770,25,100,0.50,100000,263915,163.9,17.28,1666,5492.6,3.297,0.2188,0,729,937
107,60,1500,40,100,0.50,100000,263505,163.5,17.01,1319,8133.4,6.166,0.3127,0,825,494
108,60,2010,30,100,0.50,100000,263484,163.5,21.81,1390,6304.0,4.535,0.2536,0,705,685
109,30,1950,20,100,0.50,100000,262888,162.9,24.82,1836,4629.6,2.522,0.1830,0,672,1164
110,300,1410,25,90,0.50,100000,262480,162.5,24.69,1763,5406.8,3.067,0.2368,0,835,928
111,330,1530,30,95,0.50,100000,261900,161.9,19.23,1488,6261.8,4.208,0.2624,0,781,707
112,180,1710,30,95,0.50,100000,261832,161.8,18.71,1486,6259.6,4.212,0.2624,0,780,706
113,90,1440,35,95,0.50,100000,261641,161.6,15.27,1509,7177.4,4.756,0.2929,0,884,625
114,90,1980,20,90,0.45,100000,261198,161.2,23.92,1809,4857.4,2.685,0.2004,0,725,1084
115,300,2070,30,95,0.50,100000,261136,161.1,22.08,1304,6184.4,4.743,0.2646,0,690,614
116,90,1500,40,100,0.50,100000,259687,159.7,13.69,1317,8016.2,6.087,0.3125,0,823,494
117,480,1470,25,100,0.50,100000,259678,159.7,19.61,1571,5375.6,3.422,0.2193,0,689,882
118,120,1440,25,90,0.40,100000,259387,159.4,23.59,1819,6438.4,3.540,0.2389,0,869,950
119,90,1560,20,100,0.35,100000,259269,159.3,22.65,1887,5998.2,3.179,0.1857,0,701,1186
120,120,1500,20,95,0.35,100000,257830,157.8,23.09,1937,5943.2,3.068,0.1933,0,749,1188
121,90,1710,25,100,0.50,100000,256928,156.9,21.76,1601,5333.6,3.331,0.2189,0,701,900
122,30,1590,30,95,0.50,100000,255662,155.7,23.00,1624,6161.4,3.794,0.2608,0,847,777
123,180,2130,30,100,0.50,100000,255343,155.3,24.88,1292,6081.2,4.707,0.2543,0,657,635
124,30,1770,20,90,0.45,100000,253596,153.6,24.87,2031,4796.6,2.362,0.1989,0,808,1223
125,60,1650,25,95,0.50,100000,253265,153.3,23.08,1721,5260.6,3.057,0.2269,0,781,940
126,360,1230,30,95,0.50,100000,252850,152.8,19.13,1619,6093.4,3.764,0.2607,0,844,775
127,120,600,40,100,0.50,100000,252619,152.6,21.08,1647,7894.2,4.793,0.3078,0,1014,633
128,90,1350,30,90,0.50,100000,252600,152.6,18.01,1707,6070.2,3.556,0.2707,0,924,783
129,360,1260,30,95,0.50,100000,252393,152.4,22.61,1605,6078.0,3.787,0.2607,0,837,768
130,90,1620,25,100,0.45,100000,252261,152.3,24.15,1623,5702.8,3.514,0.2197,0,713,910
131,510,1440,25,100,0.50,100000,251936,151.9,18.04,1586,5229.6,3.297,0.2188,0,694,892
132,360,1290,25,95,0.50,100000,251488,151.5,24.69,1724,5226.4,3.032,0.2268,0,782,942
133,90,840,25,100,0.50,100000,251310,151.3,22.86,2057,5395.2,2.623,0.2161,0,889,1168
134,90,1350,25,95,0.40,100000,251250,151.3,22.75,1804,6274.4,3.478,0.2287,0,825,979
135,210,1920,20,95,0.45,100000,250193,150.2,23.53,1690,4669.0,2.763,0.1920,0,649,1041
136,300,1470,25,100,0.50,100000,249971,150.0,19.89,1594,5193.4,3.258,0.2186,0,697,897
137,30,1950,20,95,0.45,100000,249887,149.9,24.87,1894,4733.4,2.499,0.1909,0,723,1171
138,390,1410,25,95,0.45,100000,249672,149.7,24.55,1665,5619.0,3.375,0.2282,0,760,905
139,120,1470,20,90,0.40,100000,249336,149.3,23.61,2025,5155.0,2.546,0.1998,0,809,1216
140,60,1650,25,100,0.50,100000,248489,148.5,23.69,1667,5191.2,3.114,0.2181,0,727,940
141,30,1590,30,90,0.50,100000,248440,148.4,23.70,1695,5967.0,3.520,0.2705,0,917,778
142,330,1440,25,100,0.50,100000,248385,148.4,22.15,1626,5173.6,3.182,0.2183,0,710,916
143,240,1770,25,95,0.50,100000,248216,148.2,22.86,1556,5101.6,3.279,0.2278,0,709,847
144,450,1350,35,100,0.50,100000,248001,148.0,14.33,1372,6799.2,4.956,0.2828,0,776,596
145,180,1710,20,95,0.40,100000,247906,147.9,24.64,1799,5101.4,2.836,0.1923,0,692,1107
146,330,1500,30,100,0.50,100000,247846,147.8,18.92,1457,5960.2,4.091,0.2519,0,734,723
147,330,1530,30,100,0.50,100000,247713,147.7,16.52,1436,5949.6,4.143,0.2521,0,724,712
148,120,1350,20,95,0.50,100000,247636,147.6,22.63,2024,4411.4,2.180,0.1895,0,767,1257
149,90,1680,25,75,0.50,100000,247462,147.5,22.09,1922,5009.2,2.606,0.2700,0,1038,884
150,90,1440,25,90,0.50,100000,247362,147.4,20.64,1851,5138.6,2.776,0.2355,0,872,979
151,270,1890,45,100,0.50,100000,247132,147.1,11.41,1085,8421.0,7.761,0.3419,0,742,343
152,480,1470,25,95,0.50,100000,247095,147.1,23.05,1626,5103.6,3.139,0.2272,0,739,887
153,210,1680,20,100,0.40,100000,247004,147.0,24.90,1752,5107.2,2.915,0.1846,0,647,1105
154,330,1500,25,100,0.50,100000,246963,147.0,19.60,1600,5135.0,3.209,0.2184,0,699,901
155,120,1470,30,95,0.50,100000,246807,146.8,20.84,1593,5939.8,3.729,0.2605,0,830,763
156,60,2010,20,100,0.45,100000,246621,146.6,23.19,1751,4668.6,2.666,0.1836,0,643,1108
157,450,1320,30,90,0.50,100000,246554,146.6,19.77,1616,5897.6,3.650,0.2710,0,876,740
158,1650,1740,25,100,0.45,100000,245889,145.9,24.77,1633,5563.8,3.407,0.2192,0,716,917
159,90,1650,20,80,0.50,100000,245485,145.5,24.33,2067,4226.2,2.045,0.2172,0,898,1169
160,30,1830,25,95,0.45,100000,245448,145.4,24.04,1697,5534.2,3.261,0.2278,0,773,924
161,240,1770,25,90,0.50,100000,245383,145.4,21.63,1605,5018.0,3.126,0.2371,0,761,844
162,510,1440,25,95,0.50,100000,245251,145.3,16.58,1636,5069.6,3.099,0.2271,0,743,893
163,90,1440,30,100,0.50,100000,245173,145.2,21.56,1557,5930.2,3.809,0.2508,0,781,776
164,60,1560,25,100,0.45,100000,244517,144.5,23.25,1694,5553.4,3.278,0.2187,0,741,953
165,510,1320,25,95,0.50,100000,244364,144.4,20.14,1692,5071.2,2.997,0.2267,0,767,925
166,1860,1890,40,100,0.50,100000,244208,144.2,18.46,1347,7534.2,5.593,0.3107,0,837,510
167,90,1500,40,95,0.50,100000,243736,143.7,10.52,1384,7492.4,5.414,0.3215,0,890,494
168,90,1380,30,90,0.50,100000,243243,143.2,18.81,1699,5841.4,3.438,0.2702,0,918,781
169,450,1320,30,95,0.50,100000,243087,143.1,20.39,1556,5836.6,3.751,0.2606,0,811,745
170,150,1170,20,100,0.35,100000,242576,142.6,22.56,2066,5667.6,2.743,0.1839,0,760,1306
171,330,1500,20,95,0.50,100000,242085,142.1,23.69,1828,4245.8,2.323,0.1901,0,695,1133
172,120,1470,20,100,0.40,100000,242009,142.0,23.11,1881,5046.6,2.683,0.1837,0,691,1190
173,120,1470,25,100,0.45,100000,240963,141.0,24.37,1669,5463.4,3.273,0.2187,0,730,939
174,60,1470,40,90,0.50,100000,240878,140.9,13.37,1476,7383.6,5.002,0.3323,0,981,495
175,240,2010,25,95,0.50,100000,240688,140.7,23.86,1450,4910.0,3.386,0.2283,0,662,788
176,360,1410,35,100,0.50,100000,240347,140.3,14.13,1360,6576.0,4.835,0.2824,0,768,592
177,120,1380,25,90,0.50,100000,240077,140.1,24.90,1845,4987.0,2.703,0.2352,0,868,977
178,60,1470,40,100,0.50,100000,239988,140.0,12.53,1323,7387.8,5.584,0.3107,0,822,501
179,570,1230,25,95,0.50,100000,239938,139.9,22.32,1710,4986.0,2.916,0.2263,0,774,936
180,90,1680,20,80,0.40,100000,239907,139.9,23.59,2044,4878.4,2.387,0.2189,0,895,1149
181,120,1410,25,100,0.40,100000,239158,139.2,24.53,1698,5972.8,3.518,0.2197,0,746,952
182,30,1620,40,100,0.50,100000,238941,138.9,14.35,1320,7352.0,5.570,0.3106,0,820,500
183,2220,2370,25,95,0.50,100000,238676,138.7,19.77,1474,4876.4,3.308,0.2280,0,672,802
184,60,3360,25,100,0.50,100000,238623,138.6,18.88,1275,4840.0,3.796,0.2208,0,563,712
185,450,1320,25,90,0.50,100000,237762,137.8,16.23,1737,4903.2,2.823,0.2358,0,819,918
186,300,1410,25,95,0.40,100000,237584,137.6,23.52,1697,5894.2,3.473,0.2286,0,776,921
187,270,1770,25,95,0.50,100000,237490,137.5,24.15,1551,4878.6,3.145,0.2273,0,705,846
188,120,1380,25,95,0.50,100000,237179,137.2,22.90,1783,4953.8,2.778,0.2257,0,805,978
189,120,1440,30,95,0.50,100000,236920,136.9,16.96,1599,5696.4,3.562,0.2598,0,831,768
190,180,1710,30,100,0.50,100000,236444,136.4,22.65,1430,5668.0,3.964,0.2514,0,719,711
191,30,2010,20,100,0.35,100000,235676,135.7,22.73,1808,5428.8,3.003,0.1850,0,669,1139
192,90,1950,20,95,0.35,100000,235256,135.3,23.75,1784,5377.4,3.014,0.1931,0,689,1095
193,2220,2370,25,100,0.50,100000,234967,135.0,24.58,1431,4821.6,3.369,0.2191,0,627,804
194,210,1920,20,100,0.40,100000,234425,134.4,24.21,1649,4811.4,2.918,0.1847,0,609,1040
195,90,1530,20,95,0.40,100000,234352,134.4,23.37,1985,4876.0,2.456,0.1907,0,757,1228
196,120,960,20,100,0.35,100000,234326,134.3,24.75,2255,5523.0,2.449,0.1827,0,824,1431
197,90,1650,20,100,0.40,100000,234289,134.3,23.18,1813,4861.8,2.682,0.1837,0,666,1147
198,1590,1800,30,100,0.50,100000,233773,133.8,24.84,1389,5585.4,4.021,0.2516,0,699,690
199,330,1530,25,100,0.50,100000,233770,133.8,23.29,1586,4854.6,3.061,0.2178,0,691,895
200,90,1470,40,95,0.50,100000,233671,133.7,17.18,1403,7160.8,5.104,0.3204,0,899,504
201,90,1680,25,100,0.45,100000,233664,133.7,23.19,1595,5267.0,3.302,0.2188,0,698,897
202,330,1410,35,100,0.50,100000,233625,133.6,21.85,1391,6387.6,4.592,0.2815,0,783,608
203,180,2130,30,95,0.50,100000,233621,133.6,21.71,1329,5524.4,4.157,0.2622,0,697,632
204,60,1650,20,100,0.40,100000,233611,133.6,23.26,1891,4872.6,2.577,0.1832,0,693,1198
205,90,1680,25,80,0.50,100000,233561,133.6,24.19,1834,4747.4,2.589,0.2571,0,943,891
206,90,1530,30,90,0.50,100000,233399,133.4,16.74,1633,5573.8,3.413,0.2701,0,882,751
207,180,1920,30,100,0.50,100000,233395,133.4,23.69,1366,5567.6,4.076,0.2518,0,688,678
208,210,1920,25,95,0.50,100000,233160,133.2,24.88,1518,4774.8,3.145,0.2273,0,690,828
209,180,1950,25,95,0.50,100000,233054,133.1,23.99,1525,4775.0,3.131,0.2272,0,693,832
210,120,1440,25,100,0.40,100000,232965,133.0,24.91,1677,5802.2,3.460,0.2194,0,736,941
211,300,1410,30,95,0.50,100000,232927,132.9,23.23,1548,5577.8,3.603,0.2600,0,805,743
212,750,1260,30,90,0.50,100000,232060,132.1,20.33,1618,5534.8,3.421,0.2701,0,874,744
213,60,2520,30,100,0.50,100000,232011,132.0,20.62,1295,5507.0,4.253,0.2525,0,654,641
214,570,1230,25,100,0.45,100000,231997,132.0,22.87,1661,5249.6,3.161,0.2182,0,725,936
215,60,1500,40,90,0.50,100000,231937,131.9,17.30,1459,7077.4,4.851,0.3317,0,968,491
216,90,1290,35,100,0.50,100000,231920,131.9,17.73,1499,6371.4,4.250,0.2802,0,840,659
217,240,1620,35,100,0.50,100000,231813,131.8,19.06,1324,6311.4,4.767,0.2821,0,747,577
218,120,1470,25,90,0.50,100000,231635,131.6,21.67,1804,4794.4,2.658,0.2350,0,848,956
219,450,1140,30,100,0.50,100000,231624,131.6,22.49,1592,5601.2,3.518,0.2497,0,795,797
220,330,1530,35,95,0.50,100000,230945,130.9,18.49,1387,6268.2,4.519,0.2920,0,810,577
221,120,1440,30,90,0.50,100000,230768,130.8,16.69,1673,5517.8,3.298,0.2696,0,902,771
222,450,1320,25,95,0.50,100000,230640,130.6,23.67,1686,4779.6,2.835,0.2260,0,762,924
223,60,1680,30,95,0.50,100000,230543,130.5,21.39,1549,5516.4,3.561,0.2598,0,805,744
224,120,1500,30,100,0.50,100000,230501,130.5,20.88,1523,5547.8,3.643,0.2502,0,762,761
225,360,1410,35,90,0.50,100000,230400,130.4,15.26,1476,6238.6,4.227,0.3025,0,893,583
226,90,1680,25,70,0.50,100000,230397,130.4,23.43,1995,4617.0,2.314,0.2827,0,1128,867
227,1560,1770,25,95,0.50,100000,229929,129.9,22.28,1575,4725.0,3.000,0.2267,0,714,861
228,240,2040,20,95,0.40,100000,229926,129.9,24.98,1604,4664.4,2.908,0.1926,0,618,986
229,210,1920,25,100,0.50,100000,229849,129.8,22.63,1479,4729.4,3.198,0.2184,0,646,833
230,360,1290,25,90,0.50,100000,229486,129.5,23.95,1776,4738.6,2.668,0.2351,0,835,941
231,240,1890,25,100,0.50,100000,229442,129.4,22.40,1484,4722.4,3.182,0.2183,0,648,836
232,240,1860,25,95,0.45,100000,229252,129.3,23.94,1528,5100.8,3.338,0.2281,0,697,831
233,240,1980,25,90,0.50,100000,229209,129.2,24.33,1516,4647.6,3.066,0.2368,0,718,798
234,1560,1980,25,95,0.50,100000,229086,129.1,21.20,1420,4652.0,3.276,0.2278,0,647,773
235,240,1620,25,100,0.50,100000,229060,129.1,24.21,1559,4742.4,3.042,0.2178,0,679,880
236,90,1320,35,95,0.50,100000,229017,129.0,17.13,1551,6258.6,4.035,0.2901,0,900,651
237,30,1650,30,100,0.50,100000,228884,128.9,20.88,1530,5508.0,3.600,0.2500,0,765,765
238,240,1560,25,100,0.50,100000,228821,128.8,23.75,1576,4743.6,3.010,0.2176,0,686,890
239,90,1470,30,90,0.50,100000,228666,128.7,17.83,1670,5462.0,3.271,0.2695,0,900,770
240,90,1380,30,100,0.50,100000,228635,128.6,21.52,1568,5514.8,3.517,0.2497,0,783,785
241,60,2310,25,100,0.50,100000,228295,128.3,20.10,1470,4692.0,3.192,0.2184,0,642,828
242,90,1470,25,85,0.50,100000,227811,127.8,24.95,1899,4691.4,2.470,0.2449,0,930,969
243,120,1350,30,85,0.50,100000,227553,127.6,22.73,1753,5410.8,3.087,0.2804,0,983,770
244,180,2220,25,100,0.50,100000,227462,127.5,24.29,1410,4651.0,3.299,0.2188,0,617,793
245,390,1410,35,100,0.50,100000,227377,127.4,23.48,1356,6186.6,4.562,0.2813,0,763,593
246,90,1980,20,100,0.50,100000,227165,127.2,23.58,1718,3994.8,2.325,0.1822,0,626,1092
247,60,1620,25,100,0.50,100000,226990,127.0,24.63,1683,4743.8,2.819,0.2169,0,730,953
248,750,1560,30,90,0.50,100000,226873,126.9,22.12,1486,5359.6,3.607,0.2709,0,805,681
249,120,540,35,95,0.50,100000,226660,126.7,24.46,1882,6285.2,3.340,0.2875,0,1082,800
250,390,1530,25,100,0.50,100000,226469,126.5,21.62,1577,4692.2,2.975,0.2175,0,686,891
251,630,1740,20,100,0.35,100000,226265,126.3,22.60,1543,5119.8,3.318,0.1863,0,575,968
252,90,1440,35,90,0.50,100000,226245,126.2,15.35,1558,6133.8,3.937,0.3013,0,939,619
253,300,1860,45,100,0.50,100000,226238,126.2,15.88,1081,7626.6,7.055,0.3395,0,734,347
254,90,1950,20,90,0.35,100000,226200,126.2,22.16,1829,5129.4,2.804,0.2009,0,735,1094
255,180,1620,30,95,0.50,100000,226190,126.2,18.67,1482,5380.2,3.630,0.2601,0,771,711
256,90,1620,25,90,0.45,100000,226048,126.0,24.18,1732,5045.2,2.913,0.2361,0,818,914
257,120,1710,25,100,0.45,100000,226027,126.0,22.87,1572,5074.2,3.228,0.2185,0,687,885
258,240,1620,25,90,0.50,100000,225977,126.0,23.92,1673,4627.8,2.766,0.2355,0,788,885
259,120,1290,30,95,0.50,100000,225916,125.9,23.87,1634,5422.4,3.318,0.2589,0,846,788
260,90,1410,30,95,0.50,100000,225858,125.9,23.82,1632,5420.2,3.321,0.2589,0,845,787
261,30,1560,30,95,0.50,100000,225858,125.9,22.81,1632,5420.2,3.321,0.2589,0,845,787
262,120,1410,25,90,0.45,100000,225803,125.8,24.33,1830,5068.0,2.769,0.2355,0,862,968
263,90,1290,30,90,0.50,100000,225595,125.6,16.17,1753,5405.8,3.084,0.2687,0,942,811
264,360,1230,30,90,0.50,100000,225557,125.6,16.94,1683,5383.8,3.199,0.2692,0,906,777
265,1860,1890,35,100,0.45,100000,225473,125.5,23.17,1439,6740.4,4.684,0.2818,0,811,628
266,90,1650,20,75,0.50,100000,225393,125.4,23.72,2158,3853.8,1.786,0.2273,0,981,1177
267,90,1590,20,85,0.45,100000,225302,125.3,24.46,2026,4218.6,2.082,0.2071,0,839,1187
268,330,1530,25,95,0.50,100000,225152,125.2,24.45,1635,4641.0,2.839,0.2260,0,739,896
269,60,1710,25,90,0.50,100000,224771,124.8,22.00,1758,4628.8,2.633,0.2349,0,826,932
270,1650,2430,25,100,0.50,100000,224582,124.6,19.33,1235,4521.0,3.661,0.2202,0,544,691
271,330,1410,35,95,0.50,100000,224427,124.4,22.60,1446,6085.6,4.209,0.2908,0,841,605
272,30,1560,30,90,0.50,100000,224410,124.4,22.19,1701,5358.6,3.150,0.2690,0,915,786
273,390,1440,25,95,0.50,100000,224310,124.3,20.33,1640,4624.0,2.820,0.2259,0,741,899
274,390,1440,25,100,0.50,100000,224304,124.3,21.25,1590,4649.0,2.924,0.2173,0,691,899
275,240,1620,20,100,0.35,100000,224228,124.2,24.78,1740,5124.0,2.945,0.1848,0,643,1097
276,90,1530,25,90,0.45,100000,224137,124.1,24.29,1813,5021.8,2.770,0.2355,0,854,959
277,30,1770,20,95,0.35,100000,223778,123.8,24.33,1962,5138.2,2.619,0.1914,0,751,1211
278,210,1890,25,100,0.50,100000,223556,123.6,21.12,1501,4598.6,3.064,0.2179,0,654,847
279,270,1470,25,95,0.50,100000,223471,123.5,20.28,1645,4607.0,2.801,0.2258,0,743,902
280,60,1710,25,95,0.35,100000,223424,123.4,22.29,1701,6168.6,3.626,0.2293,0,780,921
281,30,1980,20,100,0.45,100000,223198,123.2,23.48,1822,4249.2,2.332,0.1822,0,664,1158
282,120,1380,20,100,0.30,100000,223153,123.2,22.18,1943,5839.8,3.006,0.1850,0,719,1224
283,300,1470,40,100,0.50,100000,223128,123.1,16.85,1277,6792.2,5.319,0.3097,0,791,486
284,90,1650,25,85,0.40,100000,222877,122.9,24.34,1754,5434.4,3.098,0.2477,0,869,885
285,360,1230,30,100,0.50,100000,222771,122.8,22.32,1560,5356.0,3.433,0.2494,0,778,782
286,90,1440,30,90,0.50,100000,222744,122.7,17.93,1692,5311.2,3.139,0.2689,0,910,782
287,90,1440,20,90,0.40,100000,222196,122.2,23.52,2089,4595.4,2.200,0.1982,0,828,1261
288,1080,1200,30,95,0.45,100000,222143,122.1,23.09,1715,5824.0,3.396,0.2592,0,889,826
289,360,1440,25,90,0.50,100000,221907,121.9,17.71,1717,4551.2,2.651,0.2350,0,807,910
290,30,1740,30,95,0.50,100000,221822,121.8,24.48,1573,5292.8,3.365,0.2591,0,815,758
291,90,1680,20,85,0.35,100000,221386,121.4,24.34,1969,5003.4,2.541,0.2092,0,824,1145
292,240,1620,35,95,0.50,100000,221368,121.4,18.34,1373,5967.8,4.347,0.2913,0,800,573
293,30,2010,20,95,0.35,100000,221124,121.1,24.26,1856,5041.6,2.716,0.1918,0,712,1144
294,30,1770,35,90,0.50,100000,221088,121.1,17.69,1487,5953.2,4.003,0.3016,0,897,590
295,90,1320,25,95,0.50,100000,220657,120.7,24.46,1841,4612.6,2.505,0.2246,0,827,1014
296,90,1440,30,85,0.50,100000,220638,120.6,19.26,1756,5226.6,2.976,0.2799,0,983,773
297,90,1560,20,90,0.40,100000,220558,120.6,24.59,2016,4537.6,2.251,0.1984,0,800,1216
298,180,1710,30,90,0.50,100000,220515,120.5,22.50,1551,5208.6,3.358,0.2698,0,837,714
299,120,1500,20,100,0.30,100000,220499,120.5,21.88,1870,5742.0,3.071,0.1853,0,693,1177
300,210,1860,25,90,0.50,100000,219503,119.5,20.09,1598,4457.8,2.790,0.2356,0,753,845
301,90,1350,25,90,0.45,100000,219475,119.5,24.61,1882,4925.2,2.617,0.2349,0,884,998
302,270,1560,45,100,0.50,100000,219403,119.4,11.26,1171,7375.6,6.299,0.3369,0,789,382
303,90,1500,35,95,0.50,100000,219201,119.2,15.19,1490,5934.0,3.983,0.2899,0,864,626
304,1620,1800,25,100,0.50,100000,219143,119.1,23.45,1515,4504.0,2.973,0.2175,0,659,856
305,90,1350,35,95,0.50,100000,218952,119.0,17.09,1530,5938.0,3.881,0.2895,0,886,644
306,30,1590,40,95,0.50,100000,218577,118.6,13.66,1393,6624.8,4.756,0.3191,0,889,504
307,90,1500,30,95,0.50,100000,218318,118.3,20.96,1611,5209.6,3.234,0.2585,0,833,778
308,210,1710,25,100,0.45,100000,218316,118.3,23.50,1525,4865.0,3.190,0.2184,0,666,859
309,60,2490,30,100,0.50,100000,217890,117.9,18.84,1299,5131.4,3.950,0.2513,0,653,646
310,270,1860,40,100,0.50,100000,217751,117.8,22.09,1168,6564.8,5.621,0.3108,0,726,442
311,90,1590,25,90,0.45,100000,217636,117.6,23.06,1765,4844.0,2.744,0.2354,0,831,934
312,30,1920,25,100,0.50,100000,217617,117.6,22.38,1605,4503.0,2.806,0.2168,0,696,909
313,450,1320,25,100,0.50,100000,217549,117.5,21.30,1634,4512.4,2.762,0.2166,0,708,926
314,30,1890,30,100,0.50,100000,217530,117.5,19.84,1476,5183.6,3.512,0.2497,0,737,739
315,60,1470,30,100,0.50,100000,217409,117.4,20.01,1575,5215.0,3.311,0.2489,0,784,791
316,180,2130,30,80,0.50,100000,217405,117.4,21.58,1459,5017.4,3.439,0.2947,0,860,599
317,180,1920,30,95,0.50,100000,217344,117.3,21.57,1415,5119.0,3.618,0.2601,0,736,679
318,210,1860,25,100,0.50,100000,217275,117.3,19.85,1511,4459.6,2.951,0.2174,0,657,854
319,270,1890,40,100,0.50,100000,217124,117.1,19.31,1158,6538.8,5.647,0.3109,0,720,438
320,30,3360,30,100,0.50,100000,216834,116.8,17.73,1190,5064.0,4.255,0.2525,0,601,589
321,60,1680,20,95,0.35,100000,216794,116.8,22.19,1936,4949.6,2.557,0.1911,0,740,1196
322,60,3360,30,100,0.50,100000,216718,116.7,15.11,1169,5053.4,4.323,0.2528,0,591,578
323,30,1680,30,100,0.50,100000,216705,116.7,22.15,1529,5179.4,3.387,0.2492,0,762,767
324,360,1380,30,90,0.50,100000,216674,116.7,21.79,1613,5121.8,3.175,0.2691,0,868,745
325,390,1620,30,100,0.50,100000,216475,116.5,17.64,1407,5130.2,3.646,0.2502,0,704,703
326,810,1440,30,100,0.50,100000,216474,116.5,23.16,1447,5144.2,3.555,0.2498,0,723,724
327,1470,1950,25,100,0.50,100000,216459,116.5,20.97,1381,4391.6,3.180,0.2183,0,603,778
328,60,2070,30,100,0.50,100000,216359,116.4,20.75,1386,5119.6,3.694,0.2504,0,694,692
329,750,1260,30,100,0.50,100000,216354,116.4,20.70,1506,5161.6,3.427,0.2493,0,751,755
330,150,1170,20,90,0.35,100000,216291,116.3,22.61,2197,4964.2,2.260,0.1985,0,872,1325
331,240,1890,25,95,0.50,100000,216177,116.2,21.89,1523,4397.8,2.888,0.2262,0,689,834
332,330,1440,25,95,0.50,100000,216160,116.2,24.16,1683,4453.8,2.646,0.2252,0,758,925
333,240,1620,20,90,0.30,100000,216100,116.1,22.90,1843,5539.8,3.006,0.2018,0,744,1099
334,300,1440,25,95,0.45,100000,216047,116.0,22.80,1662,4813.2,2.896,0.2262,0,752,910
335,450,1230,30,95,0.50,100000,216028,116.0,20.57,1610,5146.0,3.196,0.2584,0,832,778
336,30,1770,35,95,0.50,100000,215945,115.9,15.50,1428,5810.8,4.069,0.2903,0,829,599
337,330,1470,30,100,0.50,100000,215888,115.9,20.40,1462,5133.2,3.511,0.2497,0,730,732
338,90,1500,30,100,0.50,100000,215885,115.9,21.73,1542,5161.2,3.347,0.2490,0,768,774
339,120,630,40,100,0.50,100000,215767,115.8,20.49,1635,6631.0,4.056,0.3052,0,998,637
340,1470,1800,35,100,0.50,100000,215643,115.6,12.61,1252,5782.2,4.618,0.2815,0,705,547
341,450,1380,35,100,0.50,100000,215233,115.2,21.28,1367,5806.2,4.247,0.2802,0,766,601
342,90,1350,35,90,0.50,100000,215187,115.2,17.95,1603,5795.8,3.616,0.3001,0,962,641
343,360,1260,30,100,0.50,100000,215185,115.2,22.02,1536,5139.6,3.346,0.2490,0,765,771
344,330,1560,30,100,0.50,100000,215072,115.1,19.01,1435,5101.0,3.555,0.2498,0,717,718
345,30,1740,25,85,0.50,100000,215063,115.1,23.03,1845,4387.0,2.378,0.2444,0,902,943
346,30,1740,35,95,0.50,100000,214707,114.7,18.23,1434,5772.4,4.025,0.2901,0,832,602
347,90,1470,20,100,0.45,100000,214566,114.6,24.81,1967,4126.2,2.098,0.1812,0,713,1254
348,450,1380,25,100,0.50,100000,214236,114.2,24.89,1621,4430.6,2.733,0.2165,0,702,919
349,30,1590,40,100,0.50,100000,214144,114.1,15.91,1329,6479.4,4.875,0.3081,0,819,510
350,1530,1740,25,100,0.45,100000,213626,113.6,24.58,1537,4748.2,3.089,0.2180,0,670,867
351,270,1560,35,100,0.50,100000,213559,113.6,21.04,1332,5740.2,4.309,0.2804,0,747,585
352,240,1620,20,95,0.30,100000,213080,113.1,21.79,1793,5464.8,3.048,0.1933,0,693,1100
353,330,1590,25,100,0.35,100000,212970,113.0,23.24,1572,5824.2,3.705,0.2204,0,693,879
354,90,1560,25,100,0.45,100000,212712,112.7,24.37,1680,4773.0,2.841,0.2170,0,729,951
355,330,1440,30,100,0.50,100000,212640,112.6,19.23,1474,5046.4,3.424,0.2493,0,735,739
356,1080,1200,30,100,0.40,100000,212480,112.5,22.69,1645,6117.0,3.719,0.2505,0,824,821
357,1410,1920,25,100,0.50,100000,212408,112.4,23.31,1378,4295.8,3.117,0.2181,0,601,777
358,90,1260,25,100,0.50,100000,212324,112.3,23.35,1815,4459.0,2.457,0.2154,0,782,1033
359,120,1410,25,95,0.45,100000,212252,112.3,24.63,1766,4747.6,2.688,0.2254,0,796,970
360,30,1740,35,90,0.50,100000,212205,112.2,17.50,1491,5667.6,3.801,0.3008,0,897,594
361,90,1950,20,85,0.35,100000,212107,112.1,24.22,1874,4736.4,2.527,0.2092,0,784,1090
362,60,1710,20,90,0.35,100000,211961,112.0,23.21,1970,4792.0,2.432,0.1992,0,785,1185
363,30,1590,35,100,0.50,100000,211875,111.9,19.88,1425,5715.0,4.011,0.2793,0,796,629
364,90,1500,35,100,0.50,100000,211875,111.9,19.93,1425,5715.0,4.011,0.2793,0,796,629
365,90,1320,25,100,0.50,100000,211704,111.7,24.69,1767,4426.2,2.505,0.2156,0,762,1005
366,390,1530,25,90,0.50,100000,211668,111.7,22.76,1686,4304.6,2.553,0.2346,0,791,895
367,240,1620,35,90,0.50,100000,211612,111.6,24.49,1425,5630.0,3.951,0.3014,0,859,566
368,30,1800,25,100,0.50,100000,211592,111.6,24.28,1656,4381.6,2.646,0.2162,0,716,940
369,180,1470,25,100,0.50,100000,211437,111.4,23.42,1644,4373.4,2.660,0.2162,0,711,933
370,90,1350,30,100,0.50,100000,211374,111.4,23.07,1563,5041.8,3.226,0.2486,0,777,786
371,30,1590,40,90,0.50,100000,211227,111.2,12.44,1457,6330.2,4.345,0.3298,0,961,496
372,120,1290,30,90,0.50,100000,211218,111.2,22.54,1703,4995.8,2.934,0.2681,0,913,790
373,60,2040,30,100,0.50,100000,211151,111.2,24.11,1401,4978.6,3.554,0.2498,0,700,701
374,120,1440,25,95,0.35,100000,211149,111.1,23.86,1746,5775.6,3.308,0.2279,0,796,950
375,30,1650,30,95,0.50,100000,211083,111.1,22.55,1592,5001.2,3.141,0.2582,0,822,770
376,60,1530,25,100,0.45,100000,211056,111.1,22.87,1705,4738.0,2.779,0.2167,0,739,966
377,90,1080,25,100,0.50,100000,210999,111.0,21.53,1917,4466.2,2.330,0.2149,0,824,1093
378,120,1440,30,100,0.50,100000,210576,110.6,17.82,1536,5009.6,3.261,0.2487,0,764,772
379,90,1470,35,95,0.50,100000,210535,110.5,16.99,1503,5655.8,3.763,0.2891,0,869,634
380,240,1620,25,95,0.50,100000,210513,110.5,23.96,1616,4297.6,2.659,0.2252,0,728,888
381,2130,2400,25,100,0.45,100000,210454,110.5,24.13,1355,4603.0,3.397,0.2192,0,594,761
382,120,1320,30,85,0.50,100000,210276,110.3,21.69,1770,4942.0,2.792,0.2791,0,988,782
383,120,1680,25,100,0.50,100000,210139,110.1,24.94,1577,4317.2,2.738,0.2166,0,683,894
384,210,1890,25,95,0.50,100000,210079,110.1,18.49,1542,4261.2,2.763,0.2257,0,696,846
385,60,3600,20,90,0.30,100000,209928,109.9,22.47,1467,5266.2,3.590,0.2045,0,600,867
386,210,1800,25,100,0.45,100000,209864,109.9,22.77,1522,4644.2,3.051,0.2178,0,663,859
387,30,1800,20,95,0.35,100000,209846,109.8,22.79,1946,4765.6,2.449,0.1906,0,742,1204
388,1080,1200,30,90,0.50,100000,209703,109.7,19.60,1799,4981.4,2.769,0.2674,0,962,837
389,120,630,35,100,0.45,100000,209668,109.7,24.93,1767,6271.2,3.549,0.2776,0,981,786
390,30,1650,45,100,0.50,100000,209645,109.6,13.02,1215,6979.0,5.744,0.3350,0,814,401
391,120,1680,20,90,0.35,100000,209635,109.6,22.88,1887,4708.2,2.495,0.1995,0,753,1134
392,90,1620,30,95,0.50,100000,209347,109.3,19.07,1528,4930.8,3.227,0.2585,0,790,738
393,1050,1170,35,100,0.50,100000,209315,109.3,17.73,1541,5667.6,3.678,0.2781,0,857,684
394,300,1410,30,90,0.45,100000,209310,109.3,23.03,1615,5359.0,3.318,0.2697,0,871,744
395,90,1410,25,95,0.45,100000,209283,109.3,23.00,1800,4680.0,2.600,0.2250,0,810,990
396,90,1290,25,90,0.50,100000,209242,109.2,21.27,1925,4325.0,2.247,0.2332,0,898,1027
397,240,1830,45,100,0.50,100000,209112,109.1,18.39,1133,6933.8,6.120,0.3363,0,762,371
398,30,1920,20,100,0.35,100000,209054,109.1,22.17,1836,4749.6,2.587,0.1833,0,673,1163
399,330,1440,35,100,0.50,100000,208837,108.8,18.67,1385,5601.0,4.044,0.2794,0,774,611
400,1440,2010,30,100,0.50,100000,208769,108.8,13.86,1240,4854.0,3.915,0.2512,0,623,617
401,60,1500,40,95,0.50,100000,208595,108.6,17.62,1386,6249.6,4.509,0.3182,0,882,504
402,60,1560,35,100,0.50,100000,208585,108.6,13.87,1387,5593.2,4.033,0.2794,0,775,612
403,240,1680,25,100,0.50,100000,208565,108.6,23.74,1556,4271.6,2.745,0.2166,0,674,882
404,90,1680,25,85,0.45,100000,208542,108.5,22.95,1756,4561.6,2.598,0.2454,0,862,894
405,330,1500,30,95,0.50,100000,208484,108.5,20.65,1496,4895.6,3.272,0.2587,0,774,722
406,300,2070,30,100,0.50,100000,208204,108.2,24.23,1255,4843.0,3.859,0.2510,0,630,625
407,2130,2400,30,100,0.50,100000,208204,108.2,18.97,1255,4843.0,3.859,0.2510,0,630,625
408,120,540,25,95,0.40,100000,208202,108.2,23.52,2319,5243.4,2.261,0.2236,0,1037,1282
409,750,1260,30,95,0.50,100000,208062,108.1,20.42,1561,4904.6,3.142,0.2582,0,806,755
410,90,1320,30,85,0.50,100000,208059,108.1,16.80,1799,4886.4,2.716,0.2788,0,1003,796
411,30,1890,20,100,0.40,100000,207914,107.9,23.15,1859,4277.4,2.301,0.1821,0,677,1182
412,90,1710,20,100,0.35,100000,207860,107.9,22.73,1808,4708.8,2.604,0.1834,0,663,1145
413,510,1410,25,100,0.50,100000,207762,107.8,21.46,1595,4267.0,2.675,0.2163,0,690,905
414,990,1470,35,100,0.50,100000,207719,107.7,24.76,1314,5540.4,4.216,0.2801,0,736,578
415,180,1440,30,90,0.50,100000,207705,107.7,20.41,1621,4870.6,3.005,0.2684,0,870,751
416,30,1830,30,95,0.50,100000,207686,107.7,23.66,1547,4889.2,3.160,0.2582,0,799,748
417,60,1440,40,90,0.50,100000,207650,107.6,13.16,1473,6197.8,4.208,0.3293,0,970,503
418,60,3360,25,95,0.50,100000,207602,107.6,19.22,1302,4117.2,3.162,0.2273,0,592,710
419,1080,1200,35,100,0.50,100000,207559,107.6,20.75,1523,5602.8,3.679,0.2781,0,847,676
420,60,1650,20,95,0.40,100000,207554,107.6,23.04,1961,4259.6,2.172,0.1894,0,743,1218
421,2130,2400,30,95,0.50,100000,207447,107.4,22.85,1296,4800.6,3.704,0.2604,0,675,621
422,270,1800,25,100,0.45,100000,207444,107.4,23.56,1516,4577.6,3.020,0.2177,0,660,856
423,420,1530,30,90,0.50,100000,207182,107.2,20.73,1524,4826.4,3.167,0.2690,0,820,704
424,210,1950,20,95,0.40,100000,207097,107.1,24.14,1680,4163.0,2.478,0.1908,0,641,1039
425,60,1530,40,100,0.50,100000,207086,107.1,16.18,1310,6206.0,4.737,0.3076,0,806,504
426,60,1470,40,95,0.50,100000,207032,107.0,17.33,1395,6192.0,4.439,0.3179,0,887,508
427,60,1710,35,100,0.50,100000,206835,106.8,20.13,1369,5528.4,4.038,0.2794,0,765,604
428,450,1350,40,100,0.50,100000,206807,106.8,15.45,1281,6186.6,4.830,0.3080,0,789,492
429,60,1440,40,95,0.50,100000,206771,106.8,14.79,1410,6186.0,4.387,0.3177,0,896,514
430,120,1380,20,90,0.40,100000,206747,106.7,24.97,2066,4227.6,2.046,0.1975,0,816,1250
431,300,1440,35,100,0.45,100000,206553,106.6,24.26,1360,6036.0,4.438,0.2809,0,764,596
432,120,1680,20,80,0.45,100000,206523,106.5,24.72,2015,3779.0,1.875,0.2164,0,872,1143
433,60,1680,40,100,0.50,100000,206500,106.5,17.13,1288,6176.8,4.796,0.3078,0,793,495
434,90,1290,35,95,0.50,100000,206444,106.4,19.18,1572,5539.2,3.524,0.2882,0,906,666
435,450,1320,35,90,0.50,100000,206268,106.3,15.59,1499,5471.4,3.650,0.3002,0,900,599
436,210,1740,25,100,0.50,100000,206120,106.1,22.98,1533,4203.8,2.742,0.2166,0,664,869
437,120,1380,20,95,0.35,100000,206037,106.0,23.44,2012,4678.2,2.325,0.1901,0,765,1247
438,450,1350,35,95,0.50,100000,205942,105.9,17.18,1429,5479.4,3.834,0.2894,0,827,602
439,120,1440,25,85,0.40,100000,205917,105.9,24.18,1885,4971.0,2.637,0.2456,0,926,959
440,330,1560,30,95,0.50,100000,205818,105.8,17.34,1477,4812.2,3.258,0.2586,0,764,713
441,450,1320,35,95,0.50,100000,205686,105.7,18.87,1440,5474.0,3.801,0.2892,0,833,607
442,330,1440,40,100,0.50,100000,205600,105.6,17.66,1285,6141.0,4.779,0.3078,0,791,494
443,450,1380,35,95,0.50,100000,205548,105.5,17.52,1431,5466.6,3.820,0.2893,0,828,603
444,90,1500,40,90,0.50,100000,205477,105.5,12.27,1439,6105.4,4.243,0.3294,0,948,491
445,450,1320,25,85,0.50,100000,205451,105.5,24.61,1809,4147.4,2.293,0.2441,0,883,926
446,270,1770,20,100,0.35,100000,205357,105.4,23.80,1683,4603.8,2.735,0.1839,0,619,1064
447,300,1890,45,100,0.50,100000,205350,105.4,18.74,1081,6756.6,6.250,0.3367,0,728,353
448,450,1380,40,100,0.50,100000,205304,105.3,15.70,1280,6128.0,4.787,0.3078,0,788,492
449,270,1560,30,100,0.50,100000,205177,105.2,19.23,1448,4822.8,3.331,0.2490,0,721,727
450,450,1260,30,100,0.50,100000,205175,105.2,17.01,1528,4850.8,3.175,0.2484,0,759,769
451,420,1620,30,75,0.50,100000,205103,105.1,21.04,1692,4681.2,2.767,0.3056,0,1034,658
452,60,1560,40,100,0.50,100000,204998,105.0,18.12,1287,6118.2,4.754,0.3077,0,792,495
453,180,2220,25,95,0.50,100000,204962,105.0,20.98,1447,4104.2,2.836,0.2260,0,654,793
454,30,1650,40,100,0.50,100000,204684,104.7,13.42,1306,6111.6,4.680,0.3074,0,803,503
455,360,1260,30,90,0.45,100000,204596,104.6,23.30,1670,5222.0,3.127,0.2689,0,898,772
456,120,1500,20,90,0.35,100000,204471,104.5,23.01,2004,4594.4,2.293,0.1986,0,796,1208
457,270,1800,45,95,0.50,100000,204425,104.4,19.96,1178,6710.8,5.697,0.3468,0,817,361
458,60,1470,40,85,0.50,100000,204386,104.4,12.41,1532,6045.2,3.946,0.3414,0,1046,486
459,210,1770,30,100,0.50,100000,204292,104.3,24.40,1400,4780.0,3.414,0.2493,0,698,702
460,90,1620,20,100,0.40,100000,204261,104.3,23.34,1841,4182.6,2.272,0.1820,0,670,1171
461,210,1860,25,95,0.50,100000,204246,104.2,19.84,1554,4124.4,2.654,0.2252,0,700,854
462,90,1980,20,80,0.40,100000,204025,104.0,23.33,1917,4036.2,2.105,0.2175,0,834,1083
463,150,1170,20,95,0.35,100000,204010,104.0,24.12,2121,4650.6,2.193,0.1895,0,804,1317
464,360,1410,35,80,0.50,100000,203975,104.0,13.69,1618,5339.8,3.300,0.3248,0,1051,567
465,60,1410,35,95,0.50,100000,203905,103.9,15.11,1517,5436.2,3.584,0.2884,0,875,642
466,30,1920,25,95,0.45,100000,203868,103.9,23.54,1652,4487.2,2.716,0.2255,0,745,907
467,90,1680,20,70,0.35,100000,203811,103.8,22.88,2201,4458.6,2.026,0.2413,0,1062,1139
468,90,1620,25,85,0.50,100000,203788,103.8,23.32,1780,4098.0,2.302,0.2441,0,869,911
469,300,1680,35,100,0.50,100000,203629,103.6,21.72,1299,5396.4,4.154,0.2798,0,727,572
470,240,1620,40,100,0.50,100000,203546,103.5,17.77,1238,6046.8,4.884,0.3082,0,763,475
471,60,1620,25,95,0.45,100000,203513,103.5,24.42,1745,4507.0,2.583,0.2249,0,785,960
472,1440,1800,35,95,0.50,100000,203482,103.5,18.63,1296,5355.6,4.132,0.2905,0,753,543
473,60,1620,30,90,0.50,100000,203476,103.5,20.20,1623,4747.8,2.925,0.2680,0,870,753
474,390,1620,25,100,0.40,100000,203454,103.5,23.65,1529,4909.4,3.211,0.2184,0,668,861
475,90,1500,20,100,0.35,100000,203418,103.4,22.72,1929,4619.4,2.395,0.1825,0,704,1225
476,180,2160,25,100,0.40,100000,203393,103.4,22.99,1442,4881.2,3.385,0.2191,0,632,810
477,270,1560,40,100,0.50,100000,203244,103.2,15.33,1245,6037.0,4.849,0.3080,0,767,478
478,330,1380,25,100,0.50,100000,203025,103.0,23.64,1660,4176.0,2.516,0.2157,0,716,944
479,330,1590,30,100,0.45,100000,202999,103.0,23.13,1438,5176.8,3.600,0.2500,0,719,719
480,240,1830,30,100,0.50,100000,202969,103.0,23.69,1388,4736.8,3.413,0.2493,0,692,696
481,90,1650,25,75,0.40,100000,202926,102.9,22.99,1924,4806.4,2.498,0.2695,0,1037,887
482,300,1470,45,100,0.50,100000,202834,102.8,14.22,1204,6679.4,5.548,0.3343,0,805,399
483,30,1530,40,95,0.50,100000,202755,102.8,13.10,1402,6027.2,4.299,0.3174,0,890,512
484,120,630,45,100,0.50,100000,202641,102.6,20.97,1541,6762.6,4.388,0.3303,0,1018,523
485,180,1680,30,100,0.50,100000,202640,102.6,23.03,1405,4733.0,3.369,0.2491,0,700,705
486,330,1260,25,100,0.45,100000,202586,102.6,23.84,1678,4500.8,2.682,0.2163,0,726,952
487,30,1950,35,100,0.50,100000,202523,102.5,16.13,1324,5366.4,4.053,0.2795,0,740,584
488,300,2070,40,95,0.50,100000,202501,102.5,15.43,1136,5944.6,5.233,0.3209,0,729,407
489,90,1500,25,85,0.45,100000,202485,102.5,24.65,1872,4429.2,2.366,0.2444,0,915,957
490,300,1440,30,100,0.45,100000,202442,102.4,23.45,1472,5169.2,3.512,0.2497,0,735,737
491,30,1890,25,95,0.45,100000,202437,102.4,24.27,1669,4453.4,2.668,0.2253,0,752,917
492,1080,1200,35,95,0.50,100000,202391,102.4,18.93,1583,5403.8,3.414,0.2877,0,911,672
493,120,1230,20,90,0.45,100000,202266,102.3,24.89,2187,3838.2,1.755,0.1962,0,858,1329
494,360,1410,35,95,0.50,100000,202264,102.3,13.80,1409,5347.4,3.795,0.2892,0,815,594
495,180,1710,20,90,0.35,100000,202185,102.2,23.38,1855,4493.0,2.422,0.1992,0,739,1116
496,450,1230,30,100,0.50,100000,202088,102.1,20.19,1540,4764.0,3.094,0.2481,0,764,776
497,30,1770,30,95,0.50,100000,202052,102.1,21.16,1576,4733.6,3.004,0.2576,0,812,764
498,270,1860,45,100,0.50,100000,202021,102.0,22.97,1100,6615.0,6.014,0.3359,0,739,361
499,90,1920,20,95,0.30,100000,201996,102.0,23.25,1785,5106.0,2.861,0.1924,0,687,1098
500,750,1500,30,100,0.50,100000,201873,101.9,21.85,1418,4714.8,3.325,0.2489,0,706,712
