month,rank,avgPeriodMinutes,diffLevel1,diffLevel2,lossLimit,profLimit,orderStartDelta,fitPips,fitWorstLoss,fitEntries,fitWinRate,monthPips,monthEntries,monthDirectWins,monthMirrorWins,monthBothLose,monthDirectPct,breakEvenPct
2025-01,1,2880,0,0,50,50,30,1734.5,-205.6,165,0.6121,186.0,20,12,8,0,60.0,50.7
2025-01,2,2880,10,0,50,50,30,1695.0,-205.6,150,0.6200,338.1,17,12,5,0,70.6,50.7
2025-01,3,1440,0,60,90,80,40,1461.1,-90.7,27,0.8519,67.9,3,2,1,0,66.7,53.4
2025-01,4,2880,0,0,90,60,30,1827.6,-275.6,132,0.6970,-310.5,15,7,8,0,46.7,60.5
2025-01,5,1440,0,60,90,90,40,1421.8,-92.1,26,0.8077,177.2,4,3,1,0,75.0,50.4
2025-01,6,2880,10,10,50,50,40,1645.7,-205.6,149,0.6174,288.8,16,11,5,0,68.8,50.7
2025-01,7,1440,0,60,100,80,40,1421.1,-100.7,27,0.8519,57.9,3,2,1,0,66.7,55.9
2025-01,8,2880,50,0,100,140,30,1584.3,-201.4,51,0.5490,-124.2,6,2,2,2,33.3,42.0
2025-01,9,12960,40,100,100,120,50,1368.1,-100.7,17,0.8235,0.0,0,0,0,0,0.0,45.8
2025-01,10,1440,0,60,90,100,40,1333.9,-90.7,23,0.7826,207.2,4,3,1,0,75.0,47.7
2025-02,1,1440,20,30,50,150,20,1726.9,-152.1,33,0.5152,47.9,3,1,0,2,33.3,25.4
2025-02,2,1440,0,60,90,90,40,1601.8,-90.7,26,0.8462,-1.4,2,1,1,0,50.0,50.4
2025-02,3,10080,-20,20,20,140,10,1869.6,-248.4,72,0.2917,-26.3,9,1,0,8,11.1,12.9
2025-02,4,10080,-40,20,20,140,10,1741.5,-186.3,55,0.3273,15.1,7,1,0,6,14.3,12.9
2025-02,5,12960,50,100,100,110,40,1766.0,-201.4,20,0.9000,8.6,2,1,1,0,50.0,48.0
2025-02,6,1440,0,60,100,90,40,1561.8,-100.7,26,0.8462,-11.4,2,1,1,0,50.0,53.0
2025-02,7,11520,-50,20,40,140,10,1751.3,-203.5,41,0.4634,-244.2,6,0,0,6,0.0,22.6
2025-02,8,11520,-50,20,40,150,10,1751.3,-203.5,41,0.4390,-244.2,6,0,0,6,0.0,21.4
2025-02,9,1440,30,0,90,150,10,2119.3,-394.9,101,0.4653,-427.0,10,2,4,4,20.0,37.8
2025-02,10,11520,-50,20,30,140,10,1631.3,-153.5,41,0.4146,-184.2,6,0,0,6,0.0,18.1
2025-03,1,2880,50,40,80,150,0,2393.0,-403.5,110,0.4455,56.5,5,2,2,1,40.0,35.1
2025-03,2,2880,50,40,70,150,0,2280.2,-353.5,114,0.4123,-133.5,5,1,1,3,20.0,32.1
2025-03,3,2880,50,50,70,150,10,2272.3,-353.5,111,0.4144,-133.5,5,1,1,3,20.0,32.1
2025-03,4,1440,50,0,100,150,0,2343.3,-402.8,81,0.5185,246.5,5,3,2,0,60.0,40.3
2025-03,5,2880,50,50,100,150,10,2332.8,-402.8,96,0.5000,97.2,4,2,2,0,50.0,40.3
2025-03,6,2880,50,40,80,130,0,2172.3,-322.8,111,0.4775,16.5,5,2,2,1,40.0,38.4
2025-03,7,2880,50,40,100,150,0,2280.7,-402.8,99,0.4949,97.2,4,2,2,0,50.0,40.3
2025-03,8,2880,50,40,80,140,0,2262.3,-403.5,111,0.4595,36.5,5,2,2,1,40.0,36.7
2025-03,9,2880,50,40,100,130,0,2249.3,-402.8,101,0.5347,57.2,4,2,2,0,50.0,43.8
2025-03,10,2880,50,50,80,150,10,2243.7,-403.5,109,0.4404,56.5,5,2,2,1,40.0,35.1
2025-04,1,2880,50,60,80,150,30,1710.9,-80.7,13,0.9231,149.3,1,1,0,0,100.0,35.1
2025-04,2,2880,50,60,90,150,30,1700.9,-90.7,13,0.9231,149.3,1,1,0,0,100.0,37.8
2025-04,3,2880,50,60,90,150,40,1493.0,0.0,10,1.0000,0.0,0,0,0,0,0.0,37.8
2025-04,4,2880,50,60,100,150,40,1493.0,0.0,10,1.0000,0.0,0,0,0,0,0.0,40.3
2025-04,5,2880,50,60,80,150,40,1493.0,0.0,10,1.0000,0.0,0,0,0,0,0.0,35.1
2025-04,6,2880,50,60,70,150,40,1493.0,0.0,10,1.0000,0.0,0,0,0,0,0.0,32.1
2025-04,7,2880,50,60,100,150,30,1690.9,-100.7,13,0.9231,149.3,1,1,0,0,100.0,40.3
2025-04,8,1440,50,20,70,150,0,2272.3,-416.3,111,0.4144,550.2,14,7,5,2,50.0,32.1
2025-04,9,1440,50,0,100,150,0,2242.6,-402.8,82,0.5122,-156.3,9,3,4,2,33.3,40.3
2025-04,10,2880,10,0,50,50,30,1842.9,-205.6,153,0.6275,-59.1,13,6,7,0,46.2,50.7
2025-05,1,1440,50,20,70,150,0,2649.5,-416.3,115,0.4261,-259.1,13,3,4,6,23.1,32.1
2025-05,2,1440,50,40,90,150,0,2763.9,-491.2,123,0.4715,79.5,15,6,6,3,40.0,37.8
2025-05,3,1440,50,40,90,130,0,2522.5,-453.5,125,0.5040,-40.5,15,6,6,3,40.0,41.2
2025-05,4,1440,20,30,70,120,10,2028.0,-234.2,60,0.5500,-22.1,3,1,2,0,33.3,37.2
2025-05,5,1440,20,30,70,140,10,2128.7,-289.1,59,0.5085,-2.1,3,1,1,1,33.3,33.7
2025-05,6,1440,50,20,70,140,0,2369.5,-426.3,115,0.4348,-289.1,13,3,6,4,23.1,33.7
2025-05,7,1440,50,20,60,150,0,2226.7,-364.2,119,0.3782,-159.1,13,3,4,6,23.1,28.9
2025-05,8,1440,50,20,80,150,0,2473.7,-496.3,109,0.4495,-278.4,12,3,5,4,25.0,35.1
2025-05,9,1440,50,40,80,150,0,2469.7,-496.3,129,0.4341,169.5,15,6,6,3,40.0,35.1
2025-05,10,1440,40,20,30,150,0,2332.6,-429.8,182,0.2418,-192.6,18,2,4,12,11.1,17.1
2025-06,1,1440,0,20,40,150,20,2430.1,-203.5,57,0.4386,67.9,3,1,0,2,33.3,21.4
2025-06,2,1440,0,20,40,140,20,2180.1,-203.5,57,0.4386,57.9,3,1,0,2,33.3,22.6
2025-06,3,1440,0,10,40,140,10,2363.0,-314.7,110,0.3455,-47.0,10,2,0,8,20.0,22.6
2025-06,4,1440,20,30,70,140,10,2270.1,-282.8,57,0.5263,-214.2,6,1,1,4,16.7,33.7
2025-06,5,1440,0,20,50,150,20,2211.5,-253.5,55,0.4545,47.9,3,1,0,2,33.3,25.4
2025-06,6,1440,40,70,90,120,20,2018.3,-181.4,31,0.7419,-62.1,3,1,2,0,33.3,43.2
2025-06,7,1440,40,0,40,130,0,2129.2,-244.2,144,0.3264,-237.0,10,1,1,8,10.0,23.9
2025-06,8,1440,40,70,90,110,20,1988.3,-181.4,31,0.7742,-72.1,3,1,2,0,33.3,45.4
2025-06,9,1440,0,10,40,150,10,2213.7,-298.4,109,0.3211,-27.0,10,2,0,8,20.0,21.4
2025-06,10,1440,40,70,90,90,20,1777.6,-90.7,32,0.8125,-92.1,3,1,2,0,33.3,50.4
2025-07,1,1440,0,20,40,150,20,2280.8,-203.5,56,0.4286,27.2,4,1,2,1,25.0,21.4
2025-07,2,2880,50,60,90,150,20,1876.7,-90.7,19,0.7895,149.3,1,1,0,0,100.0,37.8
2025-07,3,1440,40,70,90,120,20,2046.9,-181.4,33,0.7273,477.2,4,4,0,0,100.0,43.2
2025-07,4,1440,40,70,90,110,20,2006.9,-181.4,33,0.7576,437.2,4,4,0,0,100.0,45.4
2025-07,5,2880,50,60,100,150,20,1836.7,-100.7,19,0.7895,149.3,1,1,0,0,100.0,40.3
2025-07,6,1440,0,20,40,140,20,2040.8,-203.5,56,0.4286,17.2,4,1,2,1,25.0,22.6
2025-07,7,1440,40,70,80,120,20,1936.9,-161.4,33,0.6970,477.2,4,4,0,0,100.0,40.4
2025-07,8,1440,40,70,80,110,20,1896.9,-161.4,33,0.7273,437.2,4,4,0,0,100.0,42.5
2025-07,9,1440,0,20,80,150,20,2094.3,-266.3,51,0.5294,137.2,4,2,2,0,50.0,35.1
2025-07,10,1440,0,20,50,150,20,2062.2,-253.5,54,0.4444,197.2,4,2,2,0,50.0,25.4
2025-08,1,1440,40,70,90,120,20,2404.8,-181.4,36,0.7500,147.9,3,2,0,1,66.7,43.2
2025-08,2,1440,40,70,90,110,20,2334.8,-181.4,36,0.7778,327.9,3,3,0,0,100.0,45.4
2025-08,3,1440,40,70,80,120,20,2294.8,-161.4,36,0.7222,157.9,3,2,0,1,66.7,40.4
2025-08,4,1440,50,70,100,90,10,2340.8,-212.8,56,0.7500,267.9,3,3,0,0,100.0,53.0
2025-08,5,1440,40,70,100,120,20,2314.8,-201.4,36,0.7500,137.9,3,2,0,1,66.7,45.8
2025-08,6,1440,40,70,80,110,20,2224.8,-161.4,36,0.7500,327.9,3,3,0,0,100.0,42.5
2025-08,7,1440,50,70,100,80,10,2259.4,-201.4,58,0.7759,237.9,3,3,0,0,100.0,55.9
2025-08,8,1440,40,70,100,110,20,2254.8,-201.4,36,0.7778,327.9,3,3,0,0,100.0,48.0
2025-08,9,1440,50,70,90,90,10,2210.1,-182.8,57,0.7193,267.9,3,3,0,0,100.0,50.4
2025-08,10,1440,50,70,100,110,10,2441.5,-302.1,55,0.6909,117.9,3,2,0,1,66.7,48.0
2025-09,1,1440,50,70,100,130,10,2942.9,-302.1,53,0.6792,315.8,6,4,2,0,66.7,43.8
2025-09,2,1440,50,70,100,140,10,2822.9,-302.1,53,0.6415,355.8,6,4,1,1,66.7,42.0
2025-09,3,1440,40,70,90,140,20,2575.5,-181.4,35,0.7143,187.9,3,2,1,0,66.7,39.4
2025-09,4,1440,50,70,90,120,10,2752.9,-272.1,53,0.6792,295.8,6,4,2,0,66.7,43.2
2025-09,5,1440,50,70,100,120,10,2802.9,-302.1,53,0.6981,275.8,6,4,2,0,66.7,45.8
2025-09,6,1440,40,70,90,130,20,2545.5,-181.4,35,0.7429,167.9,3,2,1,0,66.7,41.2
2025-09,7,1440,30,70,90,140,20,2533.4,-181.4,38,0.6842,187.9,3,2,1,0,66.7,39.4
2025-09,8,1440,40,70,90,120,20,2495.5,-181.4,35,0.7714,147.9,3,2,1,0,66.7,43.2
2025-09,9,1440,30,70,90,130,20,2493.4,-181.4,38,0.7105,167.9,3,2,1,0,66.7,41.2
2025-09,10,1440,50,70,90,130,10,2672.9,-272.1,53,0.6415,335.8,6,4,2,0,66.7,41.2
2025-10,1,1440,50,70,100,130,10,3230.1,-302.1,57,0.6842,13.7,9,4,4,1,44.4,43.8
2025-10,2,1440,50,70,100,140,10,3140.1,-302.1,57,0.6491,-186.3,9,3,4,2,33.3,42.0
2025-10,3,1440,50,70,90,120,10,3020.1,-272.1,57,0.6842,23.7,9,4,4,1,44.4,43.2
2025-10,4,1440,50,70,100,120,10,3060.1,-302.1,57,0.7018,-26.3,9,4,4,1,44.4,45.8
2025-10,5,1440,50,70,90,130,10,2970.1,-272.1,57,0.6491,63.7,9,4,4,1,44.4,41.2
2025-10,6,1440,40,70,90,140,20,2714.8,-181.4,36,0.7222,194.4,8,4,3,1,50.0,39.4
2025-10,7,1440,50,70,90,140,10,2880.1,-272.1,57,0.6140,-126.3,9,3,4,2,33.3,39.4
2025-10,8,1440,40,70,100,130,10,2928.0,-302.1,60,0.6500,13.7,9,4,4,1,44.4,43.8
2025-10,9,1440,40,70,90,130,20,2674.8,-181.4,36,0.7500,154.4,8,4,3,1,50.0,41.2
2025-10,10,1440,30,70,90,140,20,2672.7,-181.4,39,0.6923,194.4,8,4,3,1,50.0,39.4
2025-11,1,1440,40,70,100,120,20,2810.6,-201.4,42,0.7619,-100.7,1,0,1,0,0.0,45.8
2025-11,2,1440,40,70,100,110,20,2700.6,-201.4,42,0.7857,-100.7,1,0,1,0,0.0,48.0
2025-11,3,1440,40,70,90,130,20,2790.6,-272.1,42,0.7143,-90.7,1,0,1,0,0.0,41.2
2025-11,4,1440,40,70,80,130,20,2700.6,-242.1,42,0.6905,-80.7,1,0,1,0,0.0,38.4
2025-11,5,1440,30,70,100,100,20,2369.2,-104.9,44,0.7727,-100.7,1,0,1,0,0.0,50.4
2025-11,6,1440,40,70,90,120,20,2700.6,-272.1,42,0.7381,-90.7,1,0,1,0,0.0,43.2
2025-11,7,1440,40,70,80,120,20,2610.6,-242.1,42,0.7143,-80.7,1,0,1,0,0.0,40.4
2025-11,8,1440,40,70,90,140,20,2721.3,-314.2,41,0.6829,-90.7,1,0,1,0,0.0,39.4
2025-11,9,1440,40,70,100,130,20,2670.6,-302.1,42,0.7143,-100.7,1,0,1,0,0.0,43.8
2025-11,10,1440,30,70,90,130,20,2609.2,-272.1,44,0.6818,-90.7,1,0,1,0,0.0,41.2
2025-12,1,1440,20,30,40,140,10,2608.9,-244.2,73,0.4247,98.6,2,1,1,0,50.0,22.6
2025-12,2,2880,0,50,100,110,20,2516.4,-201.4,48,0.7292,117.9,3,2,1,0,66.7,48.0
2025-12,3,1440,40,70,100,120,20,2452.7,-201.4,39,0.7436,-82.1,3,1,2,0,33.3,45.8
2025-12,4,1440,40,70,100,110,20,2372.7,-201.4,39,0.7692,-92.1,3,1,2,0,33.3,48.0
2025-12,5,1440,10,40,70,140,20,2534.0,-287.0,80,0.4875,-74.9,7,2,2,3,28.6,33.7
2025-12,6,1440,20,30,50,140,10,2480.3,-266.3,71,0.4507,88.6,2,1,1,0,50.0,26.7
2025-12,7,1440,20,30,40,130,10,2298.9,-203.5,73,0.4247,88.6,2,1,1,0,50.0,23.9
2025-12,8,1440,50,80,90,120,20,2051.8,-90.7,26,0.8077,0.0,0,0,0,0,0.0,43.2
2025-12,9,1440,30,70,100,100,20,2071.3,-104.9,41,0.7561,-102.1,3,1,2,0,33.3,50.4
2025-12,10,1440,40,70,90,130,20,2402.7,-272.1,39,0.6923,-52.1,3,1,1,1,33.3,41.2
2026-01,1,1440,20,30,100,140,0,2888.3,-402.8,131,0.5115,193.0,10,5,4,1,50.0,42.0
2026-01,2,2880,0,50,100,110,20,2608.5,-302.1,45,0.7556,17.2,4,2,2,0,50.0,48.0
2026-01,3,1440,20,30,40,140,10,2411.7,-244.2,69,0.4203,-40.7,1,0,0,1,0.0,22.6
2026-01,4,2880,-20,50,100,90,30,2129.9,-123.5,43,0.7907,77.9,3,2,1,0,66.7,53.0
2026-01,5,2880,-20,50,90,90,30,2039.9,-93.5,43,0.7674,87.9,3,2,1,0,66.7,50.4
2026-01,6,2880,0,50,90,90,30,2039.9,-94.9,43,0.7674,87.9,3,2,1,0,66.7,50.4
2026-01,7,1440,50,80,90,120,20,2023.2,-90.7,24,0.8333,28.6,2,1,0,1,50.0,43.2
2026-01,8,1440,0,10,90,150,0,2544.8,-362.8,136,0.4559,143.7,9,4,3,2,44.4,37.8
2026-01,9,2880,40,90,90,140,40,1998.8,-90.7,16,0.9375,0.0,0,0,0,0,0.0,39.4
2026-01,10,2880,40,90,70,140,40,1948.1,-70.7,17,0.8824,0.0,0,0,0,0,0.0,33.7
2026-02,1,1440,10,50,100,130,20,2439.4,-244.9,58,0.6207,85.8,6,3,3,0,50.0,43.8
2026-02,2,2880,0,50,100,110,20,2398.5,-302.1,45,0.7333,117.9,3,2,1,0,66.7,48.0
2026-02,3,2880,-20,50,100,90,30,2040.6,-123.5,42,0.7857,-11.4,2,1,1,0,50.0,53.0
2026-02,4,1440,10,50,100,120,20,2318.0,-264.9,60,0.6333,55.8,6,3,3,0,50.0,45.8
2026-02,5,2880,-20,50,90,90,30,1950.6,-93.5,42,0.7619,-1.4,2,1,1,0,50.0,50.4
2026-02,6,1440,0,10,90,150,0,2459.7,-362.8,129,0.4574,20.9,13,5,4,4,38.5,37.8
2026-02,7,2880,-20,50,90,120,30,2252.0,-272.1,40,0.7000,28.6,2,1,1,0,50.0,43.2
2026-02,8,1440,20,30,100,140,0,2493.9,-402.8,123,0.5041,-8.4,12,5,5,2,41.7,42.0
2026-02,9,2880,-20,50,100,110,20,2087.8,-201.4,46,0.6957,117.9,3,2,1,0,66.7,48.0
2026-02,10,4320,-20,30,100,130,50,1680.9,0.0,13,1.0000,-72.1,3,1,2,0,33.3,43.8
2026-03,1,1440,10,50,100,130,20,2698.0,-201.4,60,0.6333,171.6,12,6,4,2,50.0,43.8
2026-03,2,1440,10,50,100,120,20,2556.6,-201.4,62,0.6452,551.6,12,8,4,0,66.7,45.8
2026-03,3,1440,0,10,90,150,0,2427.6,-272.1,132,0.4545,-555.4,22,6,9,7,27.3,37.8
2026-03,4,1440,20,30,100,140,0,2633.2,-402.8,124,0.5081,-94.0,20,8,9,3,40.0,42.0
2026-03,5,2880,40,90,70,140,40,1810.9,0.0,13,1.0000,-2.1,3,1,2,0,33.3,33.7
2026-03,6,2880,40,90,90,140,40,1810.9,0.0,13,1.0000,-42.1,3,1,2,0,33.3,39.4
2026-03,7,2880,40,90,100,140,40,1810.9,0.0,13,1.0000,-62.1,3,1,2,0,33.3,42.0
2026-03,8,2880,40,90,80,140,40,1810.9,0.0,13,1.0000,-22.1,3,1,2,0,33.3,36.7
2026-03,9,1440,10,50,80,80,20,2108.9,-162.8,73,0.6849,150.2,14,8,6,0,57.1,50.4
2026-03,10,1440,0,10,100,150,0,2363.9,-302.1,123,0.4797,-614.7,21,6,8,7,28.6,40.3
2026-04,1,1440,10,50,100,120,20,3190.3,-201.4,71,0.6620,55.8,6,3,2,1,50.0,45.8
2026-04,2,1440,0,50,100,120,20,3071.0,-201.4,70,0.6571,55.8,6,3,2,1,50.0,45.8
2026-04,3,1440,-10,50,100,120,20,2795.2,-201.4,64,0.6562,55.8,6,3,2,1,50.0,45.8
2026-04,4,1440,10,50,100,110,20,2720.3,-201.4,71,0.6620,25.8,6,3,2,1,50.0,48.0
2026-04,5,1440,-20,50,100,120,20,2694.5,-201.4,65,0.6462,55.8,6,3,2,1,50.0,45.8
2026-04,6,1440,0,50,100,110,20,2611.0,-201.4,70,0.6571,25.8,6,3,2,1,50.0,48.0
2026-04,7,1440,10,50,80,120,20,2905.4,-403.5,78,0.5897,115.8,6,3,2,1,50.0,40.4
2026-04,8,1440,30,20,70,90,10,2522.4,-212.1,168,0.5357,-439.1,13,3,6,4,23.1,44.2
2026-04,9,1440,-30,50,100,120,20,2620.1,-283.5,57,0.6667,55.8,6,3,2,1,50.0,45.8
2026-04,10,1440,10,50,100,100,20,2450.3,-205.6,71,0.6761,-4.2,6,3,3,0,50.0,50.4
2026-05,1,1440,10,50,100,120,20,2493.1,-201.4,67,0.6269,156.5,5,3,2,0,60.0,45.8
2026-05,2,1440,0,50,100,120,20,2493.1,-201.4,67,0.6269,275.8,6,4,2,0,66.7,45.8
2026-05,3,1440,-10,50,100,120,20,2355.2,-201.4,64,0.6250,275.8,6,4,2,0,66.7,45.8
2026-05,4,1440,-20,50,100,120,20,2254.5,-201.4,65,0.6154,156.5,5,3,2,0,60.0,45.8
2026-05,5,1440,10,50,100,110,20,2182.4,-201.4,68,0.6324,126.5,5,3,2,0,60.0,48.0
2026-05,6,1440,0,50,100,110,20,2182.4,-201.4,68,0.6324,235.8,6,4,2,0,66.7,48.0
2026-05,7,1440,50,0,60,150,0,2297.2,-303.5,104,0.3942,-126.3,9,2,3,4,22.2,28.9
2026-05,8,1440,-20,50,100,110,20,2073.1,-201.4,67,0.6269,126.5,5,3,2,0,60.0,48.0
2026-05,9,1440,-10,50,100,110,20,2064.5,-201.4,65,0.6308,235.8,6,4,2,0,66.7,48.0
2026-05,10,1440,50,0,60,140,0,2226.5,-303.5,105,0.4095,-146.3,9,2,3,4,22.2,30.4
2026-06,1,1440,0,50,100,120,20,2713.1,-201.4,67,0.6418,-63.5,5,2,2,1,40.0,45.8
2026-06,2,1440,10,50,100,120,20,2493.1,-201.4,67,0.6269,-63.5,5,2,2,1,40.0,45.8
2026-06,3,1440,-10,50,100,120,20,2474.5,-201.4,65,0.6308,-63.5,5,2,2,1,40.0,45.8
2026-06,4,1440,0,50,100,110,20,2392.4,-201.4,68,0.6471,-83.5,5,2,3,0,40.0,48.0
2026-06,5,1440,-20,50,100,120,20,2355.2,-201.4,64,0.6250,-63.5,5,2,2,1,40.0,45.8
2026-06,6,1440,-30,50,100,120,20,2299.4,-201.4,58,0.6379,-182.8,4,1,2,1,25.0,45.8
2026-06,7,1440,10,50,100,110,20,2182.4,-201.4,68,0.6324,-83.5,5,2,3,0,40.0,48.0
2026-06,8,5760,-40,10,100,140,50,2181.8,-201.4,26,0.7692,-62.1,3,1,1,1,33.3,42.0
2026-06,9,1440,-10,50,100,110,20,2173.8,-201.4,66,0.6364,-83.5,5,2,3,0,40.0,48.0
2026-06,10,1440,0,50,100,100,20,2152.4,-204.2,68,0.6618,-103.5,5,2,3,0,40.0,50.4
2026-07,1,1440,0,50,100,120,20,2474.5,-302.1,65,0.6308,357.9,3,3,0,0,100.0,45.8
2026-07,2,1440,0,50,90,120,20,2323.1,-243.5,67,0.5970,357.9,3,3,0,0,100.0,43.2
2026-07,3,1440,-30,50,90,130,50,2171.1,-181.4,27,0.7778,0.0,0,0,0,0,0.0,41.2
2026-07,4,1440,-30,50,100,120,20,2280.8,-283.5,56,0.6429,238.6,2,2,0,0,100.0,45.8
2026-07,5,1440,-30,50,100,130,50,2111.1,-201.4,27,0.7778,0.0,0,0,0,0,0.0,43.8
2026-07,6,1440,-30,50,80,130,50,2021.1,-161.4,27,0.7407,0.0,0,0,0,0,0.0,38.4
2026-07,7,1440,-40,50,100,150,50,2079.7,-204.9,29,0.6897,0.0,0,0,0,0,0.0,40.3
2026-07,8,1440,0,50,80,120,20,2151.0,-249.1,70,0.5571,357.9,3,3,0,0,100.0,40.4
2026-07,9,1440,-20,50,100,120,20,2217.3,-283.5,61,0.6230,357.9,3,3,0,0,100.0,45.8
2026-07,10,1440,-40,50,100,130,50,2039.0,-201.4,30,0.7333,0.0,0,0,0,0,0.0,43.8
