fitRank,avgPeriodMinutes,diffLevel1,diffLevel2,lossLimit,profLimit,orderStartDelta,fitPips,fitWorstLoss,testPips,testWorstLoss,testEntries,testWins,testLosses,testWinRate,testMaxLossRun,testCancelled,testDuplicates
1,2880,20,30,90,110,20,5108.9,-362.8,88.0,-1060.6,160,73,87,0.4562,6,322,48
2,2880,-10,30,30,110,20,5436.6,-395.4,254.4,-1669.8,808,179,629,0.2215,20,228,158
3,2880,0,30,30,120,20,5715.2,-440.3,-608.2,-1891.7,826,165,661,0.1998,27,227,269
4,2880,20,30,40,100,10,6065.9,-452.6,1424.8,-633.3,536,166,370,0.3097,14,291,362
5,1440,0,10,20,120,10,5202.2,-460.3,2665.9,-870.9,1163,191,972,0.1642,25,279,569
6,2880,10,20,30,120,10,5483.6,-464.0,870.5,-1640.5,685,146,539,0.2131,23,248,398
7,2880,0,10,20,110,10,5235.3,-464.5,3869.1,-852.0,887,171,716,0.1928,24,324,424
8,2880,10,20,30,110,10,5388.7,-474.0,1107.7,-1474.5,689,159,530,0.2308,21,285,394
9,2880,0,30,30,110,20,4972.4,-470.3,29.7,-1769.3,829,182,647,0.2195,20,254,265
10,2880,20,30,80,110,20,4934.7,-455.6,117.3,-870.4,161,69,92,0.4286,6,322,47
11,2880,20,40,90,50,10,4978.2,-479.1,1372.3,-1241.7,911,600,311,0.6586,4,395,884
12,2880,20,30,40,90,10,5766.1,-490.8,1373.4,-744.1,538,179,359,0.3327,14,332,360
13,2880,0,40,40,100,20,5605.2,-493.3,286.5,-1553.8,705,207,498,0.2936,16,226,200
14,2880,20,30,30,100,10,4812.1,-453.3,1374.5,-782.3,565,144,421,0.2549,14,291,333
15,2880,-10,30,30,100,20,4674.5,-391.9,658.1,-1631.8,817,198,619,0.2424,20,254,146
16,2880,20,40,80,50,10,4873.5,-493.3,810.6,-1628.7,942,591,351,0.6274,6,395,853
17,2880,20,30,30,110,10,4816.3,-472.7,1475.9,-919.7,563,134,429,0.2380,15,244,335
18,2880,10,20,30,100,10,4835.2,-484.0,1505.6,-1165.9,692,175,517,0.2529,21,329,391
19,2880,0,30,30,100,20,4658.2,-401.0,334.8,-1590.0,836,200,636,0.2392,20,289,257
20,2880,10,30,30,130,20,4646.8,-399.1,50.5,-798.6,285,55,230,0.1930,18,226,47
21,2880,0,40,60,110,30,4741.0,-461.2,917.3,-1685.5,461,170,291,0.3688,16,290,162
22,2880,10,30,40,130,20,4691.7,-447.7,788.9,-725.4,273,70,203,0.2564,17,226,59
23,2880,30,30,20,120,20,4746.3,-478.8,-2005.2,-3158.5,1436,198,1238,0.1379,35,269,1006
24,2880,30,20,20,120,10,4720.7,-478.8,-2471.5,-3443.4,1445,196,1249,0.1356,35,8,1026
25,2880,10,30,60,120,20,4738.0,-487.7,51.7,-1218.6,269,91,178,0.3383,9,270,63
26,2880,10,30,30,120,20,4546.1,-406.1,400.5,-602.4,285,61,224,0.2140,18,270,47
27,2880,20,30,100,110,20,4628.9,-451.9,-160.6,-1329.9,158,75,83,0.4747,6,322,50
28,2880,30,40,20,90,10,4628.8,-472.0,-171.5,-1627.1,545,101,444,0.1853,41,286,220
29,2880,20,30,80,120,20,4635.4,-484.2,-231.3,-1003.3,159,63,96,0.3962,6,274,49
30,2880,20,30,50,120,20,4459.1,-405.6,-849.7,-1374.7,171,46,125,0.2690,11,274,37
31,2880,-10,30,30,90,20,4449.6,-401.9,595.3,-1465.9,821,215,606,0.2619,17,285,136
32,2880,20,30,90,100,20,4448.9,-401.9,407.3,-890.6,161,79,82,0.4907,6,364,47
33,7200,-40,0,100,140,40,4543.1,-449.8,-181.4,-2126.5,202,84,118,0.4158,6,205,86
34,2880,20,40,50,100,20,4454.4,-409.8,243.9,-627.0,223,77,146,0.3453,9,315,45
35,2880,0,30,30,90,20,4502.6,-441.0,399.9,-1806.3,843,219,624,0.2598,17,326,246
36,2880,20,30,30,70,10,4351.1,-368.4,1332.6,-707.5,582,192,390,0.3299,14,466,314
37,2880,10,30,40,120,20,4531.0,-458.9,1008.2,-711.5,274,76,198,0.2774,17,270,58
38,1440,20,30,30,60,10,4496.9,-450.8,2701.9,-1373.4,683,263,420,0.3851,10,617,299
39,2880,10,30,50,130,20,4513.8,-468.9,429.6,-788.1,272,79,193,0.2904,11,226,60
40,2880,20,30,40,120,20,4307.7,-366.3,-920.4,-1372.4,172,38,134,0.2209,17,274,36
41,2880,40,50,100,100,20,4388.7,-407.0,405.5,-942.7,135,70,65,0.5185,6,251,36
42,2880,20,30,50,130,20,4480.5,-456.3,-929.7,-1611.9,171,43,128,0.2515,11,230,37
43,2880,20,30,30,90,10,4494.4,-463.3,1193.1,-999.6,567,155,412,0.2734,14,332,331
44,2880,10,30,30,150,20,4486.8,-468.9,219.8,-938.1,286,50,236,0.1748,18,168,47
45,1440,20,30,30,120,20,4154.8,-307.0,1570.6,-898.9,242,60,182,0.2479,14,222,34
46,2880,20,30,40,130,20,4289.1,-385.4,-1220.4,-1816.8,172,34,138,0.1977,17,230,36
47,2880,20,30,30,80,10,4470.2,-478.6,888.9,-750.1,573,168,405,0.2932,14,381,324
48,2880,10,30,40,150,20,4482.4,-488.4,818.2,-908.1,274,63,211,0.2299,17,168,59
49,2880,10,30,60,110,20,4496.6,-497.7,101.0,-1114.4,270,97,173,0.3593,8,311,62
50,1440,0,10,20,110,10,4468.7,-486.0,2253.8,-1032.3,1166,203,963,0.1741,22,334,566
51,2880,0,10,20,90,10,4385.5,-457.8,3177.2,-937.5,904,199,705,0.2201,24,421,407
52,1440,20,30,80,100,20,4392.3,-465.6,1667.4,-1620.6,218,107,111,0.4908,6,333,58
53,7200,-40,0,100,150,40,4384.5,-461.9,-841.4,-2726.3,202,78,124,0.3861,8,190,92
54,2880,0,30,20,120,20,4292.9,-418.9,-2388.9,-3152.1,927,120,807,0.1294,42,227,168
55,2880,20,40,50,110,20,4326.5,-440.5,424.6,-743.4,222,73,149,0.3288,9,263,46
56,4320,-20,30,100,80,50,3774.9,-164.9,2282.0,-976.8,140,91,49,0.6500,7,535,8
57,2880,20,30,40,50,10,4279.7,-421.9,1193.3,-784.1,581,276,305,0.4750,10,715,299
58,2880,20,40,70,100,20,4248.6,-409.1,-311.2,-1325.7,216,88,128,0.4074,9,315,52
59,2880,20,30,50,110,20,4228.4,-405.6,-771.1,-1252.4,173,50,123,0.2890,11,322,35
60,2880,10,20,30,90,10,4416.1,-499.6,2602.1,-1018.8,697,200,497,0.2869,15,368,386
61,2880,20,30,60,50,10,4264.9,-425.2,1230.8,-864.5,556,318,238,0.5719,9,715,324
62,2880,0,30,30,70,10,4407.0,-496.4,-517.2,-2347.6,1196,362,834,0.3027,13,195,287
63,1440,0,10,20,50,10,4062.9,-325.2,2451.3,-639.2,1241,402,839,0.3239,17,1187,476
64,2880,20,30,60,120,20,4371.9,-485.6,-1197.6,-1884.0,168,50,118,0.2976,10,274,40
65,2880,20,30,80,50,10,4306.6,-453.1,1043.4,-1253.1,538,342,196,0.6357,4,715,342
66,2880,10,30,30,140,20,4307.5,-458.2,569.8,-611.7,286,55,231,0.1923,18,188,47
67,2880,20,30,40,110,20,4117.0,-366.3,-781.8,-1213.1,174,42,132,0.2414,17,322,34
68,2880,0,40,60,120,30,4363.1,-489.8,1120.8,-1494.8,456,160,296,0.3509,16,255,168
69,2880,10,20,70,130,20,4367.0,-496.8,298.2,-955.4,174,63,111,0.3621,7,282,55
70,2880,40,50,50,100,20,3981.0,-308.4,201.3,-849.0,141,49,92,0.3475,7,251,30
71,2880,20,30,30,120,10,4271.2,-460.5,1915.9,-1051.6,563,128,435,0.2274,15,203,336
72,2880,20,40,100,100,20,4163.5,-408.4,451.6,-854.6,212,109,103,0.5142,4,315,56
73,2880,20,30,80,100,20,4274.7,-465.6,426.6,-770.4,162,75,87,0.4630,6,364,46
74,1440,20,30,30,110,20,3954.8,-307.0,1390.6,-678.9,242,63,179,0.2603,12,272,34
75,5760,-40,10,90,80,50,3883.2,-272.1,2454.3,-896.6,151,95,56,0.6291,7,436,22
76,7200,-40,0,80,140,40,4321.0,-491.9,953.7,-1446.9,209,81,128,0.3876,6,205,79
77,2880,30,50,70,100,20,4302.6,-494.9,93.1,-843.6,167,70,97,0.4192,7,253,31
78,2880,40,50,70,100,20,4045.2,-367.0,443.4,-923.0,138,60,78,0.4348,7,251,33
79,2880,10,30,30,100,20,4044.7,-368.4,579.8,-573.1,286,72,214,0.2517,14,358,46
80,2880,40,50,80,100,20,4107.3,-403.5,383.4,-1143.0,138,64,74,0.4638,7,251,33
81,1440,20,60,60,70,30,4010.9,-355.6,3586.0,-991.4,320,177,143,0.5531,5,366,38
82,11520,-50,90,70,150,0,4268.9,-487.0,937.7,-1170.3,189,65,124,0.3439,11,0,0
83,2880,20,30,30,50,10,3971.5,-343.3,1038.6,-912.2,602,244,358,0.4053,10,715,278
84,2880,0,20,20,120,20,4023.1,-372.6,1747.7,-558.9,389,70,319,0.1799,27,308,60
85,1440,0,10,30,50,10,4130.5,-435.4,2769.4,-903.5,1158,479,679,0.4136,10,1187,559
86,2880,20,40,40,100,20,3989.5,-366.3,759.7,-366.3,229,72,157,0.3144,9,315,39
87,2880,0,20,20,130,20,4123.8,-434.7,1568.4,-636.6,388,64,324,0.1649,27,273,61
88,4320,-10,30,100,70,40,3782.3,-264.2,1712.0,-824.0,140,93,47,0.6643,7,597,17
89,7200,-40,0,80,150,40,4152.4,-451.9,303.0,-1718.8,210,75,135,0.3571,10,190,84
90,4320,-10,30,100,60,40,3690.0,-224.9,1213.9,-793.3,123,85,38,0.6911,7,699,13
91,2880,30,50,60,100,20,4130.5,-447.0,81.0,-690.7,170,65,105,0.3824,7,253,28
92,2880,0,20,20,140,20,4103.8,-434.7,949.1,-637.8,387,56,331,0.1447,29,230,62
93,2880,0,10,40,60,10,4193.6,-482.7,5036.5,-557.1,805,378,427,0.4696,6,723,486
94,7200,-50,0,100,90,50,4033.7,-402.8,687.8,-1827.8,146,81,65,0.5548,5,334,37
95,2880,20,30,30,60,10,3989.2,-381.0,1263.5,-859.9,595,217,378,0.3647,11,581,294
96,2880,10,30,40,110,20,4120.3,-447.7,1107.5,-781.5,275,82,193,0.2982,11,311,57
97,5760,-40,10,60,80,50,3831.8,-303.5,2668.7,-668.7,159,88,71,0.5535,7,436,14
98,1440,20,30,20,60,10,4094.0,-437.5,1884.8,-893.0,736,214,522,0.2908,11,617,246
99,2880,0,10,20,70,10,4032.9,-407.7,2839.5,-854.1,915,242,673,0.2645,19,602,384
100,2880,10,30,30,110,20,4065.4,-426.1,599.8,-575.9,286,67,219,0.2343,15,311,46
101,2880,20,40,70,110,20,4110.7,-449.8,-260.5,-1303.5,215,83,132,0.3860,9,263,53
102,2880,0,40,30,100,20,4115.1,-453.3,-598.3,-1625.3,769,177,592,0.2302,18,226,136
103,2880,30,50,50,100,20,4019.1,-405.6,180.3,-730.8,171,59,112,0.3450,7,253,27
104,1440,20,30,30,80,20,3698.5,-245.6,1529.2,-534.9,244,82,162,0.3361,9,525,32
105,2880,-10,0,30,80,10,4027.1,-411.9,3333.5,-747.2,995,308,687,0.3095,15,531,617
106,1440,20,30,100,70,20,3925.3,-364.9,1098.1,-873.8,217,135,82,0.6221,3,684,58
107,2880,10,30,50,110,20,4012.4,-408.9,668.2,-771.7,274,91,183,0.3321,9,311,58
108,1440,20,30,80,70,20,4042.5,-426.3,1273.2,-1137.6,224,129,95,0.5759,5,684,51
109,7200,-40,0,50,140,40,3718.2,-266.3,1639.0,-1028.3,230,70,160,0.3043,8,205,58
110,2880,20,30,90,90,20,4108.9,-463.3,963.8,-648.9,166,89,77,0.5361,6,422,42
111,2880,0,20,20,150,20,4174.5,-496.8,1339.1,-616.6,387,55,332,0.1421,29,198,63
112,2880,0,10,40,70,10,4099.7,-459.8,4774.0,-575.3,780,332,448,0.4256,6,602,519
113,2880,10,30,30,90,20,3914.7,-368.4,1118.4,-602.9,288,83,205,0.2882,10,404,44
114,4320,-20,30,100,70,50,3579.8,-201.4,2296.7,-685.4,119,84,35,0.7059,4,613,6
115,1440,20,30,100,80,20,4147.4,-488.4,1230.9,-1203.4,213,126,87,0.5915,5,525,63
116,1440,40,50,50,50,10,3910.8,-374.5,2462.3,-473.1,411,233,178,0.5669,6,467,213
117,2880,20,30,60,110,20,4131.2,-485.6,-1139.0,-1904.7,170,54,116,0.3176,10,322,38
118,2880,-10,10,90,120,10,4131.6,-496.8,-94.5,-1272.9,735,317,418,0.4313,5,166,1551
119,1440,30,40,40,140,20,3995.1,-430.5,1168.4,-1020.9,188,49,139,0.2606,11,118,43
120,2880,40,50,100,90,20,4005.2,-437.0,744.8,-735.3,136,76,60,0.5588,6,324,35
121,1440,30,40,50,120,20,4038.6,-456.3,531.2,-1401.6,184,58,126,0.3152,11,168,47
122,1440,30,40,40,60,20,3623.9,-251.2,1482.1,-518.8,197,95,102,0.4822,5,706,33
123,2880,20,30,90,50,10,4072.2,-479.1,1143.9,-1219.6,523,347,176,0.6635,3,715,357
124,2880,0,40,60,80,30,4056.8,-471.9,884.7,-1232.7,479,214,265,0.4468,7,421,130
125,5760,-40,10,100,80,50,3713.2,-302.1,2074.3,-1034.7,151,96,55,0.6358,7,436,22
126,2880,20,30,60,60,10,4098.9,-496.3,1780.6,-757.3,542,289,253,0.5332,9,581,347
127,5760,-40,10,80,80,50,3753.2,-324.2,2694.3,-986.6,151,93,58,0.6159,7,436,22
128,2880,20,30,40,90,20,3837.0,-366.3,336.1,-693.1,177,58,119,0.3277,13,422,31
129,2880,0,40,60,90,30,3962.6,-431.9,1888.9,-1313.8,473,204,269,0.4313,16,368,144
130,4320,-20,30,90,80,50,3634.9,-272.1,2772.0,-816.8,140,91,49,0.6500,7,535,8
131,2880,20,40,40,110,20,3821.6,-366.3,1070.4,-511.7,228,69,159,0.3026,9,263,40
132,1440,20,30,60,80,20,3898.3,-406.3,1681.8,-1230.7,226,110,116,0.4867,6,525,50
133,1440,30,40,40,150,20,3925.1,-420.5,1319.1,-935.7,187,47,140,0.2513,11,100,44
134,2880,0,10,20,80,10,4067.1,-497.7,2825.1,-919.0,907,216,691,0.2381,20,502,400
135,1440,30,40,50,130,20,4029.3,-479.1,751.2,-1401.6,184,56,128,0.3043,11,138,47
136,7200,-50,0,100,80,50,3674.2,-302.1,1388.3,-1025.9,131,81,50,0.6183,4,381,29
137,10080,-40,20,40,120,10,3989.4,-461.7,-229.4,-2243.9,442,111,331,0.2511,28,34,8
138,2880,10,20,40,130,20,3985.1,-459.6,79.8,-990.9,186,45,141,0.2419,12,282,43
139,4320,-10,30,70,70,40,3352.3,-144.2,1369.9,-567.0,143,82,61,0.5734,8,597,14
140,1440,30,40,30,70,10,3890.6,-414.0,2629.9,-649.0,543,193,350,0.3554,13,357,269
141,2880,20,30,90,50,20,3569.8,-256.3,1083.3,-654.5,181,125,56,0.6906,3,1042,26
142,14400,-50,20,50,110,30,3659.5,-304.2,850.6,-969.9,242,82,160,0.3388,12,90,9
143,11520,-50,100,60,150,0,3965.9,-457.7,955.4,-1256.6,178,56,122,0.3146,10,0,0
144,2880,10,30,40,90,20,3749.6,-351.7,1904.7,-677.3,279,102,177,0.3656,8,404,53
145,2880,10,60,100,70,20,4040.2,-497.0,484.3,-968.0,451,270,181,0.5987,5,245,120
146,1440,20,30,60,70,20,3736.2,-347.0,1500.4,-1121.4,228,118,110,0.5175,6,684,47
147,1440,30,40,30,60,10,3980.8,-471.8,1894.3,-741.8,551,209,342,0.3793,10,473,260
148,4320,-20,30,90,70,50,3399.8,-181.4,2646.7,-555.4,119,84,35,0.7059,4,613,6
149,1440,30,40,40,120,20,3773.0,-369.1,1148.4,-983.7,188,55,133,0.2926,11,168,43
150,2880,40,60,60,90,20,3638.0,-303.5,333.9,-1099.0,123,52,71,0.4228,13,244,22
151,1440,20,30,30,100,20,3644.1,-307.0,1899.9,-493.1,243,72,171,0.2963,11,333,33
152,4320,-10,30,60,70,40,3272.3,-121.4,619.2,-555.4,144,72,72,0.5000,8,597,13
153,2880,20,40,50,120,20,3868.6,-420.5,644.6,-763.4,222,70,152,0.3153,9,220,47
154,1440,20,30,30,90,20,3641.3,-307.0,1899.9,-443.8,243,78,165,0.3210,11,421,33
155,2880,20,30,40,100,20,3747.0,-366.3,-361.8,-1073.1,174,48,126,0.2759,17,364,34
156,2880,10,30,40,100,20,3909.6,-447.7,1267.5,-747.3,275,89,186,0.3236,10,358,57
157,2880,30,40,100,60,20,3497.5,-242.8,1298.9,-578.5,173,117,56,0.6763,4,697,31
158,2880,-10,0,30,70,10,3852.4,-421.9,3993.0,-543.8,1010,350,660,0.3465,9,623,592
159,2880,20,30,50,100,20,3818.4,-405.6,-371.1,-1142.4,173,56,117,0.3237,11,364,35
160,2880,20,30,90,60,20,3683.3,-338.4,1227.5,-771.0,175,114,61,0.6514,4,790,32
161,7200,-40,0,60,140,40,3698.9,-346.3,585.3,-1491.8,221,70,151,0.3167,10,205,67
162,1440,30,40,40,70,20,3655.3,-325.6,1523.5,-448.8,195,86,109,0.4410,7,535,35
163,2880,40,60,70,90,20,3709.4,-353.5,654.6,-855.9,122,58,64,0.4754,8,244,23
164,7200,-50,0,80,140,40,3967.4,-484.2,863.3,-1684.3,281,107,174,0.3808,5,164,138
165,1440,20,30,30,70,20,3517.1,-259.6,1509.2,-477.0,244,90,154,0.3689,9,684,31
166,14400,-40,20,50,110,30,3691.1,-347.0,375.2,-1071.3,264,86,178,0.3258,12,107,29
167,1440,30,40,40,80,20,3727.4,-366.3,1744.9,-374.7,193,80,113,0.4145,7,405,37
168,2880,20,30,30,130,20,3705.6,-361.9,-535.3,-988.2,179,31,148,0.1732,17,230,29
169,4320,-10,30,80,70,40,3342.3,-184.2,1521.3,-576.3,141,86,55,0.6099,7,597,16
170,2880,40,50,80,90,20,3773.8,-403.5,682.7,-1053.7,139,70,69,0.5036,7,324,32
171,5760,-30,10,70,70,40,3682.0,-359.1,1767.5,-793.1,175,101,74,0.5771,8,503,23
172,2880,20,30,80,90,20,3914.7,-475.6,1143.1,-648.9,167,86,81,0.5150,6,422,41
173,2880,20,30,50,90,20,3768.4,-405.6,316.8,-591.7,176,66,110,0.3750,11,422,32
174,2880,0,30,30,80,20,3909.8,-481.0,471.3,-1880.7,841,239,602,0.2842,17,370,240
175,2880,30,40,100,100,20,3785.9,-419.6,88.0,-857.4,160,81,79,0.5062,5,317,45
176,2880,10,30,50,100,20,3761.7,-407.7,808.2,-696.9,274,98,176,0.3577,8,358,58
177,2880,20,30,50,50,10,3922.3,-488.5,1706.6,-830.5,562,302,260,0.5374,9,715,318
178,2880,30,40,70,100,20,3791.0,-424.2,-233.4,-1118.4,162,66,96,0.4074,10,317,43
179,2880,0,10,50,50,10,3882.0,-471.7,3938.6,-685.7,802,446,356,0.5561,6,899,471
180,5760,-20,0,100,50,20,3661.7,-361.9,1247.0,-1383.6,290,203,87,0.7000,4,709,121
181,2880,0,40,40,70,20,3836.8,-449.9,-44.0,-1445.4,720,266,454,0.3694,11,324,157
182,7200,-40,0,70,140,40,3660.3,-361.9,618.1,-1395.8,217,76,141,0.3502,7,205,71
183,8640,-20,10,100,50,30,3359.7,-211.9,663.9,-929.4,123,87,36,0.7073,5,604,31
184,2880,40,50,70,90,20,3642.4,-353.5,572.7,-833.7,139,65,74,0.4676,7,324,32
185,5760,-10,0,20,50,10,3447.7,-258.2,359.8,-737.0,686,208,478,0.3032,17,663,304
186,1440,20,30,20,70,10,3784.5,-427.5,1732.5,-790.2,725,186,539,0.2566,17,474,258
187,2880,30,40,90,100,20,3835.9,-453.5,-72.0,-713.9,160,76,84,0.4750,7,317,45
188,1440,10,30,30,120,20,3751.4,-413.1,1774.2,-1283.2,294,72,222,0.2449,20,239,36
189,4320,-10,30,90,70,40,3372.3,-224.2,2022.0,-694.0,140,92,48,0.6571,7,597,17
190,1440,10,40,100,80,30,3526.9,-302.1,1645.1,-595.4,107,69,38,0.6449,3,534,18
191,2880,40,50,50,90,20,3548.9,-316.3,360.6,-724.8,142,54,88,0.3803,7,324,29
192,2880,20,40,50,90,20,3773.0,-429.8,733.9,-756.5,223,86,137,0.3857,9,352,45
193,5760,-40,10,70,70,40,3628.8,-359.1,1553.3,-1489.6,281,153,128,0.5445,6,400,57
194,1440,10,20,20,50,10,3643.1,-366.6,1129.9,-753.9,943,295,648,0.3128,27,1013,300
195,2880,20,30,90,80,20,3677.5,-385.6,1082.4,-624.0,168,96,72,0.5714,5,512,40
196,2880,40,50,60,100,20,3722.4,-408.4,302.0,-767.9,140,55,85,0.3929,7,251,31
197,1440,20,40,100,80,30,3350.7,-222.8,1499.1,-464.5,87,57,30,0.6552,3,529,14
198,2880,0,10,40,50,10,3746.1,-421.3,4991.8,-646.6,826,429,397,0.5194,6,899,447
199,2880,20,30,30,120,20,3644.2,-371.9,-245.3,-672.7,179,35,144,0.1955,17,274,29
200,5760,-40,10,70,80,50,3462.5,-282.8,2382.9,-1107.3,153,88,65,0.5752,7,436,20
201,7200,-40,0,50,120,40,3468.9,-286.3,1002.5,-1160.0,225,73,152,0.3244,7,251,55
202,2880,-10,0,30,60,10,3579.8,-344.0,3307.4,-632.9,1018,384,634,0.3772,9,760,562
203,2880,30,50,70,90,20,3880.5,-494.9,33.1,-1056.9,167,74,93,0.4431,7,315,30
204,1440,20,40,100,70,30,3290.7,-201.4,1168.4,-464.5,88,59,29,0.6705,3,677,12
205,2880,20,40,50,80,20,3523.0,-319.8,1830.4,-456.3,228,103,125,0.4518,9,407,39
206,1440,20,40,100,130,30,3773.5,-446.3,999.8,-1268.0,86,42,44,0.4884,6,187,16
207,1440,20,40,80,80,30,3210.7,-167.0,1538.4,-258.9,88,54,34,0.6136,3,529,13
208,11520,-50,90,70,140,0,3868.2,-497.0,707.7,-1299.9,189,67,122,0.3545,8,0,0
209,2880,40,60,60,80,20,3405.9,-266.3,513.9,-953.6,123,57,66,0.4634,8,309,21
210,10080,-40,20,40,100,10,3832.9,-480.3,-985.9,-2730.5,437,120,317,0.2746,28,40,7
211,2880,0,40,30,110,30,3844.6,-486.2,126.2,-1055.8,534,118,416,0.2210,20,290,89
212,1440,20,30,100,60,20,3523.2,-325.6,1283.2,-958.9,224,149,75,0.6652,3,878,51
213,1440,0,10,100,50,20,3505.4,-316.8,1623.6,-606.3,252,180,72,0.7143,4,1711,34
214,1440,40,50,40,50,10,3522.4,-325.6,2084.6,-472.9,422,214,208,0.5071,9,467,202
215,1440,20,40,100,90,30,3342.1,-235.6,1879.1,-336.3,87,56,31,0.6437,3,422,14
216,2880,10,20,70,140,20,3857.7,-494.9,-190.4,-1006.6,172,57,115,0.3314,7,237,57
217,7200,-40,0,50,130,40,3418.2,-276.3,1119.0,-1158.3,230,71,159,0.3087,8,222,57
218,2880,-10,0,30,50,10,3612.8,-374.2,2728.8,-593.6,1016,424,592,0.4173,10,914,524
219,4320,-10,30,90,60,40,3230.0,-184.9,1443.9,-673.3,123,84,39,0.6829,7,699,13
220,2880,30,40,20,80,10,3783.2,-462.7,-143.6,-1526.0,548,112,436,0.2044,21,325,217
221,2880,0,40,40,80,30,3757.9,-451.9,1445.1,-1120.4,507,184,323,0.3629,15,421,102
222,2880,20,30,100,50,20,3469.8,-308.4,924.0,-824.5,180,127,53,0.7056,3,1042,27
223,1440,30,40,40,130,20,3733.7,-440.5,1188.4,-1160.9,188,52,136,0.2766,11,138,43
224,1440,20,30,90,70,20,3843.2,-496.3,1486.0,-795.9,220,134,86,0.6091,4,684,55
225,7200,-30,0,100,100,40,3254.5,-202.8,455.9,-918.9,63,34,29,0.5397,6,367,3
226,1440,30,40,50,80,20,3653.0,-405.6,1547.0,-516.1,190,86,104,0.4526,7,405,40
227,2880,0,30,20,110,20,3741.5,-450.4,-1399.6,-2205.3,928,137,791,0.1476,22,254,166
228,2880,0,30,40,80,20,3834.1,-498.9,938.9,-2127.4,773,270,503,0.3493,16,370,308
229,2880,20,30,90,70,20,3466.1,-314.9,1221.0,-694.0,170,104,66,0.6118,5,644,37
230,2880,0,40,30,120,30,3756.0,-460.5,436.9,-855.8,533,112,421,0.2101,20,255,91
231,5760,-40,10,60,90,50,3505.5,-335.6,2209.8,-988.7,186,90,96,0.4839,11,386,18
232,2880,40,60,80,90,20,3569.4,-369.1,694.6,-865.2,122,62,60,0.5082,7,244,23
233,7200,-40,0,90,150,40,3813.1,-491.2,-593.5,-2504.9,205,75,130,0.3659,9,190,89
234,7200,-50,0,90,80,50,3374.2,-272.1,1627.6,-998.7,132,80,52,0.6061,4,381,28
235,5760,-30,10,70,60,40,3298.1,-234.9,1459.9,-727.5,143,89,54,0.6224,8,605,10
236,7200,-50,0,70,90,50,3423.0,-297.7,1484.3,-1272.7,151,76,75,0.5033,8,334,32
237,1440,10,20,20,60,10,3718.5,-445.9,609.7,-885.8,929,248,681,0.2670,27,781,318
238,2880,20,40,40,90,20,3558.8,-366.3,949.7,-486.5,229,79,150,0.3450,9,352,39
239,1440,20,30,40,120,20,3639.7,-407.0,1399.7,-1439.8,229,67,162,0.2926,13,222,47
240,2880,40,50,90,100,20,3728.0,-453.5,584.8,-782.7,136,68,68,0.5000,7,251,35
241,1440,0,10,80,50,20,3583.3,-381.5,1812.9,-466.3,253,171,82,0.6759,4,1711,33
242,2880,0,40,80,100,30,3652.2,-416.1,2863.2,-1024.5,424,206,218,0.4858,10,328,198
243,1440,20,30,30,130,20,3665.5,-423.3,1081.3,-1338.9,241,53,188,0.2199,18,186,35
244,2880,0,10,30,50,10,3613.0,-397.3,3685.4,-777.8,878,383,495,0.4362,8,899,395
245,2880,30,40,80,100,20,3784.5,-484.2,228.0,-707.7,160,73,87,0.4562,8,317,45
246,11520,-50,20,50,120,20,3478.0,-331.0,859.5,-939.3,315,99,216,0.3143,14,59,8
247,2880,-30,30,30,120,20,3750.1,-471.0,17.9,-1487.3,703,144,559,0.2048,25,150,27
248,4320,-10,30,80,60,40,3130.0,-161.4,1053.2,-564.9,124,79,45,0.6371,7,699,12
249,11520,-50,100,60,130,0,3535.2,-364.2,785.4,-1187.8,178,61,117,0.3427,10,0,0
250,1440,20,40,90,80,30,3260.7,-227.0,1289.1,-386.1,87,54,33,0.6207,3,529,14
251,4320,-10,30,60,60,40,3050.0,-122.8,391.8,-560.3,126,67,59,0.5317,8,699,10
252,1440,20,40,40,60,20,3254.1,-225.6,1893.7,-354.7,209,104,105,0.4976,6,653,25
253,2880,20,40,40,80,20,3328.8,-263.1,1638.3,-370.5,231,92,139,0.3983,9,407,36
254,2880,-10,30,30,80,20,3661.7,-432.4,376.7,-1643.1,819,232,587,0.2833,17,315,129
255,2880,0,40,30,90,20,3620.9,-413.1,-512.5,-1597.7,775,194,581,0.2503,15,254,127
256,1440,30,40,90,60,20,3784.4,-495.4,1339.1,-924.6,187,122,65,0.6524,5,706,43
257,2880,10,40,30,100,20,3739.5,-476.8,245.0,-1352.0,750,179,571,0.2387,18,262,244
258,2880,40,60,100,90,20,3682.2,-448.4,824.6,-1094.4,122,69,53,0.5656,7,244,23
259,4320,0,10,30,50,10,3419.8,-317.3,1502.5,-1031.2,725,297,428,0.4097,9,714,373
260,14400,-20,20,50,110,30,3375.7,-296.3,691.9,-998.2,283,94,189,0.3322,13,150,100
261,2880,0,40,80,60,30,3599.2,-408.4,2372.7,-670.1,439,270,169,0.6150,5,589,113
262,11520,-50,100,60,120,0,3545.2,-383.1,175.4,-1297.8,178,61,117,0.3427,10,0,0
263,1440,20,40,90,70,30,3180.7,-202.8,1138.4,-454.5,88,57,31,0.6477,3,677,12
264,10080,-50,100,40,150,0,3504.0,-366.3,531.9,-759.4,183,42,141,0.2295,11,0,0
265,1440,20,30,80,60,20,3661.1,-446.3,1238.3,-961.7,231,142,89,0.6147,5,878,44
266,1440,30,40,50,60,20,3408.1,-320.5,1223.5,-688.1,195,101,94,0.5179,5,706,35
267,4320,-10,30,70,60,40,3070.0,-152.8,971.8,-565.6,126,76,50,0.6032,8,699,10
268,7200,-40,0,50,150,40,3378.2,-307.0,1136.2,-1329.1,234,65,169,0.2778,11,190,60
269,5760,30,40,30,140,10,3739.9,-488.9,2167.7,-1164.3,389,83,306,0.2134,26,139,187
270,11520,-50,20,60,110,10,3610.5,-424.7,660.6,-1419.3,342,126,216,0.3684,11,30,10
271,1440,20,30,50,70,20,3394.8,-317.7,1677.6,-1054.2,232,112,120,0.4828,6,684,43
272,11520,-50,100,60,140,0,3705.9,-474.7,995.4,-1124.5,178,59,119,0.3315,10,0,0
273,12960,-50,90,40,140,10,3568.0,-407.0,118.2,-928.6,174,40,134,0.2299,9,12,0
274,5760,-40,10,80,70,50,3122.1,-184.2,2073.9,-829.8,123,80,43,0.6504,8,510,13
275,5760,-40,10,90,70,50,3202.1,-224.2,1643.9,-949.8,123,80,43,0.6504,8,510,13
276,2880,30,40,90,60,20,3477.5,-362.8,1258.9,-516.3,173,113,60,0.6532,5,697,31
277,1440,30,40,40,100,20,3610.2,-429.8,947.0,-718.1,190,62,128,0.3263,9,260,41
278,2880,20,30,80,50,20,3257.0,-255.6,1253.3,-484.5,181,122,59,0.6740,3,1042,26
279,4320,-10,30,50,70,40,3012.3,-133.5,259.2,-751.8,144,63,81,0.4375,8,597,13
280,1440,20,40,80,70,30,3110.7,-184.2,1367.7,-287.7,89,57,32,0.6404,3,677,11
281,2880,20,30,60,100,20,3711.2,-485.6,-879.0,-1750.3,170,59,111,0.3471,10,364,38
282,1440,30,40,50,100,20,3655.8,-458.4,569.1,-882.9,187,67,120,0.3583,9,260,44
283,1440,20,40,80,90,30,3222.1,-242.1,1738.4,-242.1,88,52,36,0.5909,3,422,13
284,2880,20,30,40,80,20,3465.6,-368.4,956.1,-503.1,177,68,109,0.3842,10,512,31
285,14400,-30,20,50,110,30,3418.5,-347.0,473.3,-946.2,281,92,189,0.3274,13,130,64
286,2880,-10,0,30,90,10,3679.0,-477.3,3003.3,-893.3,981,276,705,0.2813,14,454,637
287,1440,20,30,80,50,20,3395.5,-336.3,1449.9,-1008.9,243,162,81,0.6667,5,1190,32
288,2880,30,40,90,50,20,3266.1,-272.1,1635.4,-372.6,178,127,51,0.7135,3,900,26
289,2880,0,40,60,60,30,3588.0,-433.3,1534.5,-900.2,465,248,217,0.5333,6,589,87
290,7200,-30,0,100,140,40,3448.9,-364.2,-515.3,-1289.0,79,31,48,0.3924,6,240,4
291,2880,20,40,50,70,20,3291.6,-285.6,1829.7,-483.3,229,112,117,0.4891,9,494,36
292,5760,-40,10,60,70,50,3082.1,-182.1,1720.4,-728.9,128,73,55,0.5703,8,510,8
293,2880,30,50,50,90,20,3527.0,-405.6,150.3,-763.4,171,63,108,0.3684,7,315,26
294,2880,10,20,40,120,20,3534.4,-409.8,467.7,-787.3,189,51,138,0.2698,12,323,40
295,4320,-10,0,20,50,10,3410.7,-348.9,1245.1,-583.6,907,286,621,0.3153,12,767,368
296,1440,20,40,90,90,30,3262.1,-276.3,1649.1,-286.1,87,53,34,0.6092,3,422,14
297,7200,-50,0,90,90,50,3433.7,-362.8,1156.4,-1660.6,148,81,67,0.5473,5,334,35
298,2880,20,40,50,60,20,3298.1,-295.6,1911.1,-354.0,227,122,105,0.5374,6,623,31
299,1440,40,50,60,50,10,3669.9,-482.2,2878.6,-573.1,402,248,154,0.6169,4,467,222
300,2880,20,30,50,60,20,3414.9,-354.9,1154.7,-455.4,179,93,86,0.5196,6,790,28
301,12960,-50,90,40,150,10,3517.3,-407.0,518.2,-759.2,174,40,134,0.2299,9,11,0
302,1440,-20,20,80,50,40,3212.7,-255.6,1822.6,-641.2,182,127,55,0.6978,5,1557,9
303,1440,10,40,100,70,30,3367.6,-333.5,1603.7,-685.4,109,74,35,0.6789,3,656,16
304,14400,-50,20,60,110,30,3475.8,-387.8,986.9,-776.4,233,89,144,0.3820,8,90,18
305,5760,-30,10,90,60,40,3188.1,-244.2,1642.7,-847.7,139,95,44,0.6835,8,605,14
306,2880,10,20,50,120,20,3510.7,-405.6,429.8,-1127.3,186,58,128,0.3118,12,323,43
307,1440,10,30,30,80,20,3414.4,-358.2,1173.5,-821.3,295,93,202,0.3153,15,526,34
308,2880,40,60,80,110,20,3342.2,-322.8,1283.9,-934.7,123,59,64,0.4797,7,171,23
309,2880,20,30,40,60,20,3263.5,-284.9,1314.7,-376.8,179,86,93,0.4804,6,790,28
310,1440,0,10,20,70,10,3663.0,-486.0,1703.7,-812.7,1209,297,912,0.2457,22,739,521
311,2880,30,40,20,70,10,3636.9,-473.4,142.2,-1207.8,554,129,425,0.2329,20,384,210
312,2880,30,40,80,50,20,3234.7,-273.5,1625.4,-434.9,178,123,55,0.6910,4,900,26
313,4320,-10,30,100,50,40,3089.1,-201.4,1689.8,-302.1,86,69,17,0.8023,3,890,3
314,2880,20,30,40,70,20,3254.9,-284.9,1196.8,-536.8,176,76,100,0.4318,10,644,31
315,4320,-10,0,20,60,10,3522.8,-419.6,87.2,-1244.1,904,235,669,0.2600,16,600,409
316,10080,-40,100,40,150,0,3409.1,-366.3,382.8,-840.8,196,44,152,0.2245,12,0,0
317,2880,30,40,70,60,20,3264.0,-294.2,887.5,-697.8,175,102,73,0.5829,5,697,29
318,14400,-40,20,60,110,30,3548.8,-437.0,574.3,-897.8,251,93,158,0.3705,8,107,42
319,5760,-40,10,90,90,50,3416.9,-371.2,1496.8,-1574.1,176,97,79,0.5511,10,386,28
320,5760,-40,10,50,80,50,3181.1,-253.5,2367.3,-573.3,161,81,80,0.5031,7,436,12
321,1440,30,40,50,70,20,3379.5,-354.9,1305.6,-633.6,192,92,100,0.4792,7,535,38
322,2880,30,40,80,60,20,3356.1,-344.2,1438.9,-527.0,173,110,63,0.6358,5,697,31
323,2880,40,50,90,90,20,3574.5,-456.3,894.1,-770.4,137,74,63,0.5401,6,324,34
324,2880,30,50,60,90,20,3588.4,-464.0,31.0,-802.5,170,69,101,0.4059,7,315,27
325,2880,0,40,30,100,30,3592.5,-466.2,605.5,-891.9,535,131,404,0.2449,20,328,87
326,2880,30,40,50,100,20,3376.8,-359.1,32.4,-764.4,168,57,111,0.3393,10,317,37
327,2880,10,20,70,150,20,3648.4,-494.9,159.6,-958.2,172,56,116,0.3256,7,198,57
328,1440,-40,40,20,90,20,3501.6,-421.7,1.6,-804.8,712,134,578,0.1882,18,190,5
329,2880,10,30,30,80,20,3394.0,-368.4,1577.7,-452.9,289,95,194,0.3287,9,475,42
330,14400,-50,20,50,120,30,3567.4,-456.3,277.8,-1136.2,246,75,171,0.3049,14,86,9
331,1440,10,30,30,110,20,3560.7,-453.1,1614.2,-1073.2,294,76,218,0.2585,20,284,36
332,1440,20,40,90,60,30,3080.0,-212.8,1105.6,-394.2,92,63,29,0.6848,3,875,8
333,8640,-20,10,90,50,30,3098.3,-222.8,422.5,-859.6,125,84,41,0.6720,5,604,29
334,1440,20,40,100,60,30,3050.0,-201.4,1135.6,-444.2,92,65,27,0.7065,3,875,8
335,2880,30,40,100,50,20,3176.1,-265.4,1575.4,-466.8,178,130,48,0.7303,2,900,26
336,2880,40,60,70,80,20,3317.3,-336.3,824.6,-824.5,122,63,59,0.5164,8,309,22
337,2880,30,40,70,110,20,3493.1,-424.2,-402.7,-1207.2,161,61,100,0.3789,10,262,44
338,11520,-40,90,70,150,0,3632.6,-494.5,961.4,-1382.4,198,68,130,0.3434,12,0,0
339,1440,20,30,50,80,20,3396.9,-377.0,1859.0,-1163.5,230,104,126,0.4522,9,525,46
340,8640,-20,10,50,50,30,2955.5,-156.3,507.6,-632.2,132,72,60,0.5455,6,604,22
341,1440,-20,20,90,50,40,3072.7,-214.9,2392.6,-577.7,182,135,47,0.7418,5,1557,9
342,2880,40,60,60,100,20,3369.4,-364.2,533.9,-1098.5,123,50,73,0.4065,13,200,22
343,2880,30,40,60,100,20,3578.9,-469.1,-156.2,-894.6,166,62,104,0.3735,10,317,39
344,7200,-30,0,90,140,40,3268.9,-314.2,-265.3,-1065.5,79,30,49,0.3797,6,240,4
345,1440,0,10,60,50,20,3111.2,-235.4,2280.8,-398.4,256,162,94,0.6328,4,1711,30
346,2880,-30,30,60,120,20,3624.0,-491.9,848.4,-1289.4,588,203,385,0.3452,10,150,142
347,2880,10,20,40,150,20,3395.8,-379.8,-78.8,-1003.6,184,39,145,0.2120,13,198,45
348,7200,-40,100,40,150,10,3531.4,-447.7,830.9,-759.4,213,50,163,0.2347,11,14,0
349,14400,-40,20,60,90,30,3392.3,-378.2,-282.4,-967.1,232,92,140,0.3966,10,135,34
350,5760,-20,0,90,50,20,3378.9,-372.6,1655.6,-1133.6,292,201,91,0.6884,4,709,119
351,5760,-20,0,40,50,20,3098.6,-233.3,1401.8,-481.5,326,163,163,0.5000,6,709,85
352,2880,20,30,30,110,20,3393.5,-381.9,-206.0,-612.7,180,38,142,0.2111,17,322,28
353,7200,-30,0,100,90,40,3055.2,-212.8,731.5,-459.8,55,33,22,0.6000,4,415,3
354,2880,20,30,30,150,20,3496.3,-434.0,-455.3,-988.2,179,28,151,0.1564,18,177,29
355,1440,0,10,70,50,20,3222.6,-297.7,1962.2,-488.4,254,166,88,0.6535,4,1711,32
356,5760,-20,0,50,50,20,3142.1,-257.7,1726.7,-533.6,319,179,140,0.5611,6,709,92
357,2880,-30,30,30,110,20,3620.1,-497.3,660.7,-1494.3,699,158,541,0.2260,17,167,26
358,2880,20,30,30,90,20,3373.5,-374.0,532.6,-563.8,182,51,131,0.2802,17,422,26
359,1440,20,40,80,60,30,2990.0,-182.8,1174.9,-344.2,93,62,31,0.6667,3,875,7
360,2880,30,40,70,50,20,3163.3,-269.8,1074.0,-577.8,180,115,65,0.6389,5,900,24
361,12960,-50,90,40,120,10,3448.7,-412.6,-161.1,-839.2,173,43,130,0.2486,8,13,0
362,5760,-30,10,50,60,40,2927.4,-152.1,1237.1,-472.6,147,79,68,0.5374,7,605,6
363,1440,0,60,70,70,40,3470.6,-424.2,2212.0,-1024.8,240,137,103,0.5708,6,470,22
364,11520,-50,90,40,150,0,3598.9,-488.4,287.7,-1125.9,189,42,147,0.2222,24,0,0
365,2880,0,40,60,70,30,3558.2,-468.4,1509.6,-902.4,472,232,240,0.4915,7,505,112
366,7200,-40,0,70,80,40,3310.6,-344.9,1215.4,-1752.2,178,92,86,0.5169,9,370,45
367,2880,20,30,80,60,20,3469.8,-424.9,1417.5,-634.0,175,111,64,0.6343,4,790,32
368,1440,10,30,30,90,20,3445.8,-413.1,1472.8,-714.5,296,88,208,0.2973,15,425,34
369,1440,20,30,70,70,20,3479.0,-429.8,1240.4,-1191.4,228,124,104,0.5439,6,684,47
370,1440,20,30,40,110,20,3429.7,-407.0,1329.7,-1149.1,229,71,158,0.3100,12,272,47
371,1440,30,40,50,110,20,3526.5,-456.3,860.5,-941.6,185,64,121,0.3459,9,206,46
372,8640,-20,10,80,50,30,2997.6,-192.8,639.7,-699.6,129,85,44,0.6589,5,604,25
373,4320,30,40,60,60,10,3585.7,-487.0,769.2,-1064.1,444,231,213,0.5203,7,464,252
374,7200,-50,0,100,100,50,3416.7,-402.8,689.4,-1850.4,158,83,75,0.5253,6,309,41
375,1440,10,30,80,50,20,3426.3,-408.2,1149.1,-776.8,287,187,100,0.6516,4,1060,34
376,2880,30,40,50,110,20,3388.9,-389.8,13.1,-933.7,167,53,114,0.3174,10,262,38
377,5760,30,40,30,90,10,3545.9,-468.9,2689.3,-1041.1,401,125,276,0.3117,22,263,173
378,1440,20,40,50,60,20,3197.6,-295.6,1545.8,-563.6,206,109,97,0.5291,5,653,28
379,7200,-40,0,80,80,40,3420.6,-407.7,1398.9,-1870.1,173,96,77,0.5549,8,370,50
380,2880,20,40,40,70,20,3117.4,-256.3,1777.6,-390.5,232,102,130,0.4397,9,494,33
381,2880,0,40,80,90,30,3596.6,-496.1,2975.5,-934.0,435,224,211,0.5149,7,368,182
382,5760,-40,10,80,90,50,3376.9,-386.3,1776.8,-1514.1,176,94,82,0.5341,10,386,28
383,14400,-50,20,60,120,30,3574.4,-485.6,495.5,-883.4,235,82,153,0.3489,8,86,20
384,2880,20,30,30,140,20,3486.3,-441.7,-395.3,-978.2,179,30,149,0.1676,17,198,29
385,12960,-40,90,40,140,10,3578.9,-488.4,431.2,-870.7,184,44,140,0.2391,10,12,0
386,1440,20,40,100,120,30,3532.8,-466.3,1239.8,-783.8,86,45,41,0.5233,6,223,15
387,2880,0,20,20,110,20,3343.8,-372.6,1957.7,-558.9,389,77,312,0.1979,27,351,60
388,12960,-30,90,40,140,10,3572.6,-488.4,465.6,-934.9,192,46,146,0.2396,10,14,0
389,12960,-30,90,40,150,10,3571.9,-488.4,694.9,-907.7,193,45,148,0.2332,11,11,0
390,1440,30,40,40,50,20,3001.1,-203.5,1367.9,-505.0,203,107,96,0.5271,5,940,27
391,5760,-40,0,70,60,30,3250.5,-328.4,760.1,-1142.5,357,200,157,0.5602,6,439,103
392,1440,20,60,60,60,30,3202.3,-304.9,2716.7,-911.4,319,184,135,0.5768,6,459,33
393,10080,-10,10,80,100,20,3163.5,-285.6,-430.5,-821.4,215,94,121,0.4372,5,254,140
394,4320,-10,0,20,70,10,3571.2,-489.6,117.9,-1191.6,903,209,694,0.2315,19,516,434
395,2880,20,40,40,60,20,3123.9,-266.3,1779.7,-347.7,229,111,118,0.4847,8,623,29
396,2880,20,40,50,50,20,3200.9,-305.6,2091.1,-360.5,227,136,91,0.5991,6,764,23
397,2880,-20,30,30,100,20,3409.0,-410.1,1167.5,-1230.7,775,192,583,0.2477,19,214,66
398,2880,0,40,50,90,30,3520.0,-466.1,2189.1,-1074.5,487,192,295,0.3943,16,368,130
399,1440,10,30,30,70,20,3413.7,-413.1,882.1,-911.3,297,100,197,0.3367,15,654,32
400,7200,-50,0,70,80,50,3254.2,-336.3,1855.5,-869.4,135,76,59,0.5630,7,381,25
401,12960,-40,90,40,150,10,3558.2,-488.4,681.2,-812.8,184,43,141,0.2337,10,11,0
402,5760,-20,0,80,50,20,3287.5,-354.2,1740.7,-964.3,299,199,100,0.6656,5,709,112
403,1440,30,40,80,130,30,3480.9,-451.2,912.3,-1127.1,111,47,64,0.4234,7,171,23
404,1440,20,60,60,90,30,3568.6,-496.1,3647.4,-973.5,318,153,165,0.4811,6,245,48
405,10080,-10,100,30,150,10,3189.3,-307.0,323.2,-1257.4,224,40,184,0.1786,19,11,0
406,1440,20,40,70,130,30,3471.4,-448.4,1178.4,-698.7,88,37,51,0.4205,6,187,14
407,2880,40,60,90,90,20,3490.8,-459.1,994.6,-964.4,122,67,55,0.5492,7,244,23
408,8640,-30,0,40,130,30,3475.1,-452.4,350.6,-717.9,242,60,182,0.2479,14,206,77
409,7200,-50,0,80,80,40,3541.4,-485.6,2142.9,-1119.1,253,141,112,0.5573,5,288,81
410,2880,0,10,30,60,10,3561.2,-495.7,3686.6,-729.2,862,335,527,0.3886,8,723,429
411,10080,-10,20,80,120,30,3302.0,-368.4,-1185.7,-1459.4,151,55,96,0.3642,6,214,54
412,1440,20,40,70,80,30,2988.6,-212.1,1657.7,-212.1,89,53,36,0.5955,3,529,12
413,4320,-20,30,80,80,50,3053.5,-246.3,2942.0,-656.8,140,89,51,0.6357,7,535,8
414,2880,20,30,60,90,20,3531.2,-485.6,148.9,-771.0,173,71,102,0.4104,10,422,35
415,2880,10,30,60,90,20,3535.9,-489.1,1518.2,-749.4,274,121,153,0.4416,6,404,58
416,2880,0,10,20,50,10,3261.2,-351.9,3053.4,-542.0,938,321,617,0.3422,14,899,335
417,2880,0,20,20,100,20,3302.4,-372.6,2367.0,-558.9,390,87,303,0.2231,27,399,59
418,2880,20,30,100,60,20,3373.3,-408.4,1138.9,-863.8,173,116,57,0.6705,4,790,34
419,2880,20,30,50,80,20,3367.0,-405.6,826.8,-507.0,176,75,101,0.4261,10,512,32
420,14400,-50,20,60,90,30,3310.0,-378.2,60.2,-1006.2,214,87,127,0.4065,9,112,15
421,5760,30,40,30,80,10,3391.0,-419.6,2605.8,-892.9,406,137,269,0.3374,20,306,167
422,7200,-40,0,50,110,40,3111.7,-280.5,1318.1,-1324.8,217,77,140,0.3548,7,276,51
423,7200,-40,100,50,150,10,3361.4,-405.6,600.9,-729.4,213,57,156,0.2676,11,14,0
424,1440,20,30,20,50,10,3379.1,-414.8,1954.3,-864.2,751,250,501,0.3329,11,790,229
425,4320,-20,30,50,80,50,2853.5,-152.1,2059.2,-458.9,144,72,72,0.5000,8,535,4
426,4320,-20,30,60,80,50,2913.5,-182.1,2599.2,-527.7,144,81,63,0.5625,8,535,4
427,7200,-40,0,50,80,40,3099.2,-275.6,1641.9,-1120.6,183,84,99,0.4590,9,370,40
428,2880,40,50,70,110,20,3518.7,-488.4,574.1,-898.8,137,57,80,0.4161,7,207,34
429,10080,10,100,30,150,10,3233.9,-346.1,-123.4,-1380.2,262,44,218,0.1679,22,13,0
430,11520,-30,90,70,150,0,3514.9,-487.0,1071.6,-1453.1,212,73,139,0.3443,13,0,0
431,12960,0,30,80,110,30,3126.7,-294.2,209.3,-1390.3,101,44,57,0.4356,8,208,25
432,2880,10,30,50,90,20,3441.7,-451.7,1585.4,-618.2,278,112,166,0.4029,7,404,54
433,2880,30,80,70,80,30,3509.4,-486.3,1469.6,-1330.8,272,138,134,0.5074,9,210,45
434,2880,20,30,30,100,20,3243.5,-354.0,-66.0,-665.2,180,42,138,0.2333,17,364,28
435,5760,-10,0,40,50,10,3073.0,-268.8,1596.3,-601.3,591,285,306,0.4822,9,663,399
436,4320,-10,10,30,50,20,2866.2,-165.6,2021.4,-379.6,398,178,220,0.4472,8,839,59
437,7200,-40,0,60,130,40,3368.9,-417.0,265.3,-1449.3,221,72,149,0.3258,7,222,66
438,2880,10,20,60,50,10,3490.6,-478.2,3585.2,-508.7,664,399,265,0.6009,4,817,400
439,12960,-30,90,20,120,10,3113.3,-289.8,-153.0,-664.0,190,27,163,0.1421,14,17,0
440,11520,-40,100,60,140,0,3481.0,-474.7,1049.1,-1167.3,187,62,125,0.3316,11,0,0
441,4320,10,30,80,50,20,3166.9,-318.4,1234.5,-610.4,265,174,91,0.6566,4,738,49
442,5760,-30,10,100,60,40,3098.1,-284.2,1522.7,-947.7,139,97,42,0.6978,8,605,14
443,1440,20,30,30,140,20,3356.2,-413.3,1101.3,-1348.9,241,50,191,0.2075,18,151,35
444,1440,20,40,80,130,30,3463.5,-467.7,959.1,-998.7,87,38,49,0.4368,6,187,15
445,4320,-20,10,70,70,30,3404.1,-438.2,2737.0,-930.3,290,166,124,0.5724,7,580,70
446,8640,-30,100,40,150,0,3504.4,-488.4,-132.6,-1139.4,218,46,172,0.2110,15,0,0
447,5760,-40,10,50,70,50,2831.4,-152.1,1329.0,-662.4,130,66,64,0.5077,8,510,6
448,1440,20,30,100,50,20,3236.9,-355.6,1734.8,-861.2,236,170,66,0.7203,3,1190,39
449,7200,-40,0,70,150,40,3451.7,-463.3,207.4,-1899.8,218,71,147,0.3257,10,190,76
450,11520,-50,100,50,150,0,3335.9,-405.6,575.4,-1039.2,178,48,130,0.2697,11,0,0
451,7200,-50,10,80,80,50,3182.7,-329.8,1876.1,-1086.9,177,101,76,0.5706,4,314,36
452,2880,0,30,20,90,20,3435.2,-456.6,-1362.4,-2436.2,932,163,769,0.1749,22,326,157
453,5760,-50,10,90,80,50,3360.3,-419.8,877.2,-1193.0,204,114,90,0.5588,7,358,32
454,7200,-40,0,80,90,40,3275.7,-377.7,1211.9,-1833.6,183,94,89,0.5137,6,341,54
455,4320,30,40,40,60,10,3404.7,-443.1,1048.9,-893.2,473,203,270,0.4292,12,464,223
456,2880,10,20,20,130,20,3375.3,-429.6,189.3,-688.5,201,29,172,0.1443,25,282,28
457,1440,20,40,70,120,30,3450.7,-468.4,1568.4,-424.2,88,41,47,0.4659,6,223,13
458,11520,-40,100,60,130,0,3300.3,-393.3,809.1,-1248.5,187,64,123,0.3422,11,0,0
459,5760,-40,10,50,90,50,3044.8,-265.6,2267.0,-830.8,190,85,105,0.4474,11,386,14
460,12960,-50,90,20,120,10,3008.7,-248.4,38.2,-555.6,174,26,148,0.1494,24,13,0
461,7200,-40,0,70,130,40,3310.3,-401.9,258.1,-1350.9,217,78,139,0.3594,7,222,70
462,1440,20,40,100,60,20,3463.9,-478.9,1323.5,-890.7,195,131,64,0.6718,4,653,39
463,1440,10,30,100,50,20,3349.1,-421.7,1103.3,-896.9,281,196,85,0.6975,4,1060,40
464,2880,10,20,20,120,20,3104.6,-299.6,438.6,-568.7,202,33,169,0.1634,25,323,27
465,8640,-30,10,40,130,40,3156.4,-325.6,-219.5,-1026.6,185,43,142,0.2324,16,218,43
466,2880,20,30,30,80,20,3082.1,-289.1,902.6,-406.8,182,59,123,0.3242,10,512,26
467,1440,30,40,30,60,20,3199.0,-348.2,1749.3,-374.7,201,88,113,0.4378,8,706,29
468,2880,20,30,80,80,20,3473.3,-485.6,1322.4,-494.0,168,93,75,0.5536,4,512,40
469,7200,20,90,40,150,10,3397.2,-447.7,1077.1,-759.0,347,80,267,0.2305,13,18,4
470,2880,40,60,60,70,20,2984.5,-242.8,333.9,-1119.9,123,60,63,0.4878,8,358,21
471,2880,20,40,40,120,20,3333.7,-418.2,1239.7,-461.7,229,66,163,0.2882,9,220,40
472,4320,-20,20,40,70,40,2821.5,-162.8,2407.9,-484.0,203,97,106,0.4778,9,599,13
473,7200,-30,100,50,150,10,3406.5,-456.3,541.8,-830.8,226,60,166,0.2655,12,14,0
474,2880,30,40,40,60,20,3026.3,-266.3,1333.3,-366.3,181,87,94,0.4807,9,697,23
475,14400,-20,20,60,110,30,3294.1,-400.5,951.0,-704.0,270,102,168,0.3778,8,150,113
476,7200,-40,0,50,90,40,3022.9,-265.6,1873.5,-1004.8,195,84,111,0.4308,6,341,42
477,1440,20,30,40,70,20,3061.3,-284.9,1435.5,-834.9,235,100,135,0.4255,9,684,40
478,1440,30,40,40,110,20,3330.9,-419.8,1307.7,-703.7,189,60,129,0.3175,10,206,42
479,5760,-50,10,60,80,50,3097.5,-303.5,1990.2,-948.7,214,107,107,0.5000,8,358,22
480,7200,-40,0,60,150,40,3358.9,-434.7,174.6,-1940.5,222,65,157,0.2928,13,190,72
481,1440,10,40,90,80,30,3236.9,-374.2,1345.1,-578.9,107,65,42,0.6075,3,534,18
482,2880,10,20,50,150,20,3412.1,-461.9,-176.7,-1185.7,181,45,136,0.2486,12,198,48
483,2880,30,40,80,110,20,3456.6,-484.2,-101.3,-833.6,159,67,92,0.4214,8,262,46
484,12960,-40,10,90,130,50,3031.9,-272.1,-24.9,-1244.7,107,44,63,0.4112,12,191,32
485,2880,10,20,50,140,20,3451.4,-481.9,-436.7,-1371.9,181,46,135,0.2541,12,237,48
486,8640,-20,100,40,150,0,3463.9,-488.4,-403.8,-1288.3,234,48,186,0.2051,17,0,0
487,4320,0,10,30,100,10,3439.7,-476.8,2049.1,-988.5,687,178,509,0.2591,13,318,451
488,5760,-20,0,40,70,20,3117.4,-316.8,1730.3,-710.6,371,153,218,0.4124,6,482,127
489,2880,30,50,100,70,20,3401.2,-459.1,1310.3,-615.0,171,109,62,0.6374,4,420,25
490,2880,30,40,40,100,20,3133.3,-325.6,559.6,-516.1,172,54,118,0.3140,10,317,33
491,12960,-50,90,30,120,10,3218.7,-368.4,-241.8,-765.6,174,34,140,0.1954,13,13,0
492,7200,-30,0,90,100,40,2844.5,-181.4,745.9,-790.5,63,34,29,0.5397,6,367,3
493,10080,-40,20,40,60,10,3302.7,-410.5,-109.1,-1983.1,413,167,246,0.4044,12,70,1
494,14400,-40,20,50,100,30,3195.3,-357.0,-28.5,-1092.0,255,86,169,0.3373,12,120,26
495,2880,0,40,20,110,20,3421.0,-470.3,655.5,-1556.4,835,138,697,0.1653,24,195,74
496,2880,-10,30,60,90,20,3422.2,-471.0,2505.9,-1255.4,663,285,378,0.4299,8,285,294
497,1440,40,50,60,110,20,3402.6,-461.2,633.6,-1407.2,152,58,94,0.3816,14,162,35
498,11520,-50,100,60,110,0,3305.2,-412.6,245.4,-1140.8,178,65,113,0.3652,10,0,0
499,14400,-50,20,50,100,30,3104.4,-312.6,336.9,-1102.5,233,81,152,0.3476,12,99,9
500,4320,-20,30,60,70,40,2947.6,-234.2,1704.8,-537.7,336,170,166,0.5060,7,496,43
