rank;avgPeriodMinutes;diffLevel1;diffLevel2;lossLimit;profLimit;orderStartDelta;profitPips;profitWithSpreadPips;worstLossPips;maxLossRun;entries;wins;losses;winRate;cancelledOrders;duplicateTransactions;score;passesLegacyFilter
1;2880;20;30;90;110;20;5230.0;5108.9;-362.8;4;173;104;69;0.6012;285;50;4274.4;1
2;2880;-10;30;30;110;20;5900.0;5436.6;-395.4;12;662;184;478;0.2779;165;126;4209.2;1
3;2880;0;30;30;120;20;6180.0;5715.2;-440.3;13;664;174;490;0.2620;187;245;4119.4;1
4;2880;20;30;40;100;10;6460.0;6065.9;-452.6;10;563;207;356;0.3677;249;366;4094.8;1
5;1440;0;10;20;120;10;5940.0;5202.2;-460.3;20;1054;193;861;0.1831;248;453;4079.4;1
6;2880;10;20;30;120;10;5940.0;5483.6;-464.0;14;652;170;482;0.2607;217;381;4072.0;1
7;2880;0;10;20;110;10;5810.0;5235.3;-464.5;19;821;171;650;0.2083;279;370;4071.0;1
8;2880;10;20;30;110;10;5850.0;5388.7;-474.0;14;659;183;476;0.2777;253;374;4052.0;1
9;2880;0;30;30;110;20;5440.0;4972.4;-470.3;12;668;182;486;0.2725;216;239;4031.8;1
10;2880;20;30;80;110;20;5060.0;4934.7;-455.6;4;179;102;77;0.5698;285;44;4023.5;1
11;2880;20;40;90;50;10;5520.0;4978.2;-479.1;4;774;537;237;0.6938;322;724;4020.0;1
12;2880;20;30;40;90;10;6170.0;5766.1;-490.8;10;577;225;352;0.3899;294;352;4018.4;1
13;2880;0;40;40;100;20;6000.0;5605.2;-493.3;9;564;204;360;0.3617;192;156;4013.4;1
14;2880;20;30;30;100;10;5230.0;4812.1;-453.3;14;597;178;419;0.2982;249;332;3905.5;1
15;2880;-10;30;30;100;20;5140.0;4674.5;-391.9;11;665;193;472;0.2902;187;121;3890.7;1
16;2880;20;40;80;50;10;5430.0;4873.5;-493.3;4;795;531;264;0.6679;322;703;3886.9;1
17;2880;20;30;30;110;10;5230.0;4816.3;-472.7;14;591;164;427;0.2775;214;338;3870.9;1
18;2880;10;20;30;100;10;5300.0;4835.2;-484.0;14;664;194;470;0.2922;295;369;3867.2;1
19;2880;0;30;30;100;20;5130.0;4658.2;-401.0;11;674;195;479;0.2893;243;232;3856.2;1
20;2880;10;30;30;130;20;4840.0;4646.8;-399.1;13;276;82;194;0.2971;203;47;3848.6;1
21;2880;0;40;60;110;30;5000.0;4741.0;-461.2;6;370;160;210;0.4324;255;131;3818.6;1
22;2880;10;30;40;130;20;4880.0;4691.7;-447.7;11;269;92;177;0.3420;203;54;3796.3;1
23;2880;30;30;20;120;20;5580.0;4746.3;-478.8;23;1191;210;981;0.1763;251;825;3788.7;1
24;2880;30;20;20;120;10;5560.0;4720.7;-478.8;23;1199;211;988;0.1760;16;835;3763.1;1
25;2880;10;30;60;120;20;4920.0;4738.0;-487.7;6;260;114;146;0.4385;238;63;3762.6;1
26;2880;10;30;30;120;20;4740.0;4546.1;-406.1;13;277;87;190;0.3141;238;46;3733.9;1
27;2880;20;30;100;110;20;4750.0;4628.9;-451.9;4;173;105;68;0.6069;285;50;3725.1;1
28;2880;30;40;20;90;10;5060.0;4628.8;-472.0;16;616;158;458;0.2565;240;231;3684.8;1
29;2880;20;30;80;120;20;4760.0;4635.4;-484.2;6;178;95;83;0.5337;245;45;3667.0;1
30;2880;20;30;50;120;20;4590.0;4459.1;-405.6;8;187;82;105;0.4385;245;36;3647.9;1
31;2880;-10;30;30;90;20;4920.0;4449.6;-401.9;11;672;209;463;0.3110;211;111;3645.8;1
32;2880;20;30;90;100;20;4570.0;4448.9;-401.9;4;173;106;67;0.6127;337;50;3645.1;1
33;7200;-40;0;100;140;40;4660.0;4543.1;-449.8;3;167;89;78;0.5329;192;46;3643.5;1
34;2880;20;40;50;100;20;4600.0;4454.4;-409.8;8;208;100;108;0.4808;272;46;3634.8;1
35;2880;0;30;30;90;20;4980.0;4502.6;-441.0;11;682;212;470;0.3109;272;221;3620.6;1
36;2880;20;30;30;70;10;4790.0;4351.1;-368.4;12;627;236;391;0.3764;410;302;3614.3;1
37;2880;10;30;40;120;20;4720.0;4531.0;-458.9;11;270;97;173;0.3593;238;53;3613.2;1
38;1440;20;30;30;60;10;5010.0;4496.9;-450.8;8;733;300;433;0.4093;543;287;3595.3;1
39;2880;10;30;50;130;20;4700.0;4513.8;-468.9;6;266;100;166;0.3759;203;57;3576.0;1
40;2880;20;30;40;120;20;4440.0;4307.7;-366.3;9;189;75;114;0.3968;245;34;3575.1;1
41;2880;40;50;100;100;20;4500.0;4388.7;-407.0;4;159;102;57;0.6415;241;44;3574.7;1
42;2880;20;30;50;130;20;4610.0;4480.5;-456.3;9;185;77;108;0.4162;208;38;3567.9;1
43;2880;20;30;30;90;10;4920.0;4494.4;-463.3;14;608;193;415;0.3174;294;321;3567.8;1
44;2880;10;30;30;150;20;4680.0;4486.8;-468.9;13;276;72;204;0.2609;160;48;3549.0;1
45;1440;20;30;30;120;20;4320.0;4154.8;-307.0;10;236;76;160;0.3220;217;37;3540.8;1
46;2880;20;30;40;130;20;4420.0;4289.1;-385.4;9;187;70;117;0.3743;208;36;3518.3;1
47;2880;20;30;30;80;10;4900.0;4470.2;-478.6;12;614;212;402;0.3453;337;315;3513.0;1
48;2880;10;30;40;150;20;4670.0;4482.4;-488.4;12;268;81;187;0.3022;160;56;3505.6;1
49;2880;10;30;60;110;20;4680.0;4496.6;-497.7;7;262;120;142;0.4580;277;61;3501.2;1
50;1440;0;10;20;110;10;5210.0;4468.7;-486.0;20;1059;203;856;0.1917;295;448;3496.7;1
51;2880;0;10;20;90;10;4970.0;4385.5;-457.8;19;835;197;638;0.2359;357;356;3469.9;1
52;1440;20;30;80;100;20;4540.0;4392.3;-465.6;5;211;119;92;0.5640;315;62;3461.1;1
53;7200;-40;0;100;150;40;4500.0;4384.5;-461.9;4;165;84;81;0.5091;182;49;3460.7;1
54;2880;0;30;20;120;20;4820.0;4292.9;-418.9;17;753;142;611;0.1886;187;156;3455.1;1
55;2880;20;40;50;110;20;4470.0;4326.5;-440.5;8;205;92;113;0.4488;234;49;3445.5;1
56;4320;-20;30;100;80;50;3840.0;3774.9;-164.9;1;93;73;20;0.7849;424;8;3445.1;1
57;2880;20;30;40;50;10;4720.0;4279.7;-421.9;7;629;332;297;0.5278;609;292;3435.9;1
58;2880;20;40;70;100;20;4390.0;4248.6;-409.1;5;202;109;93;0.5396;272;52;3430.4;1
59;2880;20;30;50;110;20;4360.0;4228.4;-405.6;8;188;86;102;0.4574;285;35;3417.2;1
60;2880;10;20;30;90;10;4890.0;4416.1;-499.6;13;677;210;467;0.3102;339;356;3416.9;1
61;2880;20;30;60;50;10;4680.0;4264.9;-425.2;6;593;366;227;0.6172;609;328;3414.5;1
62;2880;0;30;30;70;10;5100.0;4407.0;-496.4;12;990;348;642;0.3515;156;208;3414.2;1
63;1440;0;10;20;50;10;4870.0;4062.9;-325.2;11;1153;399;754;0.3461;952;338;3412.5;1
64;2880;20;30;60;120;20;4500.0;4371.9;-485.6;8;183;86;97;0.4699;245;40;3400.7;1
65;2880;20;30;80;50;10;4700.0;4306.6;-453.1;4;562;382;180;0.6797;609;359;3400.4;1
66;2880;10;30;30;140;20;4500.0;4307.5;-458.2;13;275;75;200;0.2727;183;48;3391.1;1
67;2880;20;30;40;110;20;4250.0;4117.0;-366.3;9;190;79;111;0.4158;285;33;3384.4;1
68;2880;0;40;60;120;30;4620.0;4363.1;-489.8;7;367;148;219;0.4033;220;136;3383.5;1
69;2880;10;20;70;130;20;4500.0;4367.0;-496.8;7;190;89;101;0.4684;251;53;3373.4;1
70;2880;40;50;50;100;20;4100.0;3981.0;-308.4;6;170;84;86;0.4941;241;33;3364.2;1
71;2880;20;30;30;120;10;4680.0;4271.2;-460.5;15;584;148;436;0.2534;184;345;3350.2;1
72;2880;20;40;100;100;20;4300.0;4163.5;-408.4;4;195;119;76;0.6103;272;59;3346.7;1
73;2880;20;30;80;100;20;4400.0;4274.7;-465.6;4;179;104;75;0.5810;337;44;3343.5;1
74;1440;20;30;30;110;20;4120.0;3954.8;-307.0;10;236;80;156;0.3390;262;37;3340.8;1
75;5760;-40;10;90;80;50;3970.0;3883.2;-272.1;3;124;89;35;0.7177;368;6;3339.0;1
76;7200;-40;0;80;140;40;4440.0;4321.0;-491.9;4;170;82;88;0.4824;192;43;3337.2;1
77;2880;30;50;70;100;20;4430.0;4302.6;-494.9;7;182;101;81;0.5549;225;37;3312.8;1
78;2880;40;50;70;100;20;4160.0;4045.2;-367.0;5;164;92;72;0.5610;241;39;3311.2;1
79;2880;10;30;30;100;20;4240.0;4044.7;-368.4;12;279;97;182;0.3477;320;44;3307.9;1
80;2880;40;50;80;100;20;4220.0;4107.3;-403.5;5;161;95;66;0.5901;241;42;3300.3;1
81;1440;20;60;60;70;30;4230.0;4010.9;-355.6;4;313;177;136;0.5655;364;42;3299.7;1
82;11520;-50;90;70;150;0;4390.0;4268.9;-487.0;6;173;75;98;0.4335;3;0;3294.9;1
83;2880;20;30;30;50;10;4430.0;3971.5;-343.3;10;655;301;354;0.4595;609;266;3284.9;1
84;2880;0;20;20;120;20;4280.0;4023.1;-372.6;18;367;83;284;0.2262;273;41;3277.9;1
85;1440;0;10;30;50;10;4890.0;4130.5;-435.4;9;1085;468;617;0.4313;952;406;3259.7;1
86;2880;20;40;40;100;20;4140.0;3989.5;-366.3;9;215;91;124;0.4233;272;39;3256.9;1
87;2880;0;20;20;130;20;4380.0;4123.8;-434.7;21;366;78;288;0.2131;237;42;3254.4;1
88;4320;-10;30;100;70;40;3860.0;3782.3;-264.2;2;111;88;23;0.7928;470;9;3253.9;1
89;7200;-40;0;80;150;40;4270.0;4152.4;-451.9;5;168;77;91;0.4583;182;46;3248.6;1
90;4320;-10;30;100;60;40;3760.0;3690.0;-224.9;2;100;86;14;0.8600;549;5;3240.2;1
91;2880;30;50;60;100;20;4260.0;4130.5;-447.0;7;185;96;89;0.5189;225;34;3236.5;1
92;2880;0;20;20;140;20;4360.0;4103.8;-434.7;21;366;73;293;0.1995;207;42;3234.4;1
93;2880;0;10;40;60;10;4720.0;4193.6;-482.7;8;752;348;404;0.4628;567;427;3228.2;1
94;7200;-50;0;100;90;50;4110.0;4033.7;-402.8;4;109;79;30;0.7248;284;14;3228.1;1
95;2880;20;30;30;60;10;4440.0;3989.2;-381.0;11;644;264;380;0.4099;492;280;3227.2;1
96;2880;10;30;40;110;20;4310.0;4120.3;-447.7;11;271;101;170;0.3727;277;52;3224.9;1
97;5760;-40;10;60;80;50;3920.0;3831.8;-303.5;5;126;82;44;0.6508;368;4;3224.8;1
98;1440;20;30;20;60;10;4640.0;4094.0;-437.5;14;780;253;527;0.3244;543;240;3219.0;1
99;2880;0;10;20;70;10;4630.0;4032.9;-407.7;18;853;241;612;0.2825;469;332;3217.5;1
100;2880;10;30;30;110;20;4260.0;4065.4;-426.1;13;278;90;188;0.3237;277;45;3213.2;1
101;2880;20;40;70;110;20;4250.0;4110.7;-449.8;5;199;101;98;0.5075;234;55;3211.1;1
102;2880;0;40;30;100;20;4540.0;4115.1;-453.3;13;607;175;432;0.2883;192;113;3208.5;1
103;2880;30;50;50;100;20;4150.0;4019.1;-405.6;8;187;90;97;0.4813;225;32;3207.9;1
104;1440;20;30;30;80;20;3870.0;3698.5;-245.6;8;245;102;143;0.4163;487;28;3207.3;1
105;2880;-10;0;30;80;10;4620.0;4027.1;-411.9;13;847;273;574;0.3223;423;512;3203.3;1
106;1440;20;30;100;70;20;4080.0;3925.3;-364.9;3;221;154;67;0.6968;626;52;3195.5;1
107;2880;10;30;50;110;20;4200.0;4012.4;-408.9;7;268;110;158;0.4104;277;55;3194.6;1
108;1440;20;30;80;70;20;4200.0;4042.5;-426.3;4;225;148;77;0.6578;626;48;3189.9;1
109;7200;-40;0;50;140;40;3840.0;3718.2;-266.3;4;174;66;108;0.3793;192;39;3185.6;1
110;2880;20;30;90;90;20;4230.0;4108.9;-463.3;4;173;110;63;0.6358;386;50;3182.3;1
111;2880;0;20;20;150;20;4430.0;4174.5;-496.8;24;365;69;296;0.1890;190;43;3180.9;1
112;2880;0;10;40;70;10;4610.0;4099.7;-459.8;9;729;307;422;0.4211;469;456;3180.1;1
113;2880;10;30;30;90;20;4110.0;3914.7;-368.4;12;279;104;175;0.3728;365;44;3177.9;1
114;4320;-20;30;100;70;50;3640.0;3579.8;-201.4;2;86;72;14;0.8372;481;3;3177.0;1
115;1440;20;30;100;80;20;4300.0;4147.4;-488.4;4;218;145;73;0.6651;487;55;3170.6;1
116;1440;40;50;50;50;10;4300.0;3910.8;-374.5;6;556;321;235;0.5773;408;232;3161.8;1
117;2880;20;30;60;110;20;4260.0;4131.2;-485.6;8;184;90;94;0.4891;285;39;3160.0;1
118;2880;-10;10;90;120;10;4560.0;4131.6;-496.8;4;612;284;328;0.4641;143;1203;3138.0;1
119;1440;30;40;40;140;20;4140.0;3995.1;-430.5;10;207;69;138;0.3333;113;57;3134.1;1
120;2880;40;50;100;90;20;4120.0;4005.2;-437.0;4;164;108;56;0.6585;296;39;3131.2;1
121;1440;30;40;50;120;20;4180.0;4038.6;-456.3;9;202;84;118;0.4158;175;62;3126.0;1
122;1440;30;40;40;60;20;3780.0;3623.9;-251.2;5;223;127;96;0.5695;634;41;3121.5;1
123;2880;20;30;90;50;10;4460.0;4072.2;-479.1;3;554;388;166;0.7004;609;367;3114.0;1
124;2880;0;40;60;80;30;4320.0;4056.8;-471.9;6;376;192;184;0.5106;375;108;3113.0;1
125;5760;-40;10;100;80;50;3800.0;3713.2;-302.1;3;124;90;34;0.7258;368;6;3109.0;1
126;2880;20;30;60;60;10;4500.0;4098.9;-496.3;6;573;324;249;0.5654;492;351;3106.3;1
127;5760;-40;10;80;80;50;3840.0;3753.2;-324.2;4;124;86;38;0.6935;368;6;3104.8;1
128;2880;20;30;40;90;20;3970.0;3837.0;-366.3;9;190;89;101;0.4684;386;33;3104.4;1
129;2880;0;40;60;90;30;4230.0;3962.6;-431.9;6;382;181;201;0.4738;324;113;3098.8;1
130;4320;-20;30;90;80;50;3700.0;3634.9;-272.1;3;93;71;22;0.7634;424;8;3090.7;1
131;2880;20;40;40;110;20;3970.0;3821.6;-366.3;9;212;83;129;0.3915;234;42;3089.0;1
132;1440;20;30;60;80;20;4060.0;3898.3;-406.3;5;231;128;103;0.5541;487;42;3085.7;1
133;1440;30;40;40;150;20;4070.0;3925.1;-420.5;10;207;65;142;0.3140;94;57;3084.1;1
134;2880;0;10;20;80;10;4660.0;4067.1;-497.7;19;847;216;631;0.2550;405;342;3071.7;1
135;1440;30;40;50;130;20;4170.0;4029.3;-479.1;9;201;79;122;0.3930;144;63;3071.1;1
136;7200;-50;0;100;80;50;3740.0;3674.2;-302.1;3;94;73;21;0.7766;327;7;3070.0;1
137;10080;-40;20;40;120;10;4240.0;3989.4;-461.7;10;358;116;242;0.3240;21;7;3066.0;1
138;2880;10;20;40;130;20;4130.0;3985.1;-459.6;8;207;73;134;0.3527;251;36;3065.9;1
139;4320;-10;30;70;70;40;3430.0;3352.3;-144.2;2;111;80;31;0.7207;470;9;3063.9;1
140;1440;30;40;30;70;10;4340.0;3890.6;-414.0;11;642;236;406;0.3676;314;287;3062.6;1
141;2880;20;30;90;50;20;3700.0;3569.8;-256.3;2;186;146;40;0.7849;899;36;3057.2;1
142;14400;-50;20;50;110;30;3810.0;3659.5;-304.2;6;215;91;124;0.4233;73;12;3051.1;1
143;11520;-50;100;60;150;0;4080.0;3965.9;-457.7;7;163;66;97;0.4049;3;0;3050.5;1
144;2880;10;30;40;90;20;3940.0;3749.6;-351.7;7;272;114;158;0.4191;365;51;3046.2;1
145;2880;10;60;100;70;20;4330.0;4040.2;-497.0;4;414;269;145;0.6498;212;100;3046.2;1
146;1440;20;30;60;70;20;3900.0;3736.2;-347.0;4;234;138;96;0.5897;626;39;3042.2;1
147;1440;30;40;30;60;10;4440.0;3980.8;-471.8;10;656;268;388;0.4085;399;272;3037.2;1
148;4320;-20;30;90;70;50;3460.0;3399.8;-181.4;2;86;70;16;0.8140;481;3;3037.0;1
149;1440;30;40;40;120;20;3920.0;3773.0;-369.1;9;210;77;133;0.3667;175;54;3034.8;1
150;2880;40;60;60;90;20;3750.0;3638.0;-303.5;5;160;89;71;0.5563;226;32;3031.0;1
151;1440;20;30;30;100;20;3810.0;3644.1;-307.0;10;237;84;153;0.3544;315;36;3030.1;1
152;4320;-10;30;60;70;40;3350.0;3272.3;-121.4;2;111;77;34;0.6937;470;9;3029.5;1
153;2880;20;40;50;120;20;4010.0;3868.6;-420.5;8;202;83;119;0.4109;200;52;3027.6;1
154;1440;20;30;30;90;20;3810.0;3641.3;-307.0;10;241;92;149;0.3817;396;32;3027.3;1
155;2880;20;30;40;100;20;3880.0;3747.0;-366.3;9;190;82;108;0.4316;337;33;3014.4;1
156;2880;10;30;40;100;20;4100.0;3909.6;-447.7;11;272;107;165;0.3934;320;51;3014.2;1
157;2880;30;40;100;60;20;3620.0;3497.5;-242.8;2;175;132;43;0.7543;620;44;3011.9;1
158;2880;-10;0;30;70;10;4460.0;3852.4;-421.9;13;868;305;563;0.3514;497;484;3008.6;1
159;2880;20;30;50;100;20;3950.0;3818.4;-405.6;8;188;89;99;0.4734;337;35;3007.2;1
160;2880;20;30;90;60;20;3810.0;3683.3;-338.4;2;181;134;47;0.7403;696;41;3006.5;1
161;7200;-40;0;60;140;40;3820.0;3698.9;-346.3;4;173;71;102;0.4104;192;40;3006.3;1
162;1440;30;40;40;70;20;3810.0;3655.3;-325.6;8;221;115;106;0.5204;480;43;3004.1;1
163;2880;40;60;70;90;20;3820.0;3709.4;-353.5;5;158;93;65;0.5886;226;34;3002.4;1
164;7200;-50;0;80;140;40;4120.0;3967.4;-484.2;6;218;98;120;0.4495;159;103;2999.0;1
165;1440;20;30;30;70;20;3690.0;3517.1;-259.6;7;247;111;136;0.4494;626;26;2997.9;1
166;14400;-40;20;50;110;30;3850.0;3691.1;-347.0;5;227;95;132;0.4185;85;24;2997.1;1
167;1440;30;40;40;80;20;3880.0;3727.4;-366.3;9;218;105;113;0.4817;380;46;2994.8;1
168;2880;20;30;30;130;20;3840.0;3705.6;-361.9;10;192;60;132;0.3125;208;31;2981.8;1
169;4320;-10;30;80;70;40;3420.0;3342.3;-184.2;2;111;82;29;0.7387;470;9;2973.9;1
170;2880;40;50;80;90;20;3890.0;3773.8;-403.5;5;166;101;65;0.6084;296;37;2966.8;1
171;5760;-30;10;70;70;40;3780.0;3682.0;-359.1;5;140;97;43;0.6929;427;8;2963.8;1
172;2880;20;30;80;90;20;4040.0;3914.7;-475.6;4;179;108;71;0.6034;386;44;2963.5;1
173;2880;20;30;50;90;20;3900.0;3768.4;-405.6;8;188;95;93;0.5053;386;35;2957.2;1
174;2880;0;30;30;80;20;4390.0;3909.8;-481.0;11;686;227;459;0.3309;313;210;2947.8;1
175;2880;30;40;100;100;20;3900.0;3785.9;-419.6;4;163;101;62;0.6196;288;56;2946.7;1
176;2880;10;30;50;100;20;3950.0;3761.7;-407.7;7;269;116;153;0.4312;320;54;2946.3;1
177;2880;20;30;50;50;10;4350.0;3922.3;-488.5;6;611;349;262;0.5712;609;310;2945.3;1
178;2880;30;40;70;100;20;3910.0;3791.0;-424.2;6;170;93;77;0.5471;288;49;2942.6;1
179;2880;0;10;50;50;10;4400.0;3882.0;-471.7;5;740;414;326;0.5595;677;429;2938.6;1
180;5760;-20;0;100;50;20;3850.0;3661.7;-361.9;3;269;205;64;0.7621;550;96;2937.9;1
181;2880;0;40;40;70;20;4240.0;3836.8;-449.9;8;576;248;328;0.4306;282;122;2937.0;1
182;7200;-40;0;70;140;40;3780.0;3660.3;-361.9;4;171;75;96;0.4386;192;42;2936.5;1
183;8640;-20;10;100;50;30;3450.0;3359.7;-211.9;2;129;109;20;0.8450;467;19;2935.9;1
184;2880;40;50;70;90;20;3760.0;3642.4;-353.5;5;168;97;71;0.5774;296;35;2935.4;1
185;5760;-10;0;20;50;10;3930.0;3447.7;-258.2;11;689;253;436;0.3672;482;245;2931.3;1
186;1440;20;30;20;70;10;4320.0;3784.5;-427.5;14;765;218;547;0.2850;424;255;2929.5;1
187;2880;30;40;90;100;20;3950.0;3835.9;-453.5;5;163;98;65;0.6012;288;56;2928.9;1
188;1440;10;30;30;120;20;3960.0;3751.4;-413.1;13;298;86;212;0.2886;223;51;2925.2;1
189;4320;-10;30;90;70;40;3450.0;3372.3;-224.2;2;111;84;27;0.7568;470;9;2923.9;1
190;1440;10;40;100;80;30;3620.0;3526.9;-302.1;3;133;94;39;0.7068;494;14;2922.7;1
191;2880;40;50;50;90;20;3670.0;3548.9;-316.3;6;173;88;85;0.5087;296;30;2916.3;1
192;2880;20;40;50;90;20;3920.0;3773.0;-429.8;8;210;103;107;0.4905;325;43;2913.4;1
193;5760;-40;10;70;70;40;3780.0;3628.8;-359.1;4;216;135;81;0.6250;343;30;2910.6;1
194;1440;10;20;20;50;10;4320.0;3643.1;-366.6;14;967;338;629;0.3495;862;329;2909.9;1
195;2880;20;30;90;80;20;3800.0;3677.5;-385.6;4;175;115;60;0.6571;469;48;2906.3;1
196;2880;40;50;60;100;20;3840.0;3722.4;-408.4;5;168;87;81;0.5179;241;35;2905.6;1
197;1440;20;40;100;80;30;3420.0;3350.7;-222.8;2;99;74;25;0.7475;493;12;2905.1;1
198;2880;0;10;40;50;10;4290.0;3746.1;-421.3;8;777;393;384;0.5058;677;392;2903.5;1
199;2880;20;30;30;120;20;3780.0;3644.2;-371.9;10;194;64;130;0.3299;245;29;2900.4;1
200;5760;-40;10;70;80;50;3550.0;3462.5;-282.8;4;125;82;43;0.6560;368;5;2896.9;1
201;7200;-40;0;50;120;40;3590.0;3468.9;-286.3;4;173;72;101;0.4162;217;34;2896.3;1
202;2880;-10;0;30;60;10;4200.0;3579.8;-344.0;10;886;342;544;0.3860;577;454;2891.8;1
203;2880;30;50;70;90;20;4010.0;3880.5;-494.9;7;185;106;79;0.5730;271;34;2890.7;1
204;1440;20;40;100;70;30;3360.0;3290.7;-201.4;2;99;78;21;0.7879;634;12;2887.9;1
205;2880;20;40;50;80;20;3670.0;3523.0;-319.8;5;210;109;101;0.5190;376;43;2883.4;1
206;1440;20;40;100;130;30;3840.0;3773.5;-446.3;4;95;58;37;0.6105;193;16;2880.9;1
207;1440;20;40;80;80;30;3280.0;3210.7;-167.0;2;99;70;29;0.7071;493;12;2876.7;1
208;11520;-50;90;70;140;0;3990.0;3868.2;-497.0;6;174;77;97;0.4425;3;0;2874.2;1
209;2880;40;60;60;80;20;3520.0;3405.9;-266.3;4;163;95;68;0.5828;277;29;2873.3;1
210;10080;-40;20;40;100;10;4080.0;3832.9;-480.3;10;353;130;223;0.3683;27;6;2872.3;1
211;2880;0;40;30;110;30;4140.0;3844.6;-486.2;15;422;120;302;0.2844;255;79;2872.2;1
212;1440;20;30;100;60;20;3680.0;3523.2;-325.6;3;224;163;61;0.7277;801;49;2872.0;1
213;1440;0;10;100;50;20;3700.0;3505.4;-316.8;2;278;210;68;0.7554;1433;47;2871.8;1
214;1440;40;50;40;50;10;3920.0;3522.4;-325.6;8;568;296;272;0.5211;408;220;2871.2;1
215;1440;20;40;100;90;30;3410.0;3342.1;-235.6;2;97;69;28;0.7113;399;14;2870.9;1
216;2880;10;20;70;140;20;3990.0;3857.7;-494.9;7;189;82;107;0.4339;216;54;2867.9;1
217;7200;-40;0;50;130;40;3540.0;3418.2;-276.3;4;174;68;106;0.3908;197;37;2865.6;1
218;2880;-10;0;30;50;10;4240.0;3612.8;-374.2;10;896;389;507;0.4342;686;414;2864.4;1
219;4320;-10;30;90;60;40;3300.0;3230.0;-184.9;2;100;82;18;0.8200;549;5;2860.2;1
220;2880;30;40;20;80;10;4220.0;3783.2;-462.7;16;624;167;457;0.2676;299;223;2857.8;1
221;2880;0;40;40;80;30;4040.0;3757.9;-451.9;10;403;168;235;0.4169;375;81;2854.1;1
222;2880;20;30;100;50;20;3600.0;3469.8;-308.4;2;186;148;38;0.7957;899;36;2853.0;1
223;1440;30;40;40;130;20;3880.0;3733.7;-440.5;9;209;72;137;0.3445;144;55;2852.7;1
224;1440;20;30;90;70;20;4000.0;3843.2;-496.3;4;224;151;73;0.6741;626;49;2850.6;1
225;7200;-30;0;100;100;40;3300.0;3254.5;-202.8;2;65;49;16;0.7538;304;2;2848.9;1
226;1440;30;40;50;80;20;3800.0;3653.0;-405.6;8;210;110;100;0.5238;380;54;2841.8;1
227;2880;0;30;20;110;20;4270.0;3741.5;-450.4;14;755;149;606;0.1974;216;152;2840.7;1
228;2880;0;30;40;80;20;4280.0;3834.1;-498.9;10;637;248;389;0.3893;313;259;2836.3;1
229;2880;20;30;90;70;20;3590.0;3466.1;-314.9;3;177;122;55;0.6893;566;46;2836.3;1
230;2880;0;40;30;120;30;4050.0;3756.0;-460.5;15;420;111;309;0.2643;220;83;2835.0;1
231;5760;-40;10;60;90;50;3600.0;3505.5;-335.6;5;135;78;57;0.5778;329;5;2834.3;1
232;2880;40;60;80;90;20;3680.0;3569.4;-369.1;4;158;96;62;0.6076;226;34;2831.2;1
233;7200;-40;0;90;150;40;3930.0;3813.1;-491.2;4;167;79;88;0.4731;182;47;2830.7;1
234;7200;-50;0;90;80;50;3440.0;3374.2;-272.1;3;94;70;24;0.7447;327;7;2830.0;1
235;5760;-30;10;70;60;40;3380.0;3298.1;-234.9;3;117;89;28;0.7607;489;5;2828.3;1
236;7200;-50;0;70;90;50;3500.0;3423.0;-297.7;4;110;70;40;0.6364;284;13;2827.6;1
237;1440;10;20;20;60;10;4380.0;3718.5;-445.9;15;945;291;654;0.3079;668;352;2826.7;1
238;2880;20;40;40;90;20;3710.0;3558.8;-366.3;9;216;95;121;0.4398;325;37;2826.2;1
239;1440;20;30;40;120;20;3800.0;3639.7;-407.0;10;229;81;148;0.3537;217;44;2825.7;1
240;2880;40;50;90;100;20;3840.0;3728.0;-453.5;5;160;96;64;0.6000;241;43;2821.0;1
241;1440;0;10;80;50;20;3780.0;3583.3;-381.5;2;281;202;79;0.7189;1433;44;2820.3;1
242;2880;0;40;80;100;30;3900.0;3652.2;-416.1;5;354;179;175;0.5056;288;145;2820.0;1
243;1440;20;30;30;130;20;3830.0;3665.5;-423.3;12;235;68;167;0.2894;189;38;2818.9;1
244;2880;0;10;30;50;10;4180.0;3613.0;-397.3;9;810;356;454;0.4395;677;359;2818.4;1
245;2880;30;40;80;100;20;3900.0;3784.5;-484.2;6;165;95;70;0.5758;288;54;2816.1;1
246;11520;-50;20;50;120;20;3660.0;3478.0;-331.0;6;260;98;162;0.3769;49;7;2816.0;1
247;2880;-30;30;30;120;20;4140.0;3750.1;-471.0;12;557;139;418;0.2496;115;19;2808.1;1
248;4320;-10;30;80;60;40;3200.0;3130.0;-161.4;2;100;80;20;0.8000;549;5;2807.2;1
249;11520;-50;100;60;130;0;3650.0;3535.2;-364.2;6;164;71;93;0.4329;3;0;2806.8;1
250;1440;20;40;90;80;30;3330.0;3260.7;-227.0;2;99;72;27;0.7273;493;12;2806.7;1
251;4320;-10;30;60;60;40;3120.0;3050.0;-122.8;2;100;76;24;0.7600;549;5;2804.4;1
252;1440;20;40;40;60;20;3420.0;3254.1;-225.6;5;237;129;108;0.5443;593;44;2802.9;1
253;2880;20;40;40;80;20;3480.0;3328.8;-263.1;6;216;101;115;0.4676;376;37;2802.6;1
254;2880;-10;30;30;80;20;4130.0;3661.7;-432.4;10;669;220;449;0.3288;239;103;2796.9;1
255;2880;0;40;30;90;20;4050.0;3620.9;-413.1;13;613;187;426;0.3051;216;105;2794.7;1
256;1440;30;40;90;60;20;3930.0;3784.4;-495.4;3;208;151;57;0.7260;634;56;2793.6;1
257;2880;10;40;30;100;20;4170.0;3739.5;-476.8;13;615;174;441;0.2829;225;204;2785.9;1
258;2880;40;60;100;90;20;3790.0;3682.2;-448.4;4;154;101;53;0.6558;226;38;2785.4;1
259;4320;0;10;30;50;10;3900.0;3419.8;-317.3;7;686;306;380;0.4461;545;301;2785.2;1
260;14400;-20;20;50;110;30;3550.0;3375.7;-296.3;5;249;100;149;0.4016;133;111;2783.1;1
261;2880;0;40;80;60;30;3840.0;3599.2;-408.4;4;344;224;120;0.6512;506;94;2782.4;1
262;11520;-50;100;60;120;0;3660.0;3545.2;-383.1;6;164;75;89;0.4573;3;0;2779.0;1
263;1440;20;40;90;70;30;3250.0;3180.7;-202.8;2;99;76;23;0.7677;634;12;2775.1;1
264;10080;-50;100;40;150;0;3630.0;3504.0;-366.3;9;180;57;123;0.3167;2;0;2771.4;1
265;1440;20;30;80;60;20;3820.0;3661.1;-446.3;4;227;157;70;0.6916;801;46;2768.5;1
266;1440;30;40;50;60;20;3560.0;3408.1;-320.5;5;217;131;86;0.6037;634;47;2767.1;1
267;4320;-10;30;70;60;40;3140.0;3070.0;-152.8;2;100;78;22;0.7800;549;5;2764.4;1
268;7200;-40;0;50;150;40;3500.0;3378.2;-307.0;5;174;61;113;0.3506;182;40;2764.2;1
269;5760;30;40;30;140;10;4050.0;3739.9;-488.9;15;443;102;341;0.2302;116;284;2762.1;1
270;11520;-50;20;60;110;10;3810.0;3610.5;-424.7;6;285;123;162;0.4316;23;8;2761.1;1
271;1440;20;30;50;70;20;3560.0;3394.8;-317.7;4;236;128;108;0.5424;626;37;2759.4;1
272;11520;-50;100;60;140;0;3820.0;3705.9;-474.7;6;163;68;95;0.4172;3;0;2756.5;1
273;12960;-50;90;40;140;10;3680.0;3568.0;-407.0;10;160;56;104;0.3500;10;0;2754.0;1
274;5760;-40;10;80;70;50;3190.0;3122.1;-184.2;2;97;73;24;0.7526;421;3;2753.7;1
275;5760;-40;10;90;70;50;3270.0;3202.1;-224.2;2;97;75;22;0.7732;421;3;2753.7;1
276;2880;30;40;90;60;20;3600.0;3477.5;-362.8;4;175;129;46;0.7371;620;44;2751.9;1
277;1440;30;40;40;100;20;3760.0;3610.2;-429.8;9;214;88;126;0.4112;242;50;2750.6;1
278;2880;20;30;80;50;20;3390.0;3257.0;-255.6;2;190;143;47;0.7526;899;32;2745.8;1
279;4320;-10;30;50;70;40;3090.0;3012.3;-133.5;2;111;72;39;0.6486;470;9;2745.3;1
280;1440;20;40;80;70;30;3180.0;3110.7;-184.2;2;99;74;25;0.7475;634;12;2742.3;1
281;2880;20;30;60;100;20;3840.0;3711.2;-485.6;8;184;93;91;0.5054;337;39;2740.0;1
282;1440;30;40;50;100;20;3800.0;3655.8;-458.4;8;206;94;112;0.4563;242;58;2739.0;1
283;1440;20;40;80;90;30;3290.0;3222.1;-242.1;3;97;65;32;0.6701;399;14;2737.9;1
284;2880;20;30;40;80;20;3600.0;3465.6;-368.4;9;192;94;98;0.4896;469;31;2728.8;1
285;14400;-30;20;50;110;30;3590.0;3418.5;-347.0;6;245;99;146;0.4041;104;60;2724.5;1
286;2880;-10;0;30;90;10;4260.0;3679.0;-477.3;13;830;243;587;0.2928;368;532;2724.4;1
287;1440;20;30;80;50;20;3560.0;3395.5;-336.3;3;235;172;63;0.7319;1052;38;2722.9;1
288;2880;30;40;90;50;20;3390.0;3266.1;-272.1;3;177;138;39;0.7797;795;41;2721.9;1
289;2880;0;40;60;60;30;3840.0;3588.0;-433.3;5;360;212;148;0.5889;506;78;2721.4;1
290;7200;-30;0;100;140;40;3500.0;3448.9;-364.2;3;73;45;28;0.6164;214;2;2720.5;1
291;2880;20;40;50;70;20;3440.0;3291.6;-285.6;5;212;117;95;0.5519;456;41;2720.4;1
292;5760;-40;10;60;70;50;3150.0;3082.1;-182.1;3;97;69;28;0.7113;421;3;2717.9;1
293;2880;30;50;50;90;20;3660.0;3527.0;-405.6;8;190;94;96;0.4947;271;29;2715.8;1
294;2880;10;20;40;120;20;3680.0;3534.4;-409.8;8;208;75;133;0.3606;292;35;2714.8;1
295;4320;-10;0;20;50;10;3970.0;3410.7;-348.9;11;799;285;514;0.3567;546;284;2712.9;1
296;1440;20;40;90;90;30;3330.0;3262.1;-276.3;3;97;67;30;0.6907;399;14;2709.5;1
297;7200;-50;0;90;90;50;3510.0;3433.7;-362.8;4;109;74;35;0.6789;284;14;2708.1;1
298;2880;20;40;50;60;20;3450.0;3298.1;-295.6;5;217;130;87;0.5991;547;32;2706.9;1
299;1440;40;50;60;50;10;4050.0;3669.9;-482.2;6;543;333;210;0.6133;408;245;2705.5;1
300;2880;20;30;50;60;20;3550.0;3414.9;-354.9;7;193;120;73;0.6218;696;29;2705.1;1
301;12960;-50;90;40;150;10;3630.0;3517.3;-407.0;10;161;53;108;0.3292;7;0;2703.3;1
302;1440;-20;20;80;50;40;3310.0;3212.7;-255.6;2;139;111;28;0.7986;1243;8;2701.5;1
303;1440;10;40;100;70;30;3460.0;3367.6;-333.5;3;132;98;34;0.7424;604;14;2700.6;1
304;14400;-50;20;60;110;30;3620.0;3475.8;-387.8;5;206;94;112;0.4563;73;21;2700.2;1
305;5760;-30;10;90;60;40;3270.0;3188.1;-244.2;2;117;92;25;0.7863;489;5;2699.7;1
306;2880;10;20;50;120;20;3650.0;3510.7;-405.6;8;199;80;119;0.4020;292;44;2699.5;1
307;1440;10;30;30;80;20;3630.0;3414.4;-358.2;9;308;117;191;0.3799;479;40;2698.0;1
308;2880;40;60;80;110;20;3450.0;3342.2;-322.8;4;154;83;71;0.5390;168;38;2696.6;1
309;2880;20;30;40;60;20;3400.0;3263.5;-284.9;7;195;112;83;0.5744;696;27;2693.7;1
310;1440;0;10;20;70;10;4440.0;3663.0;-486.0;16;1110;296;814;0.2667;624;393;2691.0;1
311;2880;30;40;20;70;10;4080.0;3636.9;-473.4;16;633;186;447;0.2938;347;213;2690.1;1
312;2880;30;40;80;50;20;3360.0;3234.7;-273.5;3;179;136;43;0.7598;795;39;2687.7;1
313;4320;-10;30;100;50;40;3150.0;3089.1;-201.4;2;87;79;8;0.9080;662;1;2686.3;1
314;2880;20;30;40;70;20;3390.0;3254.9;-284.9;7;193;101;92;0.5233;566;30;2685.1;1
315;4320;-10;0;20;60;10;4080.0;3522.8;-419.6;11;796;250;546;0.3141;446;313;2683.6;1
316;10080;-40;100;40;150;0;3540.0;3409.1;-366.3;9;187;58;129;0.3102;2;0;2676.5;1
317;2880;30;40;70;60;20;3390.0;3264.0;-294.2;4;180;123;57;0.6833;620;39;2675.6;1
318;14400;-40;20;60;110;30;3700.0;3548.8;-437.0;6;216;98;118;0.4537;85;35;2674.8;1
319;5760;-40;10;90;90;50;3510.0;3416.9;-371.2;3;133;86;47;0.6466;329;7;2674.5;1
320;5760;-40;10;50;80;50;3270.0;3181.1;-253.5;5;127;74;53;0.5827;368;3;2674.1;1
321;1440;30;40;50;70;20;3530.0;3379.5;-354.9;7;215;119;96;0.5535;480;49;2669.7;1
322;2880;30;40;80;60;20;3480.0;3356.1;-344.2;4;177;126;51;0.7119;620;42;2667.7;1
323;2880;40;50;90;90;20;3690.0;3574.5;-456.3;5;165;103;62;0.6242;296;38;2661.9;1
324;2880;30;50;60;90;20;3720.0;3588.4;-464.0;7;188;100;88;0.5319;271;31;2660.4;1
325;2880;0;40;30;100;30;3890.0;3592.5;-466.2;15;425;128;297;0.3012;288;74;2660.1;1
326;2880;30;40;50;100;20;3500.0;3376.8;-359.1;7;176;82;94;0.4659;288;43;2658.6;1
327;2880;10;20;70;150;20;3780.0;3648.4;-494.9;7;188;77;111;0.4096;195;55;2658.6;1
328;1440;-40;40;20;90;20;3930.0;3501.6;-421.7;17;612;147;465;0.2402;150;1;2658.2;1
329;2880;10;30;30;80;20;3590.0;3394.0;-368.4;12;280;109;171;0.3893;419;43;2657.2;1
330;14400;-50;20;50;120;30;3720.0;3567.4;-456.3;9;218;86;132;0.3945;68;13;2654.8;1
331;1440;10;30;30;110;20;3770.0;3560.7;-453.1;13;299;91;208;0.3043;268;50;2654.5;1
332;1440;20;40;90;60;30;3150.0;3080.0;-212.8;2;100;81;19;0.8100;803;11;2654.4;1
333;8640;-20;10;90;50;30;3190.0;3098.3;-222.8;2;131;107;24;0.8168;467;17;2652.7;1
334;1440;20;40;100;60;30;3120.0;3050.0;-201.4;2;100;82;18;0.8200;803;11;2647.2;1
335;2880;30;40;100;50;20;3300.0;3176.1;-265.4;2;177;140;37;0.7910;795;41;2645.3;1
336;2880;40;60;70;80;20;3430.0;3317.3;-336.3;4;161;98;63;0.6087;277;31;2644.7;1
337;2880;30;40;70;110;20;3610.0;3493.1;-424.2;6;167;85;82;0.5090;242;52;2644.7;1
338;11520;-40;90;70;150;0;3760.0;3632.6;-494.5;6;182;75;107;0.4121;3;0;2643.6;1
339;1440;20;30;50;80;20;3560.0;3396.9;-377.0;6;233;117;116;0.5021;487;40;2642.9;1
340;8640;-20;10;50;50;30;3050.0;2955.5;-156.3;2;135;98;37;0.7259;467;13;2642.9;0
341;1440;-20;20;90;50;40;3170.0;3072.7;-214.9;2;139;112;27;0.8058;1243;8;2642.9;1
342;2880;40;60;60;100;20;3480.0;3369.4;-364.2;6;158;81;77;0.5127;190;34;2641.0;1
343;2880;30;40;60;100;20;3700.0;3578.9;-469.1;7;173;88;85;0.5087;288;46;2640.7;1
344;7200;-30;0;90;140;40;3320.0;3268.9;-314.2;3;73;43;30;0.5890;214;2;2640.5;1
345;1440;0;10;60;50;20;3310.0;3111.2;-235.4;3;284;185;99;0.6514;1433;41;2640.4;1
346;2880;-30;30;60;120;20;3960.0;3624.0;-491.9;8;480;182;298;0.3792;115;96;2640.2;1
347;2880;10;20;40;150;20;3540.0;3395.8;-379.8;9;206;62;144;0.3010;195;37;2636.2;1
348;7200;-40;100;40;150;10;3670.0;3531.4;-447.7;11;198;61;137;0.3081;13;0;2636.0;1
349;14400;-40;20;60;90;30;3540.0;3392.3;-378.2;4;211;108;103;0.5118;98;27;2635.9;1
350;5760;-20;0;90;50;20;3570.0;3378.9;-372.6;4;273;201;72;0.7363;550;92;2633.7;1
351;5760;-20;0;40;50;20;3310.0;3098.6;-233.3;5;302;171;131;0.5662;550;63;2632.0;1
352;2880;20;30;30;110;20;3530.0;3393.5;-381.9;10;195;67;128;0.3436;285;28;2629.7;1
353;7200;-30;0;100;90;40;3100.0;3055.2;-212.8;2;64;50;14;0.7812;338;2;2629.6;1
354;2880;20;30;30;150;20;3630.0;3496.3;-434.0;12;191;52;139;0.2723;165;32;2628.3;1
355;1440;0;10;70;50;20;3420.0;3222.6;-297.7;2;282;193;89;0.6844;1433;43;2627.2;1
356;5760;-20;0;50;50;20;3350.0;3142.1;-257.7;5;297;182;115;0.6128;550;68;2626.7;1
357;2880;-30;30;30;110;20;4010.0;3620.1;-497.3;11;557;148;409;0.2657;124;17;2625.5;1
358;2880;20;30;30;90;20;3510.0;3373.5;-374.0;9;195;78;117;0.4000;386;28;2625.5;1
359;1440;20;40;80;60;30;3060.0;2990.0;-182.8;2;100;79;21;0.7900;803;11;2624.4;0
360;2880;30;40;70;50;20;3290.0;3163.3;-269.8;3;181;133;48;0.7348;795;37;2623.7;1
361;12960;-50;90;40;120;10;3560.0;3448.7;-412.6;10;159;62;97;0.3899;11;0;2623.5;1
362;5760;-30;10;50;60;40;3010.0;2927.4;-152.1;3;118;81;37;0.6864;489;4;2623.2;0
363;1440;0;60;70;70;40;3640.0;3470.6;-424.2;6;242;147;95;0.6074;432;16;2622.2;1
364;11520;-50;90;40;150;0;3720.0;3598.9;-488.4;12;173;56;117;0.3237;3;0;2622.1;1
365;2880;0;40;60;70;30;3820.0;3558.2;-468.4;6;374;202;172;0.5401;429;99;2621.4;1
366;7200;-40;0;70;80;40;3410.0;3310.6;-344.9;4;142;89;53;0.6268;319;23;2620.8;1
367;2880;20;30;80;60;20;3600.0;3469.8;-424.9;3;186;132;54;0.7097;696;36;2620.0;1
368;1440;10;30;30;90;20;3660.0;3445.8;-413.1;13;306;107;199;0.3497;400;43;2619.6;1
369;1440;20;30;70;70;20;3640.0;3479.0;-429.8;4;230;141;89;0.6130;626;43;2619.4;1
370;1440;20;30;40;110;20;3590.0;3429.7;-407.0;10;229;85;144;0.3712;262;44;2615.7;1
371;1440;30;40;50;110;20;3670.0;3526.5;-456.3;9;205;87;118;0.4244;204;59;2613.9;1
372;8640;-20;10;80;50;30;3090.0;2997.6;-192.8;2;132;105;27;0.7955;467;16;2612.0;0
373;4320;30;40;60;60;10;3900.0;3585.7;-487.0;6;449;257;192;0.5724;386;268;2611.7;1
374;7200;-50;0;100;100;50;3500.0;3416.7;-402.8;4;119;77;42;0.6471;259;18;2611.1;1
375;1440;10;30;80;50;20;3630.0;3426.3;-408.2;3;291;207;84;0.7113;930;52;2609.9;1
376;2880;30;40;50;110;20;3510.0;3388.9;-389.8;7;173;76;97;0.4393;242;46;2609.3;1
377;5760;30;40;30;90;10;3870.0;3545.9;-468.9;12;463;148;315;0.3197;229;264;2608.1;1
378;1440;20;40;50;60;20;3360.0;3197.6;-295.6;4;232;136;96;0.5862;593;49;2606.4;1
379;7200;-40;0;80;80;40;3520.0;3420.6;-407.7;4;142;93;49;0.6549;319;23;2605.2;1
380;2880;20;40;40;70;20;3270.0;3117.4;-256.3;6;218;109;109;0.5000;456;35;2604.8;1
381;2880;0;40;80;90;30;3850.0;3596.6;-496.1;4;362;193;169;0.5331;324;133;2604.4;1
382;5760;-40;10;80;90;50;3470.0;3376.9;-386.3;4;133;83;50;0.6241;329;7;2604.3;1
383;14400;-50;20;60;120;30;3720.0;3574.4;-485.6;8;208;90;118;0.4327;68;23;2603.2;1
384;2880;20;30;30;140;20;3620.0;3486.3;-441.7;12;191;55;136;0.2880;186;32;2602.9;1
385;12960;-40;90;40;140;10;3700.0;3578.9;-488.4;12;173;59;114;0.3410;11;0;2602.1;1
386;1440;20;40;100;120;30;3600.0;3532.8;-466.3;4;96;60;36;0.6250;220;15;2600.2;1
387;2880;0;20;20;110;20;3600.0;3343.8;-372.6;18;366;84;282;0.2295;311;40;2598.6;1
388;12960;-30;90;40;140;10;3700.0;3572.6;-488.4;12;182;61;121;0.3352;11;0;2595.8;1
389;12960;-30;90;40;150;10;3700.0;3571.9;-488.4;12;183;58;125;0.3169;8;0;2595.1;1
390;1440;30;40;40;50;20;3160.0;3001.1;-203.5;5;227;136;91;0.5991;839;37;2594.1;1
391;5760;-40;0;70;60;30;3450.0;3250.5;-328.4;4;285;180;105;0.6316;354;75;2593.7;1
392;1440;20;60;60;60;30;3420.0;3202.3;-304.9;4;311;184;127;0.5916;446;32;2592.5;1
393;10080;-10;10;80;100;20;3300.0;3163.5;-285.6;3;195;105;90;0.5385;206;93;2592.3;1
394;4320;-10;0;20;70;10;4120.0;3571.2;-489.6;21;784;220;564;0.2806;381;337;2592.0;1
395;2880;20;40;40;60;20;3280.0;3123.9;-266.3;5;223;122;101;0.5471;547;26;2591.3;1
396;2880;20;40;50;50;20;3350.0;3200.9;-305.6;5;213;140;73;0.6573;671;30;2589.7;1
397;2880;-20;30;30;100;20;3850.0;3409.0;-410.1;10;630;175;455;0.2778;158;40;2588.8;1
398;2880;0;40;50;90;30;3800.0;3520.0;-466.1;8;400;170;230;0.4250;324;95;2587.8;1
399;1440;10;30;30;70;20;3630.0;3413.7;-413.1;9;309;129;180;0.4175;587;38;2587.5;1
400;7200;-50;0;70;80;50;3320.0;3254.2;-336.3;3;94;66;28;0.7021;327;7;2581.6;1
401;12960;-40;90;40;150;10;3680.0;3558.2;-488.4;12;174;56;118;0.3218;8;0;2581.4;1
402;5760;-20;0;80;50;20;3480.0;3287.5;-354.2;4;275;196;79;0.7127;550;90;2579.1;1
403;1440;30;40;80;130;30;3560.0;3480.9;-451.2;5;113;60;53;0.5310;187;28;2578.5;1
404;1440;20;60;60;90;30;3780.0;3568.6;-496.1;8;302;146;156;0.4834;234;59;2576.4;1
405;10080;-10;100;30;150;10;3330.0;3189.3;-307.0;10;201;52;149;0.2587;15;0;2575.3;1
406;1440;20;40;70;130;30;3540.0;3471.4;-448.4;5;98;52;46;0.5306;193;13;2574.6;1
407;2880;40;60;90;90;20;3600.0;3490.8;-459.1;4;156;98;58;0.6282;226;36;2572.6;1
408;8640;-30;0;40;130;30;3620.0;3475.1;-452.4;10;207;70;137;0.3382;181;53;2570.3;1
409;7200;-50;0;80;80;40;3680.0;3541.4;-485.6;4;198;122;76;0.6162;251;58;2570.2;1
410;2880;0;10;30;60;10;4110.0;3561.2;-495.7;9;784;307;477;0.3916;567;395;2569.8;1
411;10080;-10;20;80;120;30;3400.0;3302.0;-368.4;3;140;73;67;0.5214;177;54;2565.2;1
412;1440;20;40;70;80;30;3060.0;2988.6;-212.1;3;102;68;34;0.6667;493;9;2564.4;0
413;4320;-20;30;80;80;50;3120.0;3053.5;-246.3;3;95;67;28;0.7053;424;6;2560.9;1
414;2880;20;30;60;90;20;3660.0;3531.2;-485.6;8;184;98;86;0.5326;386;39;2560.0;1
415;2880;10;30;60;90;20;3720.0;3535.9;-489.1;7;263;130;133;0.4943;365;60;2557.7;1
416;2880;0;10;20;50;10;3880.0;3261.2;-351.9;17;884;308;576;0.3484;677;285;2557.4;1
417;2880;0;20;20;100;20;3560.0;3302.4;-372.6;18;368;91;277;0.2473;348;38;2557.2;1
418;2880;20;30;100;60;20;3500.0;3373.3;-408.4;2;181;135;46;0.7459;696;41;2556.5;1
419;2880;20;30;50;80;20;3500.0;3367.0;-405.6;8;190;100;90;0.5263;469;33;2555.8;1
420;14400;-50;20;60;90;30;3450.0;3310.0;-378.2;4;200;103;97;0.5150;84;16;2553.6;1
421;5760;30;40;30;80;10;3720.0;3391.0;-419.6;11;470;162;308;0.3447;261;256;2551.8;1
422;7200;-40;0;50;110;40;3230.0;3111.7;-280.5;4;169;73;96;0.4320;236;32;2550.7;1
423;7200;-40;100;50;150;10;3500.0;3361.4;-405.6;8;198;67;131;0.3384;13;0;2550.2;1
424;1440;20;30;20;50;10;3930.0;3379.1;-414.8;14;787;281;506;0.3571;700;228;2549.5;1
425;4320;-20;30;50;80;50;2920.0;2853.5;-152.1;3;95;59;36;0.6211;424;6;2549.3;0
426;4320;-20;30;60;80;50;2980.0;2913.5;-182.1;3;95;62;33;0.6526;424;6;2549.3;0
427;7200;-40;0;50;80;40;3200.0;3099.2;-275.6;4;144;80;64;0.5556;319;21;2548.0;1
428;2880;40;50;70;110;20;3630.0;3518.7;-488.4;6;159;82;77;0.5157;200;44;2541.9;1
429;10080;10;100;30;150;10;3390.0;3233.9;-346.1;10;223;56;167;0.2511;16;1;2541.7;1
430;11520;-30;90;70;150;0;3650.0;3514.9;-487.0;6;193;78;115;0.4041;3;0;2540.9;1
431;12960;0;30;80;110;30;3210.0;3126.7;-294.2;3;119;67;52;0.5630;167;46;2538.3;1
432;2880;10;30;50;90;20;3630.0;3441.7;-451.7;7;269;122;147;0.4535;365;54;2538.3;1
433;2880;30;80;70;80;30;3690.0;3509.4;-486.3;6;258;145;113;0.5620;200;38;2536.8;1
434;2880;20;30;30;100;20;3380.0;3243.5;-354.0;9;195;71;124;0.3641;337;28;2535.5;1
435;5760;-10;0;40;50;10;3500.0;3073.0;-268.8;6;610;310;300;0.5082;482;324;2535.4;1
436;4320;-10;10;30;50;20;3100.0;2866.2;-165.6;5;334;164;170;0.4910;615;48;2535.0;0
437;7200;-40;0;60;130;40;3490.0;3368.9;-417.0;5;173;73;100;0.4220;197;38;2534.9;1
438;2880;10;20;60;50;10;3940.0;3490.6;-478.2;4;642;386;256;0.6012;671;377;2534.2;1
439;12960;-30;90;20;120;10;3240.0;3113.3;-289.8;14;181;49;132;0.2707;12;0;2533.7;1
440;11520;-40;100;60;140;0;3600.0;3481.0;-474.7;6;170;69;101;0.4059;3;0;2531.6;1
441;4320;10;30;80;50;20;3330.0;3166.9;-318.4;3;233;169;64;0.7253;603;48;2530.1;1
442;5760;-30;10;100;60;40;3180.0;3098.1;-284.2;2;117;93;24;0.7949;489;5;2529.7;1
443;1440;20;30;30;140;20;3520.0;3356.2;-413.3;12;234;62;172;0.2650;160;39;2529.6;1
444;1440;20;40;80;130;30;3530.0;3463.5;-467.7;5;95;53;42;0.5579;193;16;2528.1;1
445;4320;-20;10;70;70;30;3570.0;3404.1;-438.2;3;237;144;93;0.6076;449;42;2527.7;1
446;8640;-30;100;40;150;0;3650.0;3504.4;-488.4;12;208;63;145;0.3029;2;0;2527.6;1
447;5760;-40;10;50;70;50;2900.0;2831.4;-152.1;3;98;65;33;0.6633;421;2;2527.2;0
448;1440;20;30;100;50;20;3400.0;3236.9;-355.6;2;233;178;55;0.7639;1052;40;2525.7;1
449;7200;-40;0;70;150;40;3570.0;3451.7;-463.3;4;169;70;99;0.4142;182;45;2525.1;1
450;11520;-50;100;50;150;0;3450.0;3335.9;-405.6;8;163;58;105;0.3558;3;0;2524.7;1
451;7200;-50;10;80;80;50;3280.0;3182.7;-329.8;3;139;90;49;0.6475;277;16;2523.1;1
452;2880;0;30;20;90;20;3970.0;3435.2;-456.6;14;764;175;589;0.2291;272;139;2522.0;1
453;5760;-50;10;90;80;50;3480.0;3360.3;-419.8;4;171;111;60;0.6491;299;18;2520.7;1
454;7200;-40;0;80;90;40;3380.0;3275.7;-377.7;4;149;90;59;0.6040;284;29;2520.3;1
455;4320;30;40;40;60;10;3740.0;3404.7;-443.1;8;479;229;250;0.4781;386;238;2518.5;1
456;2880;10;20;20;130;20;3530.0;3375.3;-429.6;16;221;53;168;0.2398;251;22;2516.1;1
457;1440;20;40;70;120;30;3520.0;3450.7;-468.4;5;99;55;44;0.5556;220;12;2513.9;1
458;11520;-40;100;60;130;0;3420.0;3300.3;-393.3;6;171;72;99;0.4211;3;0;2513.7;1
459;5760;-40;10;50;90;50;3140.0;3044.8;-265.6;5;136;71;65;0.5221;329;4;2513.6;1
460;12960;-50;90;20;120;10;3120.0;3008.7;-248.4;12;159;45;114;0.2830;11;0;2511.9;1
461;7200;-40;0;70;130;40;3430.0;3310.3;-401.9;4;171;77;94;0.4503;197;40;2506.5;1
462;1440;20;40;100;60;20;3620.0;3463.9;-478.9;3;223;162;61;0.7265;593;58;2506.1;1
463;1440;10;30;100;50;20;3550.0;3349.1;-421.7;3;287;215;72;0.7491;930;56;2505.7;1
464;2880;10;20;20;120;20;3260.0;3104.6;-299.6;12;222;55;167;0.2477;292;21;2505.4;1
465;8640;-30;10;40;130;40;3260.0;3156.4;-325.6;8;148;54;94;0.3649;186;25;2505.2;1
466;2880;20;30;30;80;20;3220.0;3082.1;-289.1;9;197;83;114;0.4213;469;26;2503.9;1
467;1440;30;40;30;60;20;3360.0;3199.0;-348.2;6;230;114;116;0.4957;634;34;2502.6;1
468;2880;20;30;80;80;20;3600.0;3473.3;-485.6;4;181;113;68;0.6243;469;42;2502.1;1
469;7200;20;90;40;150;10;3610.0;3397.2;-447.7;11;304;83;221;0.2730;19;6;2501.8;1
470;2880;40;60;60;70;20;3100.0;2984.5;-242.8;4;165;100;65;0.6061;341;27;2498.9;0
471;2880;20;40;40;120;20;3480.0;3333.7;-418.2;9;209;74;135;0.3541;200;45;2497.3;1
472;4320;-20;20;40;70;40;2930.0;2821.5;-162.8;4;155;83;72;0.5355;467;10;2495.9;0
473;7200;-30;100;50;150;10;3550.0;3406.5;-456.3;9;205;69;136;0.3366;13;0;2493.9;1
474;2880;30;40;40;60;20;3160.0;3026.3;-266.3;6;191;108;83;0.5654;620;28;2493.7;1
475;14400;-20;20;60;110;30;3460.0;3294.1;-400.5;6;237;104;133;0.4388;133;123;2493.1;1
476;7200;-40;0;50;90;40;3130.0;3022.9;-265.6;4;153;77;76;0.5033;284;25;2491.7;1
477;1440;20;30;40;70;20;3230.0;3061.3;-284.9;7;241;117;124;0.4855;626;32;2491.5;1
478;1440;30;40;40;110;20;3480.0;3330.9;-419.8;9;213;80;133;0.3756;204;51;2491.3;1
479;5760;-50;10;60;80;50;3220.0;3097.5;-303.5;5;175;98;77;0.5600;299;14;2490.5;1
480;7200;-40;0;60;150;40;3480.0;3358.9;-434.7;5;173;66;107;0.3815;182;41;2489.5;1
481;1440;10;40;90;80;30;3330.0;3236.9;-374.2;4;133;90;43;0.6767;494;14;2488.5;1
482;2880;10;20;50;150;20;3550.0;3412.1;-461.9;9;197;67;130;0.3401;195;46;2488.3;1
483;2880;30;40;80;110;20;3570.0;3456.6;-484.2;6;162;87;75;0.5370;242;57;2488.2;1
484;12960;-40;10;90;130;50;3090.0;3031.9;-272.1;3;83;48;35;0.5783;162;18;2487.7;1
485;2880;10;20;50;140;20;3590.0;3451.4;-481.9;9;198;71;127;0.3586;216;45;2487.6;1
486;8640;-20;100;40;150;0;3620.0;3463.9;-488.4;12;223;66;157;0.2960;2;0;2487.1;1
487;4320;0;10;30;100;10;3880.0;3439.7;-476.8;13;629;175;454;0.2782;262;391;2486.1;1
488;5760;-20;0;40;70;20;3340.0;3117.4;-316.8;6;318;146;172;0.4591;385;93;2483.8;1
489;2880;30;50;100;70;20;3530.0;3401.2;-459.1;3;184;129;55;0.7011;388;34;2483.0;1
490;2880;30;40;40;100;20;3260.0;3133.3;-325.6;8;181;75;106;0.4144;288;38;2482.1;1
491;12960;-50;90;30;120;10;3330.0;3218.7;-368.4;12;159;54;105;0.3396;11;0;2481.9;1
492;7200;-30;0;90;100;40;2890.0;2844.5;-181.4;2;65;46;19;0.7077;304;2;2481.7;0
493;10080;-40;20;40;60;10;3540.0;3302.7;-410.5;6;339;171;168;0.5044;45;2;2481.7;1
494;14400;-40;20;50;100;30;3350.0;3195.3;-357.0;5;221;96;125;0.4344;93;22;2481.3;1
495;2880;0;40;20;110;20;3890.0;3421.0;-470.3;21;670;133;537;0.1985;166;52;2480.4;1
496;2880;-10;30;60;90;20;3810.0;3422.2;-471.0;6;554;247;307;0.4458;211;229;2480.2;1
497;1440;40;50;60;110;20;3530.0;3402.6;-461.2;6;182;85;97;0.4670;149;46;2480.2;1
498;11520;-50;100;60;110;0;3420.0;3305.2;-412.6;6;164;78;86;0.4756;3;0;2480.0;1
499;14400;-50;20;50;100;30;3250.0;3104.4;-312.6;5;208;91;117;0.4375;80;12;2479.2;1
500;4320;-20;30;60;70;40;3110.0;2947.6;-234.2;3;232;131;101;0.5647;382;35;2479.2;0
