pair;id;time;title;pivot;targets;alternatives;status;p0;bull;d_target;d_stop;p_random;real;real_pips;mirror;mirror_pips;t2
AUDUSD;15270856;2026-08-16 21:34;AUD/USD intraday : Watch 0.7107;0.7065;0.7107 0.7117;0.7048 0.7037;ok;0.70804;True;26.599999999999955;15.399999999999858;0.3666666666666649;target;26.599999999999955;stop;-15.399999999999858;open
AUDUSD;15271294;2026-08-17 06:01;AUD/USD intraday : the RSI is overbought;0.7092;0.7135 0.7145;0.7075 0.7066;ok;0.71136;True;21.400000000000308;21.599999999999397;0.5023255813953382;open;-10.000000000000009;open;10.000000000000009;open
AUDUSD;15272880;2026-08-17 23:36;AUD/USD intraday : The downside prevails as long as 0.7121 is resistance;0.7121;0.7084 0.7074;0.7138 0.7147;ok;0.71073;False;23.299999999999432;13.699999999999823;0.3702702702702729;target;23.299999999999432;stop;-13.699999999999823;open
AUDUSD;15274030;2026-08-18 18:31;AUD/USD intraday : the RSI is oversold;0.71;0.7063 0.7053;0.7117 0.7126;ok;0.7085;False;21.999999999999797;14.999999999999458;0.40540540540539893;open;-0.49999999999994493;open;0.49999999999994493;open
AUDUSD;15275862;2026-08-19 13:01;AUD/USD intraday : The upside prevails as long as 0.7067 is support;0.7067;0.7122 0.7131;0.7051 0.7041;ok;0.71041;True;17.90000000000069;37.09999999999991;0.6745454545454456;target;17.90000000000069;open;-13.800000000000479;open
AUDUSD;15275936;2026-08-19 14:01;AUD/USD intraday : the RSI is overbought;0.7102;0.7144 0.7154;0.7086 0.7076;ok;0.71183;True;25.70000000000072;16.29999999999909;0.38809523809521823;open;5.7000000000007045;open;-5.7000000000007045;open
AUDUSD;15279781;2026-08-21 06:00;AUD/USD intraday : the RSI is overbought;0.7125;0.7166 0.7176;0.7108 0.7098;ok;0.71441;True;21.90000000000025;19.09999999999967;0.46585365853657823;target;21.90000000000025;stop;-19.09999999999967;open
AUDUSD;15280454;2026-08-21 11:31;AUD/USD intraday : the RSI is overbought;0.7146;0.7187 0.7196;0.7129 0.7119;ok;0.71643;True;22.699999999999942;18.299999999999983;0.44634146341463454;open;3.7999999999993594;open;-3.7999999999993594;open
AUDUSD;15283727;2026-08-24 23:35;AUD/USD intraday : Rebound towards 0.7183;0.7134;0.7183;0.7116 0.7105;ok;0.71502;True;32.80000000000061;16.199999999999548;0.33061224489794894;open;12.300000000000644;stop;-16.199999999999548;
AUDUSD;15285596;2026-08-26 02:02;AUD/USD intraday : The upside prevails as long as 0.7154 is support;0.7154;0.7203 0.7214;0.7136 0.7125;ok;0.7176;True;27.000000000000355;21.999999999999797;0.44897959183672914;open;-4.00000000000067;open;4.00000000000067;open
AUDUSD;15290287;2026-08-28 03:47;AUD/USD intraday : The upside prevails as long as 0.7189 is support;0.7189;0.7228 0.7239;0.7171 0.716;ok;0.71999;True;28.099999999999792;10.900000000000354;0.27948717948718754;open;-1.9000000000002348;open;1.9000000000002348;open
AUDUSD;15290432;2026-08-28 05:00;AUD/USD intraday : Trend at a crossroads;0.7189;0.7228 0.7238;0.7171 0.716;ok;0.71983;True;29.70000000000028;9.299999999999864;0.2384615384615341;stop;-9.299999999999864;stop;-9.299999999999864;stop
AUDUSD;15291236;2026-08-28 15:45;AUD/USD intraday : The downside prevails as long as 0.7200 is resistance;0.72;0.715 0.714;0.7218 0.7229;ok;0.71679;False;17.90000000000069;32.09999999999935;0.6419999999999865;open;7.000000000000339;open;-7.000000000000339;open
AUDUSD;15294524;2026-08-31 23:39;AUD/USD intraday : The upside prevails as long as 0.7152 is support;0.7152;0.7187 0.7197;0.7136 0.7126;ok;0.71671;True;19.90000000000047;15.100000000000113;0.43142857142856744;stop;-15.100000000000113;target;19.90000000000047;stop
AUDUSD;15295146;2026-09-01 09:00;AUD/USD intraday : The downside prevails as long as 0.7169 is resistance;0.7169;0.7131 0.7122;0.7185 0.7195;ok;0.71431;False;12.100000000000444;25.89999999999981;0.6815789473684115;open;-0.700000000000145;target;12.100000000000444;open
AUDUSD;15297513;2026-09-02 11:20;AUD/USD intraday : The downside prevails as long as 0.7145 is resistance;0.7145;0.7104 0.7095;0.7162 0.7171;ok;0.71355;False;31.49999999999986;9.500000000000064;0.2317073170731727;stop;-9.500000000000064;target;31.49999999999986;stop
AUDUSD;15297644;2026-09-02 15:45;AUD/USD intraday : The upside prevails as long as 0.7156 is support;0.7156;0.7193 0.7203;0.7139 0.713;ok;0.7167;True;26.000000000000465;10.999999999999899;0.2972972972972916;open;2.6999999999999247;open;-2.6999999999999247;open
AUDUSD;15299708;2026-09-03 15:45;AUD/USD intraday : The upside prevails as long as 0.7180 is support;0.718;0.7218 0.7227;0.7163 0.7153;ok;0.71955;True;22.49999999999974;15.500000000000513;0.407894736842116;open;3.9999999999995595;open;-3.9999999999995595;open
AUDUSD;15303742;2026-09-07 07:40;AUD/USD intraday : The upside prevails as long as 0.7199 is support;0.7199;0.7239 0.7249;0.7183 0.7173;ok;0.72178;True;21.200000000000106;18.799999999999926;0.46999999999999775;open;0.900000000000345;open;-0.900000000000345;open
AUDUSD;15310230;2026-09-10 11:31;AUD/USD intraday : the RSI is oversold;0.7213;0.7174 0.7164;0.723 0.724;ok;0.71955;False;21.49999999999985;17.50000000000029;0.44871794871795456;target;21.49999999999985;stop;-17.50000000000029;target
AUDUSD;15310304;2026-09-10 13:34;AUD/USD intraday : the RSI is oversold;0.7182;0.7138 0.7128;0.7199 0.7209;ok;0.71612;False;23.199999999999886;20.799999999999706;0.47272727272727044;open;4.699999999999704;open;-4.699999999999704;open
AUDUSD;15312639;2026-09-11 14:20;AUD/USD intraday : The upside prevails as long as 0.7162 is support;0.7162;0.7203 0.7213;0.7145 0.7135;ok;0.71816;True;21.400000000000308;19.600000000000726;0.4780487804878106;open;-12.400000000000189;open;12.400000000000189;open
AUDUSD;15314042;2026-09-13 23:32;AUD/USD intraday : The downside prevails as long as 0.7176 is resistance;0.7176;0.7138 0.7128;0.7193 0.7203;ok;0.71569;False;18.90000000000058;19.09999999999967;0.5026315789473564;target;18.90000000000058;stop;-19.09999999999967;open
AUDUSD;15314538;2026-09-14 07:40;AUD/USD intraday : The downside prevails as long as 0.7156 is resistance;0.7156;0.7116 0.7106;0.7173 0.7183;ok;0.71386;False;22.600000000000396;17.399999999999636;0.43499999999999056;target;22.600000000000396;stop;-17.399999999999636;open
AUDUSD;15319449;2026-09-16 19:21;AUD/USD intraday : the RSI is oversold;0.7125;0.7069 0.7059;0.7142 0.7152;ok;0.70782;False;9.200000000000319;46.800000000000175;0.8357142857142814;open;-7.500000000000284;target;9.200000000000319;open
AUDUSD;15322227;2026-09-18 03:46;AUD/USD intraday : The upside prevails as long as 0.7106 is support;0.7106;0.7148 0.7158;0.7089 0.7079;ok;0.71322;True;15.800000000000258;26.199999999999555;0.623809523809516;stop;-26.199999999999555;target;15.800000000000258;stop
AUDUSD;15323095;2026-09-18 15:46;AUD/USD intraday : The downside prevails as long as 0.7123 is resistance;0.7123;0.7085 0.7075;0.714 0.715;ok;0.71083;False;23.299999999999432;14.700000000000824;0.38684210526317697;stop;-14.700000000000824;open;17.800000000000036;stop
AUDUSD;15323252;2026-09-18 19:21;AUD/USD intraday : The upside prevails as long as 0.7111 is support;0.7111;0.7148 0.7158;0.7094 0.7084;ok;0.71268;True;21.200000000000106;15.800000000000258;0.42702702702702977;open;-1.7999999999995797;open;1.7999999999995797;open
AUDUSD;15324105;2026-09-20 23:30;AUD/USD intraday : The upside prevails as long as 0.7110 is support;0.711;0.7145 0.7155;0.7094 0.7084;ok;0.71219;True;23.100000000000342;11.900000000000244;0.34000000000000125;open;1.7000000000000348;open;-1.7000000000000348;open
AUDUSD;15324156;2026-09-21 02:00;AUD/USD intraday : The upside prevails as long as 0.7111 is support;0.7111;0.7148 0.7158;0.7094 0.7084;ok;0.71238;True;24.199999999999775;12.800000000000589;0.34594594594595846;open;1.0999999999994348;open;-1.0999999999994348;open
AUDUSD;15324184;2026-09-21 03:45;AUD/USD intraday : As long as 0.7107 is support, look for 0.7156;0.7107;0.7156;0.709 0.708;ok;0.71254;True;30.600000000000627;18.399999999999526;0.37551020408162183;open;1.7000000000000348;open;-1.7000000000000348;
AUDUSD;15324223;2026-09-21 05:00;AUD/USD intraday : The upside prevails as long as 0.7113 is support;0.7113;0.7151 0.7161;0.7096 0.7086;ok;0.71271;True;23.90000000000003;14.099999999999113;0.37105263157893237;open;-1.3999999999991797;open;1.3999999999991797;open
AUDUSD;15324440;2026-09-21 07:40;AUD/USD intraday : The upside prevails as long as 0.7110 is support;0.711;0.7148 0.7158;0.7093 0.7083;ok;0.71259;True;22.100000000000453;15.899999999999803;0.418421052631571;open;4.00000000000067;open;-4.00000000000067;open
AUDUSD;15324632;2026-09-21 09:00;AUD/USD intraday : The upside prevails as long as 0.7114 is support;0.7114;0.7153 0.7163;0.7097 0.7088;ok;0.71298;True;23.200000000000998;15.799999999999148;0.40512820512818176;open;-11.899999999999133;open;11.899999999999133;open
AUDUSD;15325699;2026-09-22 02:00;AUD/USD intraday : The downside prevails as long as 0.7134 is resistance;0.7134;0.7089 0.7079;0.7151 0.716;ok;0.71047;False;15.700000000000713;29.29999999999988;0.6511111111110999;open;-8.199999999999319;target;15.700000000000713;open
AUDUSD;15328194;2026-09-23 07:40;AUD/USD intraday : the RSI is oversold;0.7107;0.7064 0.7055;0.7124 0.7134;ok;0.70841;False;20.09999999999956;22.90000000000014;0.5325581395348907;target;20.09999999999956;stop;-22.90000000000014;target
AUDUSD;15328719;2026-09-23 15:45;AUD/USD intraday : the RSI is oversold;0.706;0.702 0.701;0.7077 0.7087;ok;0.70378;False;17.800000000000036;22.199999999999996;0.5549999999999995;open;-0.40000000000040004;open;0.40000000000040004;open
AUDUSD;15331015;2026-09-24 15:45;AUD/USD intraday : below its lower Bollinger band;0.7035;0.699 0.698;0.7051 0.7061;ok;0.70095;False;19.50000000000007;25.500000000000522;0.5666666666666708;open;-1.40000000000029;target;19.50000000000007;open
AUDUSD;15336663;2026-09-29 07:40;AUD/USD intraday : The downside prevails as long as 0.7011 is resistance;0.7011;0.6965 0.6954;0.703 0.7042;ok;0.69888;False;23.799999999999375;22.199999999999996;0.4826086956521804;open;3.5999999999991594;stop;-22.199999999999996;open
AUDUSD;15338517;2026-09-30 06:13;AUD/USD intraday : The downside prevails as long as 0.6993 is resistance;0.6993;0.6949 0.6937;0.7012 0.7024;ok;0.69779;False;28.900000000000592;15.100000000000113;0.34318181818181526;target;28.900000000000592;stop;-15.100000000000113;open
AUDUSD;15339527;2026-09-30 19:20;AUD/USD intraday : The downside prevails as long as 0.6965 is resistance;0.6965;0.6924 0.6912;0.6985 0.6996;ok;0.69474;False;23.400000000000087;17.599999999999838;0.42926829268292366;open;3.4000000000000696;open;-3.4000000000000696;open
AUDUSD;15341365;2026-10-01 15:45;AUD/USD intraday : below its lower Bollinger band;0.6942;0.6895 0.6884;0.6962 0.6973;ok;0.69101;False;15.100000000000113;31.90000000000026;0.6787234042553193;open;-20.299999999999763;target;15.100000000000113;open
EURGBP;15270895;2026-08-16 23:30;EUR/GBP intraday : Pivotal moment;0.855;0.8531 0.8526;0.8558 0.8563;ok;0.85444;False;13.400000000000079;5.600000000000049;0.2947368421052638;open;-4.100000000000215;open;4.100000000000215;open
EURGBP;15271176;2026-08-17 05:00;EUR/GBP intraday : The upside prevails as long as 0.8541 is support;0.8541;0.856 0.8565;0.8533 0.8528;ok;0.85487;True;11.299999999999644;7.700000000000484;0.4052631578947596;open;0.0999999999995449;stop;-7.700000000000484;open
EURGBP;15275805;2026-08-19 11:20;EUR/GBP intraday : The upside prevails as long as 0.8553 is support;0.8553;0.8573 0.8578;0.8545 0.854;ok;0.85613;True;11.700000000000044;8.299999999999974;0.4149999999999983;stop;-8.299999999999974;stop;-8.299999999999974;stop
EURGBP;15276231;2026-08-19 19:35;EUR/GBP intraday : the RSI is overbought;0.8572;0.8591 0.8596;0.8563 0.8558;ok;0.85796;True;11.400000000000299;7.599999999999829;0.3999999999999883;open;1.60000000000049;open;-1.60000000000049;open
EURGBP;15278278;2026-08-20 19:35;EUR/GBP intraday : Rebound towards 0.8584;0.856;0.8584;0.8552 0.8547;ok;0.85677;True;16.300000000000203;7.700000000000484;0.3208333333333443;open;-1.2000000000000899;open;1.2000000000000899;
EURGBP;15280928;2026-08-21 19:35;EUR/GBP intraday : The downside prevails as long as 0.8566 is resistance;0.8566;0.8547 0.8542;0.8574 0.8579;ok;0.85574;False;10.399999999999299;8.60000000000083;0.452631578947409;open;0.49999999999994493;open;-0.49999999999994493;open
EURGBP;15286398;2026-08-26 11:20;EUR/GBP intraday : The upside prevails as long as 0.8555 is support;0.8555;0.8577 0.8582;0.8546 0.8541;ok;0.85613;True;15.700000000000713;6.299999999999084;0.28636363636359735;open;7.500000000000284;stop;-6.299999999999084;open
EURGBP;15287863;2026-08-27 02:00;EUR/GBP intraday : As long as 0.8569 is support, look for 0.8594;0.8569;0.8594;0.856 0.8555;ok;0.85765;True;17.50000000000029;7.500000000000284;0.30000000000000443;stop;-7.500000000000284;open;5.600000000000049;
EURGBP;15291033;2026-08-28 11:20;EUR/GBP intraday : Rebound towards 0.8588;0.8562;0.8588;0.8553 0.8548;ok;0.85716;True;16.399999999999746;9.600000000000719;0.36923076923079023;stop;-9.600000000000719;target;16.399999999999746;
EURGBP;15291569;2026-08-28 19:35;EUR/GBP intraday : The downside prevails as long as 0.8567 is resistance;0.8567;0.8547 0.8542;0.8576 0.8581;ok;0.85587;False;11.700000000000044;8.299999999999974;0.4149999999999983;open;1.2000000000000899;open;-1.2000000000000899;open
EURGBP;15293525;2026-08-31 11:20;EUR/GBP intraday : The upside prevails as long as 0.8558 is support;0.8558;0.8579 0.8584;0.8549 0.8544;ok;0.85665;True;12.499999999999734;8.500000000000174;0.4047619047619148;open;6.300000000000194;open;-6.300000000000194;open
EURGBP;15295780;2026-09-01 19:35;EUR/GBP intraday : The upside prevails as long as 0.8569 is support;0.8569;0.859 0.8595;0.8561 0.8555;ok;0.85769;True;13.100000000000334;7.899999999999574;0.37619047619045753;open;-1.5999999999993797;open;1.5999999999993797;open
EURGBP;15297168;2026-09-02 08:35;EUR/GBP intraday : The downside prevails as long as 0.8579 is resistance;0.8579;0.8558 0.8553;0.8588 0.8593;ok;0.85713;False;13.299999999999423;7.700000000000484;0.36666666666669134;stop;-7.700000000000484;open;12.000000000000899;stop
EURGBP;15297475;2026-09-02 11:20;EUR/GBP intraday : The upside prevails as long as 0.8572 is support;0.8572;0.8594 0.8599;0.8564 0.8558;ok;0.85834;True;10.600000000000609;11.400000000000299;0.5181818181818104;open;7.800000000000029;open;-7.800000000000029;open
EURGBP;15298581;2026-09-02 23:30;EUR/GBP intraday : As long as 0.8586 is support, look for 0.8611;0.8586;0.8611;0.8577 0.8572;ok;0.85921;True;18.899999999999473;6.099999999999994;0.24400000000000496;stop;-6.099999999999994;stop;-6.099999999999994;
EURGBP;15301388;2026-09-04 08:35;EUR/GBP intraday : The downside prevails as long as 0.8595 is resistance;0.8595;0.8572 0.8566;0.8604 0.8609;ok;0.85893;False;17.300000000000093;5.7000000000007045;0.24782608695654376;stop;-5.7000000000007045;open;2.500000000000835;stop
EURGBP;15303325;2026-09-07 02:02;EUR/GBP intraday : The upside prevails as long as 0.8587 is support;0.8587;0.8607 0.8612;0.8578 0.8573;ok;0.85947;True;12.300000000000644;7.699999999999374;0.38499999999996837;stop;-7.699999999999374;open;8.899999999999464;stop
EURGBP;15304062;2026-09-07 11:02;EUR/GBP intraday : The downside prevails as long as 0.8596 is resistance;0.8596;0.8575 0.857;0.8605 0.861;ok;0.8586;False;10.999999999999899;10.000000000000009;0.4761904761904787;open;3.8000000000004697;open;-3.8000000000004697;open
EURGBP;15310662;2026-09-10 19:35;EUR/GBP intraday : The upside prevails as long as 0.8586 is support;0.8586;0.8607 0.8612;0.8577 0.8572;ok;0.85942;True;12.800000000000589;8.199999999999319;0.3904761904761598;open;-2.4999999999997247;open;2.4999999999997247;open
EURGBP;15312449;2026-09-11 11:00;EUR/GBP intraday : The downside prevails as long as 0.8593 is resistance;0.8593;0.8572 0.8567;0.8602 0.8607;ok;0.85832;False;11.200000000000099;9.799999999999809;0.4666666666666596;target;11.200000000000099;stop;-9.799999999999809;open
EURGBP;15313012;2026-09-11 19:35;EUR/GBP intraday : the RSI is oversold;0.8582;0.8561 0.8556;0.8591 0.8596;ok;0.85736;False;12.600000000000389;8.399999999999519;0.3999999999999789;open;0.40000000000040004;open;-0.40000000000040004;open
EURGBP;15314602;2026-09-14 08:35;EUR/GBP intraday : the RSI is oversold;0.8567;0.8546 0.8541;0.8575 0.858;ok;0.85571;False;11.099999999999444;9.900000000000464;0.4714285714285956;open;3.1999999999998696;open;-3.1999999999998696;open
EURGBP;15318767;2026-09-16 08:35;EUR/GBP intraday : The upside prevails as long as 0.8563 is support;0.8563;0.8583 0.8587;0.8555 0.855;ok;0.85705;True;12.499999999999734;7.500000000000284;0.3750000000000139;open;-4.3999999999999595;stop;-7.500000000000284;open
EURGBP;15321003;2026-09-17 11:00;EUR/GBP intraday : The downside prevails as long as 0.8572 is resistance;0.8572;0.8552 0.8547;0.858 0.8585;ok;0.85695;False;17.50000000000029;2.4999999999997247;0.12499999999998612;stop;-2.4999999999997247;target;17.50000000000029;stop
EURGBP;15321393;2026-09-17 19:35;EUR/GBP intraday : As long as 0.8586 is support, look for 0.8611;0.8586;0.8611;0.8578 0.8573;ok;0.85932;True;17.800000000000036;7.199999999999429;0.2879999999999833;open;-3.9999999999995595;open;3.9999999999995595;
EURGBP;15323282;2026-09-18 19:35;EUR/GBP intraday : The downside prevails as long as 0.8583 is resistance;0.8583;0.8565 0.856;0.8591 0.8596;ok;0.85754;False;10.399999999999299;7.599999999999829;0.4222222222222332;open;-0.20000000000020002;open;0.20000000000020002;open
EURGBP;15324100;2026-09-20 23:30;EUR/GBP intraday : Rebound towards 0.8591;0.8567;0.8591;0.8558 0.8552;ok;0.85716;True;19.399999999999416;4.6000000000001595;0.1916666666666767;open;4.699999999999704;stop;-4.6000000000001595;
EURGBP;15324149;2026-09-21 02:00;EUR/GBP intraday : Rebound towards 0.8594;0.8567;0.8594;0.8558 0.8553;ok;0.85761;True;17.90000000000069;9.099999999999664;0.33703703703702015;open;-0.900000000000345;open;0.900000000000345;
EURGBP;15324180;2026-09-21 03:45;EUR/GBP intraday : Rebound towards 0.8594;0.8566;0.8594;0.8557 0.8552;ok;0.8575;True;19.000000000000128;9.000000000000119;0.32142857142857284;open;2.1999999999999797;open;-2.1999999999999797;
EURGBP;15324250;2026-09-21 05:00;EUR/GBP intraday : Rebound expected;0.8567;0.8594;0.8558 0.8553;ok;0.85771;True;16.9000000000008;10.099999999999554;0.3740740740740526;open;0.20000000000020002;open;-0.20000000000020002;
EURGBP;15324532;2026-09-21 08:35;EUR/GBP intraday : Rebound towards 0.8594;0.8567;0.8594;0.8558 0.8552;ok;0.85783;True;15.700000000000713;11.299999999999644;0.4185185185184998;open;-3.9999999999995595;open;3.9999999999995595;
EURGBP;15328555;2026-09-23 11:00;EUR/GBP intraday : The upside prevails as long as 0.8581 is support;0.8581;0.8603 0.8609;0.8572 0.8566;ok;0.85887;True;14.299999999999313;7.700000000000484;0.35000000000002524;open;7.699999999999374;stop;-7.700000000000484;open
EURGBP;15331027;2026-09-24 15:52;EUR/GBP intraday : The upside prevails as long as 0.8593 is support;0.8593;0.8616 0.8622;0.8584 0.8578;ok;0.86056;True;10.400000000000409;12.600000000000389;0.5478260869565197;open;1.9000000000002348;open;-1.9000000000002348;open
EURGBP;15334867;2026-09-28 08:35;EUR/GBP intraday : the RSI is oversold;0.859;0.8568 0.8562;0.8599 0.8604;ok;0.85774;False;9.399999999999409;12.600000000000389;0.5727272727272956;target;9.399999999999409;stop;-12.600000000000389;open
EURGBP;15338379;2026-09-30 05:00;EUR/GBP intraday : The downside prevails as long as 0.8576 is resistance;0.8576;0.8557 0.8551;0.8584 0.859;ok;0.85668;False;9.799999999999809;9.200000000000319;0.484210526315803;open;3.1000000000003247;open;-3.1000000000003247;open
EURGBP;15338518;2026-09-30 06:13;EUR/GBP intraday : The downside prevails as long as 0.8574 is resistance;0.8574;0.8554 0.8548;0.8582 0.8588;ok;0.85639;False;9.899999999999354;10.100000000000664;0.5050000000000328;target;9.899999999999354;stop;-10.100000000000664;open
EURGBP;15338720;2026-09-30 08:35;EUR/GBP intraday : Watching for a Trigger Below Support;0.8574;0.8573 0.8554 0.8548;0.8573 0.8582 0.8588;price outside pivot..target;0.85542;;;;;;;;;
EURGBP;15339018;2026-09-30 11:00;EUR/GBP intraday : the RSI is oversold;0.8561;0.8532 0.8527;0.857 0.8576;ok;0.85459;False;13.900000000000023;15.100000000000113;0.5206896551724153;open;5.699999999999594;open;-5.699999999999594;open
EURGBP;15341497;2026-10-01 19:35;EUR/GBP intraday : The downside prevails as long as 0.8526 is resistance;0.8526;0.8506 0.8501;0.8535 0.8541;ok;0.85173;False;11.299999999999644;8.700000000000374;0.4350000000000183;open;-1.4999999999998348;open;1.4999999999998348;open
EURUSD;15270852;2026-08-16 21:34;EUR/USD intraday : 1.1589 expected;1.1539;1.1589 1.1602;1.1519 1.1506;ok;1.15655;True;23.500000000000743;26.500000000000412;0.529999999999996;open;20.100000000000673;open;-20.100000000000673;open
EURUSD;15271124;2026-08-17 04:34;EUR/USD intraday : The upside prevails as long as 1.1567 is support;1.1567;1.1613 1.1625;1.1547 1.1536;ok;1.15854;True;27.600000000000957;18.399999999998418;0.39999999999997105;target;27.600000000000957;stop;-18.399999999998418;open
EURUSD;15271734;2026-08-17 08:46;EUR/USD intraday : the RSI is overbought;1.1588;1.1638 1.1649;1.1569 1.1557;ok;1.16053;True;32.69999999999884;17.300000000000093;0.34600000000000924;stop;-17.300000000000093;open;16.899999999999693;stop
EURUSD;15272013;2026-08-17 11:46;EUR/USD intraday : As long as 1.1572 is support, look for 1.1631;1.1572;1.1631;1.1552 1.1541;ok;1.15883;True;42.69999999999996;16.300000000000203;0.27627118644068066;stop;-16.300000000000203;open;15.499999999999403;
EURUSD;15272260;2026-08-17 19:01;EUR/USD intraday : The downside prevails as long as 1.1590 is resistance;1.159;1.1548 1.1536;1.161 1.1622;ok;1.15726;False;24.599999999999067;17.400000000000748;0.4142857142857339;open;-6.200000000000649;open;6.200000000000649;open
EURUSD;15275199;2026-08-19 06:30;EUR/USD intraday : the RSI is overbought;1.1572;1.1622 1.1634;1.1553 1.1541;ok;1.15975;True;24.499999999998412;25.500000000000522;0.5100000000000213;target;24.499999999998412;stop;-25.500000000000522;target
EURUSD;15275859;2026-08-19 13:01;EUR/USD intraday : the RSI is overbought;1.159;1.1666 1.1678;1.157 1.1559;ok;1.16404;True;25.600000000001177;50.39999999999933;0.6631578947368288;target;25.600000000001177;open;-31.000000000001027;open
EURUSD;15275940;2026-08-19 14:31;EUR/USD intraday : the RSI is overbought;1.1638;1.1696 1.1708;1.1619 1.1607;ok;1.16714;True;24.599999999999067;33.40000000000121;0.5758620689655354;open;5.599999999998939;open;-5.599999999998939;open
EURUSD;15277574;2026-08-20 09:00;EUR/USD intraday : The upside prevails as long as 1.1674 is support;1.1674;1.1723 1.1734;1.1655 1.1643;ok;1.16986;True;24.399999999999977;24.599999999999067;0.5020408163265213;stop;-24.599999999999067;target;24.399999999999977;stop
EURUSD;15277903;2026-08-20 14:31;EUR/USD intraday : Target 1.1637;1.1696;1.1637;1.1715 1.1727;ok;1.16798;False;42.800000000000615;16.199999999999548;0.27457627118643224;open;1.80000000000069;open;-1.80000000000069;
EURUSD;15279240;2026-08-20 23:43;EUR/USD intraday : The upside prevails as long as 1.1668 is support;1.1668;1.1711 1.1723;1.1649 1.1638;ok;1.16859;True;25.100000000000122;17.899999999999583;0.416279069767435;target;25.100000000000122;stop;-17.899999999999583;open
EURUSD;15282582;2026-08-24 09:00;EUR/USD intraday : The downside prevails as long as 1.1685 is resistance;1.1685;1.1634 1.1621;1.1707 1.172;ok;1.16635;False;29.50000000000008;21.500000000000963;0.42156862745099066;open;0.10000000000065512;open;-0.10000000000065512;open
EURUSD;15289986;2026-08-27 23:45;EUR/USD intraday : The upside prevails as long as 1.1635 is support;1.1635;1.1682 1.1695;1.1613 1.1599;ok;1.16529;True;29.09999999999968;17.899999999999583;0.38085106382978434;stop;-17.899999999999583;target;29.09999999999968;stop
EURUSD;15291238;2026-08-28 15:45;EUR/USD intraday : below its lower Bollinger band;1.1638;1.1577 1.1564;1.166 1.1673;ok;1.15996;False;22.600000000001508;38.399999999998435;0.6295081967212864;open;17.900000000001803;open;-17.900000000001803;open
EURUSD;15294525;2026-08-31 23:39;EUR/USD intraday : As long as 1.1595 is support, look for 1.1657;1.1595;1.1657;1.1572 1.1559;ok;1.16148;True;42.1999999999989;19.800000000000928;0.3193548387096932;stop;-19.800000000000928;open;20.700000000000163;
EURUSD;15295151;2026-09-01 09:00;EUR/USD intraday : The downside prevails as long as 1.1614 is resistance;1.1614;1.1562 1.1548;1.1636 1.165;ok;1.15935;False;31.500000000002082;20.499999999998852;0.3942307692307401;open;1.40000000000029;open;-1.40000000000029;open
EURUSD;15299179;2026-09-03 07:40;EUR/USD intraday : The upside prevails as long as 1.1586 is support;1.1586;1.1641 1.1655;1.1563 1.155;ok;1.16032;True;37.799999999998946;17.199999999999438;0.3127272727272717;target;37.799999999998946;stop;-17.199999999999438;open
EURUSD;15307677;2026-09-09 07:40;EUR/USD intraday : The upside prevails as long as 1.1620 is support;1.162;1.1674 1.1687;1.1597 1.1584;ok;1.16421;True;31.90000000000026;22.100000000000453;0.4092592592592622;stop;-22.100000000000453;open;9.299999999998754;stop
EURUSD;15310301;2026-09-10 13:34;EUR/USD intraday : the RSI is oversold;1.1625;1.1571 1.1557;1.1648 1.1661;ok;1.16083;False;37.30000000000011;16.700000000000603;0.30925925925926634;stop;-16.700000000000603;open;19.499999999998963;stop
EURUSD;15310352;2026-09-10 15:45;EUR/USD intraday : The downside prevails as long as 1.1649 is resistance;1.1649;1.1597 1.1584;1.1672 1.1685;ok;1.16274;False;30.400000000001537;21.599999999999397;0.4153846153845963;open;17.20000000000166;stop;-21.599999999999397;open
EURUSD;15312446;2026-09-11 11:00;EUR/USD intraday : The downside prevails as long as 1.1611 is resistance;1.1611;1.1563 1.155;1.1634 1.1648;ok;1.15921;False;29.09999999999968;18.899999999999473;0.39374999999999594;stop;-18.899999999999473;stop;-18.899999999999473;stop
EURUSD;15312643;2026-09-11 14:20;EUR/USD intraday : Our next up target stands at 1.1654;1.1583;1.1654;1.156 1.1547;ok;1.16112;True;42.800000000000615;28.199999999998226;0.3971830985915308;open;-13.299999999998313;open;13.299999999998313;
EURUSD;15314199;2026-09-14 03:47;EUR/USD intraday : the RSI is oversold;1.1596;1.1554 1.1544;1.1612 1.1621;ok;1.15691;False;15.100000000001224;26.89999999999859;0.6404761904761598;target;15.100000000001224;open;-16.20000000000177;open
EURUSD;15314541;2026-09-14 07:40;EUR/USD intraday : the RSI is oversold;1.157;1.1533 1.1523;1.1586 1.1596;ok;1.15522;False;19.199999999999218;17.80000000000115;0.48108108108110736;target;19.199999999999218;stop;-17.80000000000115;target
EURUSD;15316349;2026-09-15 09:01;EUR/USD intraday : Rebound towards 1.1568;1.152;1.1568;1.1504 1.1495;ok;1.15341;True;33.90000000000004;14.100000000001334;0.2937500000000194;open;0.9999999999998899;open;-0.9999999999998899;
EURUSD;15316360;2026-09-15 09:31;EUR/USD intraday: the downside prevails.;1.1558;1.1522 1.15;1.1568 1.159;ok;1.15348;False;12.800000000001699;23.199999999998777;0.644444444444402;open;0.0;open;0.0;open
EURUSD;15316530;2026-09-15 11:00;EUR/USD intraday : 1.1558 expected;1.152;1.1568;1.1504 1.1495;ok;1.15346;True;33.40000000000121;14.600000000000168;0.3041666666666615;open;0.40000000000040004;open;-0.40000000000040004;
EURUSD;15316628;2026-09-15 11:04;EUR/USD intraday: key resistance at 1.1552.;1.1552;1.1522 1.15;1.1568 1.159;ok;1.15349;False;12.900000000000134;17.100000000001003;0.5700000000000118;open;-5.700000000001815;target;12.900000000000134;open
EURUSD;15316725;2026-09-15 15:45;EUR/USD intraday : Throwback or further upside?;1.152;1.1568;1.1504 1.1495;ok;1.15401;True;27.900000000000702;20.100000000000673;0.418750000000002;open;0.8999999999992347;open;-0.8999999999992347;
EURUSD;15319442;2026-09-16 19:21;EUR/USD intraday : the RSI is oversold;1.1512;1.1452 1.1442;1.1527 1.1537;ok;1.14658;False;13.799999999999368;46.200000000000685;0.7700000000000108;open;2.7999999999983594;open;-2.7999999999983594;open
EURUSD;15324111;2026-09-20 23:30;EUR/USD intraday : The upside prevails as long as 1.1467 is support;1.1467;1.1504 1.1514;1.1449 1.1438;ok;1.14797;True;24.300000000001543;12.699999999998823;0.34324324324320804;open;3.300000000001635;open;-3.300000000001635;open
EURUSD;15324139;2026-09-21 02:00;EUR/USD intraday : The upside prevails as long as 1.1466 is support;1.1466;1.1508 1.1518;1.1449 1.1438;ok;1.14828;True;25.200000000000777;16.799999999999038;0.3999999999999789;open;-6.899999999998574;open;6.899999999998574;open
EURUSD;15324182;2026-09-21 03:45;EUR/USD intraday : Under pressure below 1.1493, with 1.1453 and 1.1443 as targets;1.1493;1.1453 1.1443;1.1511 1.1522;ok;1.14765;False;23.500000000000743;16.499999999999293;0.41249999999998194;open;1.900000000001345;open;-1.900000000001345;open
EURUSD;15324276;2026-09-21 05:00;EUR/USD intraday : The downside prevails as long as 1.1492 is resistance;1.1492;1.1453 1.1443;1.151 1.1521;ok;1.14746;False;21.599999999999397;17.400000000000748;0.44615384615386366;open;-0.700000000000145;open;0.700000000000145;open
EURUSD;15324433;2026-09-21 07:40;EUR/USD intraday : The downside prevails as long as 1.1491 is resistance;1.1491;1.145 1.144;1.1508 1.1519;ok;1.1476;False;25.999999999999357;15.000000000000568;0.3658536585365999;open;-4.20000000000087;open;4.20000000000087;open
EURUSD;15324630;2026-09-21 09:00;EUR/USD intraday : Look for a drop towards 1.1461 before a bounce;1.1461;1.1501;1.1443 1.1433;ok;1.14799;True;21.099999999998342;18.900000000001693;0.4725000000000419;open;-16.40000000000086;open;16.40000000000086;
EURUSD;15326102;2026-09-22 07:40;EUR/USD intraday : The downside prevails as long as 1.1478 is resistance;1.1478;1.1439 1.1429;1.1496 1.1507;ok;1.14584;False;19.400000000000528;19.599999999999618;0.5025641025640909;target;19.400000000000528;stop;-19.599999999999618;open
EURUSD;15326241;2026-09-22 09:00;EUR/USD intraday : the RSI is oversold;1.1461;1.1414 1.1404;1.1479 1.149;ok;1.14561;False;42.10000000000047;4.899999999998794;0.10425531914891215;stop;-4.899999999998794;stop;-4.899999999998794;stop
EURUSD;15326476;2026-09-22 11:00;EUR/USD intraday : The downside prevails as long as 1.1485 is resistance;1.1485;1.1439 1.1429;1.1503 1.1513;ok;1.1466;False;27.000000000001467;19.000000000000128;0.413043478260858;target;27.000000000001467;stop;-19.000000000000128;open
EURUSD;15326619;2026-09-22 15:45;EUR/USD intraday : The downside prevails as long as 1.1458 is resistance;1.1458;1.1416 1.1405;1.1475 1.1486;ok;1.14328;False;16.80000000000126;25.199999999998557;0.5999999999999682;open;-14.899999999999913;target;16.80000000000126;open
EURUSD;15328556;2026-09-23 11:00;EUR/USD intraday : the RSI is oversold;1.1427;1.1386 1.1376;1.1445 1.1455;ok;1.14172;False;31.200000000000117;9.799999999999809;0.2390243902438982;target;31.200000000000117;stop;-9.799999999999809;target
EURUSD;15329083;2026-09-23 19:20;EUR/USD intraday : The downside prevails as long as 1.1402 is resistance;1.1402;1.136 1.135;1.142 1.143;ok;1.13831;False;23.100000000000342;18.900000000001693;0.4500000000000185;open;-0.20000000000131024;open;0.20000000000131024;open
EURUSD;15333043;2026-09-25 11:29;EUR/USD intraday : The upside prevails as long as 1.1381 is support;1.1381;1.142 1.1431;1.1363 1.1353;ok;1.14059;True;14.099999999999113;24.900000000001032;0.6384615384615625;open;-15.199999999999658;target;14.099999999999113;open
EURUSD;15334360;2026-09-27 23:30;EUR/USD intraday : The downside prevails as long as 1.1396 is resistance;1.1396;1.1354 1.1343;1.1414 1.1426;ok;1.13782;False;24.200000000000887;17.799999999998928;0.42380952380950015;target;24.200000000000887;stop;-17.799999999998928;open
EURUSD;15336808;2026-09-29 09:00;EUR/USD intraday : below its lower Bollinger band;1.1363;1.1321 1.131;1.1381 1.1392;ok;1.13473;False;26.299999999999102;15.700000000000713;0.37380952380954247;target;26.299999999999102;stop;-15.700000000000713;open
EURUSD;15338997;2026-09-30 11:00;EUR/USD intraday : The upside prevails as long as 1.1343 is support;1.1343;1.1386 1.1397;1.1325 1.1314;ok;1.13591;True;26.900000000000812;16.099999999998893;0.37441860465113963;stop;-16.099999999998893;stop;-16.099999999998893;stop
EURUSD;15339514;2026-09-30 19:20;EUR/USD intraday : The downside prevails as long as 1.1349 is resistance;1.1349;1.1309 1.1298;1.1368 1.1379;ok;1.13293;False;20.299999999999763;19.700000000000273;0.4925000000000064;open;0.1999999999990898;open;-0.1999999999990898;open
EURUSD;15340889;2026-10-01 07:40;EUR/USD intraday : the RSI is oversold;1.1333;1.1283 1.1272;1.1352 1.1363;ok;1.13041;False;21.099999999998342;28.900000000000592;0.5780000000000242;target;21.099999999998342;stop;-28.900000000000592;target
EURUSD;15341162;2026-10-01 11:00;EUR/USD intraday : The downside prevails as long as 1.1304 is resistance;1.1304;1.1244 1.1233;1.1322 1.1333;ok;1.1293;False;48.99999999999904;11.000000000001009;0.18333333333334997;stop;-11.000000000001009;stop;-11.000000000001009;stop
EURUSD;15341490;2026-10-01 19:20;EUR/USD intraday : The downside prevails as long as 1.1254 is resistance;1.1254;1.1207 1.1196;1.1272 1.1283;ok;1.1238;False;30.999999999998806;16.00000000000046;0.3404255319149087;open;-4.500000000000615;open;4.500000000000615;open
GBPUSD;15270855;2026-08-16 21:34;GBP/USD intraday : 1.3569 expected;1.35;1.3569 1.3589;1.3467 1.3448;ok;1.35333;True;35.70000000000073;33.29999999999833;0.4826086956521563;target;35.70000000000073;stop;-33.29999999999833;open
GBPUSD;15271613;2026-08-17 08:16;GBP/USD intraday : The upside prevails as long as 1.3536 is support;1.3536;1.3609 1.3628;1.3504 1.3485;ok;1.35657;True;43.29999999999945;29.700000000001392;0.4068493150685075;stop;-29.700000000001392;open;27.800000000000047;stop
GBPUSD;15272259;2026-08-17 19:01;GBP/USD intraday : The downside prevails as long as 1.3565 is resistance;1.3565;1.3497 1.3478;1.3597 1.3617;ok;1.35375;False;40.50000000000109;27.500000000000302;0.40441176470587853;open;-3.6999999999998145;open;3.6999999999998145;open
GBPUSD;15275424;2026-08-19 08:31;GBP/USD intraday : The upside prevails as long as 1.3529 is support;1.3529;1.3604 1.3623;1.3497 1.3478;ok;1.35549;True;49.099999999999696;25.900000000000922;0.34533333333334276;target;49.099999999999696;stop;-25.900000000000922;target
GBPUSD;15275874;2026-08-19 13:31;GBP/USD intraday : the RSI is overbought;1.3572;1.366 1.3679;1.354 1.3521;ok;1.36211;True;38.90000000000171;49.099999999999696;0.557954545454533;open;-15.899999999999803;open;15.899999999999803;open
GBPUSD;15280104;2026-08-21 09:00;GBP/USD intraday : The upside prevails as long as 1.3621 is support;1.3621;1.3703 1.3723;1.3589 1.357;ok;1.36643;True;38.7000000000004;43.29999999999945;0.5280487804877991;stop;-43.29999999999945;target;38.7000000000004;stop
GBPUSD;15280550;2026-08-21 15:00;GBP/USD intraday : The downside prevails as long as 1.3657 is resistance;1.3657;1.358 1.3561;1.369 1.3709;ok;1.36238;False;43.799999999998285;33.199999999999896;0.43116883116884;open;-16.500000000001513;open;16.500000000001513;open
GBPUSD;15288399;2026-08-27 09:00;GBP/USD intraday : The downside prevails as long as 1.3612 is resistance;1.3612;1.3542 1.3523;1.3644 1.3663;ok;1.35796;False;37.59999999999985;32.399999999999096;0.46285714285713686;open;-12.499999999999734;open;12.499999999999734;open
GBPUSD;15289985;2026-08-27 23:45;GBP/USD intraday : The upside prevails as long as 1.3570 is support;1.357;1.3637 1.3656;1.3538 1.3519;ok;1.35965;True;40.49999999999887;26.500000000000412;0.3955223880597119;stop;-26.500000000000412;target;40.49999999999887;stop
GBPUSD;15291242;2026-08-28 15:45;GBP/USD intraday : The downside prevails as long as 1.3601 is resistance;1.3601;1.3518 1.3499;1.3633 1.3652;ok;1.35575;False;39.5000000000012;43.50000000000076;0.5240963855421654;open;24.900000000001032;open;-24.900000000001032;open
GBPUSD;15294523;2026-08-31 23:39;GBP/USD intraday : Target 1.3497;1.3567;1.3497;1.3593 1.3609;ok;1.35447;False;47.70000000000163;22.299999999999542;0.3185714285714167;open;30.49999999999997;stop;-22.299999999999542;
GBPUSD;15295777;2026-09-01 19:20;GBP/USD intraday : The downside prevails as long as 1.3535 is resistance;1.3535;1.3475 1.346;1.3561 1.3577;ok;1.35135;False;38.50000000000131;21.499999999998742;0.3583333333333121;open;-1.4999999999987246;open;1.4999999999987246;open
GBPUSD;15299704;2026-09-03 15:45;GBP/USD intraday : The upside prevails as long as 1.3498 is support;1.3498;1.3572 1.3587;1.3472 1.3457;ok;1.35316;True;40.40000000000043;33.599999999998076;0.4540540540540372;open;-7.899999999998464;open;7.899999999998464;open
GBPUSD;15310299;2026-09-10 13:34;GBP/USD intraday : the RSI is oversold;1.3531;1.3468 1.3453;1.3556 1.3571;ok;1.35071;False;39.1000000000008;23.899999999998922;0.3793650793650639;stop;-23.899999999998922;open;24.100000000000232;stop
GBPUSD;15310354;2026-09-10 15:45;GBP/USD intraday : The downside prevails as long as 1.3553 is resistance;1.3553;1.3496 1.3481;1.3578 1.3593;ok;1.35309;False;34.89999999999993;22.100000000000453;0.38771929824561935;open;21.999999999999797;stop;-22.100000000000453;open
GBPUSD;15310647;2026-09-10 19:20;GBP/USD intraday : Critical support closing in;1.3554;1.3496 1.3481;1.3578 1.3593;ok;1.351;False;14.000000000000679;43.999999999999595;0.7586206896551618;open;-0.5999999999994898;open;0.5999999999994898;open
GBPUSD;15312644;2026-09-11 14:20;GBP/USD intraday : The upside prevails as long as 1.3498 is support;1.3498;1.3564 1.3579;1.3473 1.3458;ok;1.35292;True;34.800000000001496;31.199999999997896;0.4727272727272452;open;-3.8999999999989043;open;3.8999999999989043;open
GBPUSD;15314535;2026-09-14 07:40;GBP/USD intraday : The downside prevails as long as 1.3515 is resistance;1.3515;1.3463 1.3451;1.3535 1.3548;ok;1.34931;False;30.09999999999957;21.899999999999142;0.42115384615384005;open;-5.999999999999339;stop;-21.899999999999142;open
GBPUSD;15319201;2026-09-16 15:47;GBP/USD intraday : The downside prevails as long as 1.3474 is resistance;1.3474;1.3424 1.3412;1.3495 1.3507;ok;1.34486;False;24.599999999999067;25.399999999999867;0.5080000000000082;target;24.599999999999067;stop;-25.399999999999867;target
GBPUSD;15319433;2026-09-16 19:21;GBP/USD intraday : the RSI is oversold;1.3427;1.3357 1.3345;1.3448 1.346;ok;1.3376;False;18.999999999997907;51.000000000001044;0.7285714285714544;open;-3.300000000001635;open;3.300000000001635;open
GBPUSD;15321202;2026-09-17 15:45;GBP/USD intraday : The downside prevails as long as 1.3376 is resistance;1.3376;1.3326 1.3314;1.3396 1.3408;ok;1.33397;False;13.700000000000934;36.299999999998;0.7259999999999754;open;-17.099999999998783;target;13.700000000000934;open
GBPUSD;15323248;2026-09-18 19:21;GBP/USD intraday : The upside prevails as long as 1.3371 is support;1.3371;1.3417 1.3429;1.3351 1.3338;ok;1.33961;True;20.899999999999253;25.100000000000122;0.5456521739130535;open;-1.5999999999993797;open;1.5999999999993797;open
GBPUSD;15324108;2026-09-20 23:30;GBP/USD intraday : The upside prevails as long as 1.3371 is support;1.3371;1.3419 1.3432;1.3349 1.3335;ok;1.339;True;29.000000000001247;19.000000000000128;0.39583333333332466;open;-1.1999999999989797;open;1.1999999999989797;open
GBPUSD;15324146;2026-09-21 02:00;GBP/USD intraday : As long as 1.3370 is support, look for 1.3433;1.337;1.3433;1.3348 1.3334;ok;1.33888;True;44.19999999999868;18.800000000001038;0.2984126984127162;open;-6.500000000000394;open;6.500000000000394;
GBPUSD;15324179;2026-09-21 03:45;GBP/USD intraday : Target 1.3340;1.3405;1.334;1.3427 1.3441;ok;1.3383;False;42.9999999999997;21.999999999999797;0.3384615384615379;open;5.300000000001415;open;-5.300000000001415;
GBPUSD;15324314;2026-09-21 05:00;GBP/USD intraday : Target 1.3337;1.3402;1.3337;1.3424 1.3438;ok;1.33777;False;40.69999999999796;24.300000000001543;0.3738461538461804;open;1.0999999999983245;open;-1.0999999999983245;
GBPUSD;15324439;2026-09-21 07:40;GBP/USD intraday : Eye 1.3328;1.3397;1.3342;1.342 1.3433;ok;1.33775;False;35.49999999999942;19.499999999998963;0.3545454545454461;open;-5.1000000000001044;open;5.1000000000001044;
GBPUSD;15324634;2026-09-21 09:00;GBP/USD intraday : Look for a drop towards 1.3362 before a bounce;1.3362;1.3414;1.334 1.3326;ok;1.33832;True;30.799999999999716;21.199999999998997;0.4076923076922985;open;-16.499999999999293;open;16.499999999999293;
GBPUSD;15326237;2026-09-22 09:00;GBP/USD intraday : the RSI is oversold;1.3375;1.331 1.3297;1.3397 1.3411;ok;1.33559;False;45.90000000000094;19.099999999998563;0.293846153846134;open;13.700000000000934;stop;-19.099999999998563;open
GBPUSD;15328196;2026-09-23 07:40;GBP/USD intraday : The downside prevails as long as 1.3336 is resistance;1.3336;1.3283 1.3269;1.3358 1.3372;ok;1.33099;False;26.89999999999859;26.100000000000012;0.49245283018869246;target;26.89999999999859;stop;-26.100000000000012;open
GBPUSD;15328613;2026-09-23 11:00;GBP/USD intraday : The downside prevails as long as 1.3310 is resistance;1.331;1.3251 1.3238;1.3332 1.3345;ok;1.32929;False;41.90000000000138;17.099999999998783;0.2898305084745548;target;41.90000000000138;stop;-17.099999999998783;target
GBPUSD;15329094;2026-09-23 19:20;GBP/USD intraday : The downside prevails as long as 1.3261 is resistance;1.3261;1.3213 1.3199;1.3284 1.3297;ok;1.3239;False;26.000000000001577;21.999999999999797;0.458333333333316;open;-0.09999999999843467;open;0.09999999999843467;open
GBPUSD;15331017;2026-09-24 15:45;GBP/USD intraday : The downside prevails as long as 1.3237 is resistance;1.3237;1.3182 1.3169;1.3259 1.3273;ok;1.32131;False;31.09999999999946;23.900000000001143;0.43454545454547056;stop;-23.900000000001143;open;5.1000000000001044;stop
GBPUSD;15332849;2026-09-25 09:00;GBP/USD intraday : The upside prevails as long as 1.3214 is support;1.3214;1.3265 1.3278;1.3192 1.3178;ok;1.32333;True;31.70000000000117;19.299999999999873;0.3784313725490094;open;12.100000000001554;stop;-19.299999999999873;open
GBPUSD;15334950;2026-09-28 09:00;GBP/USD intraday : The upside prevails as long as 1.3241 is support;1.3241;1.3305 1.332;1.3215 1.32;ok;1.32672;True;37.80000000000116;26.199999999998447;0.40937499999997823;stop;-26.199999999998447;open;13.499999999999623;stop
GBPUSD;15336351;2026-09-29 05:00;GBP/USD intraday : The downside prevails as long as 1.3263 is resistance;1.3263;1.3208 1.3193;1.3288 1.3303;ok;1.32357;False;27.69999999999939;27.300000000001212;0.49636363636365294;target;27.69999999999939;stop;-27.300000000001212;open
GBPUSD;15337141;2026-09-29 15:45;GBP/USD intraday : The downside prevails as long as 1.3237 is resistance;1.3237;1.3172 1.3156;1.3263 1.3278;ok;1.32049;False;32.90000000000015;32.10000000000157;0.4938461538461649;open;-25.300000000001432;open;25.300000000001432;open
GBPUSD;15338519;2026-09-30 06:13;GBP/USD intraday : The upside prevails as long as 1.3213 is support;1.3213;1.3278 1.3293;1.3188 1.3173;ok;1.32525;True;25.500000000000522;39.5000000000012;0.6076923076923101;target;25.500000000000522;open;-14.799999999999258;open
GBPUSD;15338650;2026-09-30 07:40;GBP/USD intraday : the RSI is overbought;1.3233;1.3309 1.3324;1.3208 1.3192;ok;1.3267;True;41.999999999999815;34.000000000000696;0.44736842105263774;target;41.999999999999815;stop;-34.000000000000696;open
GBPUSD;15341047;2026-10-01 09:00;GBP/USD intraday : The downside prevails as long as 1.3260 is resistance;1.326;1.3193 1.3177;1.3286 1.3301;ok;1.32103;False;17.300000000000093;49.70000000000141;0.7417910447761238;target;17.300000000000093;target;17.300000000000093;open
GBPUSD;15341482;2026-10-01 19:20;GBP/USD intraday : The downside prevails as long as 1.3215 is resistance;1.3215;1.3154 1.3139;1.324 1.3256;ok;1.3193;False;39.00000000000014;21.999999999999797;0.36065573770491505;open;-1.7000000000000348;open;1.7000000000000348;open
NZDUSD;15270939;2026-08-16 23:30;NZD/USD intraday : Watch 0.5909;0.5872;0.5919;0.5855 0.5846;ok;0.58895;True;29.50000000000008;17.499999999999183;0.37234042553190333;open;19.200000000000326;stop;-17.499999999999183;
NZDUSD;15271162;2026-08-17 05:00;NZD/USD intraday : The upside prevails as long as 0.5895 is support;0.5895;0.5932 0.5942;0.5878 0.5868;ok;0.59092;True;22.799999999999486;14.199999999999768;0.38378378378378525;open;-10.299999999999754;stop;-14.199999999999768;open
NZDUSD;15273005;2026-08-18 03:45;NZD/USD intraday : the RSI is oversold;0.591;0.5868 0.5858;0.5927 0.5938;ok;0.58846;False;16.599999999999948;25.399999999999867;0.6047619047619043;open;11.900000000000244;open;-11.900000000000244;open
NZDUSD;15274912;2026-08-19 02:02;NZD/USD intraday : The downside prevails as long as 0.5886 is resistance;0.5886;0.5845 0.5835;0.5903 0.5913;ok;0.58701;False;25.100000000000122;15.899999999999803;0.3878048780487764;stop;-15.899999999999803;target;25.100000000000122;stop
NZDUSD;15276209;2026-08-19 19:20;NZD/USD intraday : the RSI is overbought;0.5914;0.5959 0.5969;0.5897 0.5886;ok;0.59357;True;23.299999999999432;21.700000000000053;0.48222222222222894;open;-2.6999999999999247;open;2.6999999999999247;open
NZDUSD;15277744;2026-08-20 11:20;NZD/USD intraday : As long as 0.5940 is support, look for 0.5995;0.594;0.5995;0.5923 0.5912;ok;0.59511;True;43.90000000000005;11.100000000000554;0.20181818181818967;stop;-11.100000000000554;open;9.799999999999809;
NZDUSD;15278256;2026-08-20 19:20;NZD/USD intraday : The downside prevails as long as 0.5955 is resistance;0.5955;0.5917 0.5907;0.5972 0.5983;ok;0.59409;False;23.90000000000003;14.100000000000223;0.37105263157895074;open;-0.40000000000040004;open;0.40000000000040004;open
NZDUSD;15279469;2026-08-21 02:01;NZD/USD intraday : the RSI is overbought;0.5948;0.5989 0.5999;0.5931 0.592;ok;0.59679;True;21.09999999999945;19.90000000000047;0.485365853658549;open;8.299999999999974;open;-8.299999999999974;open
NZDUSD;15284213;2026-08-25 08:35;NZD/USD intraday : The downside prevails as long as 0.5973 is resistance;0.5973;0.5925 0.5914;0.5991 0.6002;ok;0.59531;False;28.099999999999792;19.90000000000047;0.4145833333333409;stop;-19.90000000000047;open;22.90000000000014;stop
NZDUSD;15284870;2026-08-25 19:20;NZD/USD intraday : The upside prevails as long as 0.5957 is support;0.5957;0.5995 0.6006;0.5939 0.5928;ok;0.59761;True;18.90000000000058;19.09999999999967;0.5026315789473564;open;-1.7000000000000348;open;1.7000000000000348;open
NZDUSD;15285655;2026-08-26 03:45;NZD/USD intraday : The downside prevails as long as 0.5976 is resistance;0.5976;0.5935 0.5924;0.5994 0.6005;ok;0.59581;False;23.09999999999923;17.90000000000069;0.43658536585367624;target;23.09999999999923;stop;-17.90000000000069;open
NZDUSD;15291540;2026-08-28 19:20;NZD/USD intraday : the RSI is oversold;0.5923;0.5885 0.5874;0.5941 0.5952;ok;0.59108;False;25.800000000000267;12.199999999999989;0.3210526315789449;open;1.7000000000000348;open;-1.7000000000000348;open
NZDUSD;15296712;2026-09-02 03:45;NZD/USD intraday : the RSI is oversold;0.5873;0.5824 0.5813;0.5891 0.5902;ok;0.58407;False;16.69999999999949;32.30000000000066;0.6591836734693992;target;16.69999999999949;open;-21.09999999999945;open
NZDUSD;15297155;2026-09-02 08:35;NZD/USD intraday : the RSI is oversold;0.5847;0.5802 0.5791;0.5865 0.5876;ok;0.58189;False;16.899999999999693;28.099999999999792;0.6244444444444469;target;16.899999999999693;target;16.899999999999693;stop
NZDUSD;15298645;2026-09-03 02:02;NZD/USD intraday : The upside prevails as long as 0.5841 is support;0.5841;0.5887 0.5897;0.5823 0.5812;ok;0.58559;True;31.09999999999946;14.900000000001024;0.3239130434782797;target;31.09999999999946;stop;-14.900000000001024;open
NZDUSD;15299983;2026-09-03 19:20;NZD/USD intraday : The upside prevails as long as 0.5869 is support;0.5869;0.5909 0.5919;0.5851 0.5841;ok;0.58802;True;28.799999999999937;11.200000000000099;0.28000000000000225;open;-1.0999999999994348;open;1.0999999999994348;open
NZDUSD;15303355;2026-09-07 02:02;NZD/USD intraday : The downside prevails as long as 0.5890 is resistance;0.589;0.5846 0.5835;0.5908 0.5919;ok;0.58677;False;21.700000000000053;22.299999999999542;0.5068181818181761;open;-8.500000000000174;open;8.500000000000174;open
NZDUSD;15305313;2026-09-08 08:35;NZD/USD intraday : the RSI is oversold;0.586;0.5819 0.5808;0.5878 0.5889;ok;0.58413;False;22.30000000000065;18.69999999999927;0.45609756097559284;stop;-18.69999999999927;open;9.799999999999809;stop
NZDUSD;15307968;2026-09-09 11:00;NZD/USD intraday : the RSI is oversold;0.5853;0.5809 0.5798;0.5871 0.5882;ok;0.58373;False;28.29999999999999;15.700000000000713;0.3568181818181923;stop;-15.700000000000713;open;-1.0999999999994348;stop
NZDUSD;15309307;2026-09-10 02:01;NZD/USD intraday : The upside prevails as long as 0.5829 is support;0.5829;0.5876 0.5887;0.581 0.58;ok;0.58525;True;23.49999999999963;23.500000000000743;0.5000000000000118;stop;-23.500000000000743;target;23.49999999999963;stop
NZDUSD;15310636;2026-09-10 19:20;NZD/USD intraday : the RSI is oversold;0.5813;0.5773 0.5762;0.5831 0.5842;ok;0.57946;False;21.599999999999397;18.400000000000638;0.46000000000001556;open;-1.300000000000745;open;1.300000000000745;open
NZDUSD;15310664;2026-09-10 19:35;NZD/USD intraday : Look for 0.5773;0.5813;0.5773 0.5763;0.5831 0.5842;ok;0.57965;False;23.49999999999963;16.5000000000004;0.4125000000000097;open;1.7000000000000348;open;-1.7000000000000348;open
NZDUSD;15314107;2026-09-14 02:02;NZD/USD intraday : The downside prevails as long as 0.5811 is resistance;0.5811;0.5772 0.5763;0.5827 0.5837;ok;0.57955;False;23.49999999999963;15.499999999999403;0.39743589743589197;target;23.49999999999963;stop;-15.499999999999403;open
NZDUSD;15314574;2026-09-14 08:35;NZD/USD intraday : the RSI is oversold;0.5791;0.5749 0.5739;0.5807 0.5817;ok;0.57708;False;21.800000000000708;20.199999999999108;0.4809523809523618;open;-5.899999999999794;open;5.899999999999794;open
NZDUSD;15317982;2026-09-16 02:02;NZD/USD intraday : the RSI is oversold;0.5756;0.5719 0.5709;0.5772 0.5782;ok;0.57386;False;19.600000000000726;17.399999999999636;0.4702702702702558;stop;-17.399999999999636;target;19.600000000000726;stop
NZDUSD;15319004;2026-09-16 11:00;NZD/USD intraday : The upside prevails as long as 0.5743 is support;0.5743;0.5781 0.5791;0.5726 0.5717;ok;0.57601;True;20.899999999999253;17.09999999999989;0.4500000000000073;stop;-17.09999999999989;target;20.899999999999253;stop
NZDUSD;15319435;2026-09-16 19:21;NZD/USD intraday : the RSI is oversold;0.5748;0.5693 0.5683;0.5764 0.5774;ok;0.57049;False;11.900000000000244;43.09999999999925;0.7836363636363572;open;-5.499999999999394;open;5.499999999999394;open
NZDUSD;15324109;2026-09-20 23:30;NZD/USD intraday : The upside prevails as long as 0.5709 is support;0.5709;0.5745 0.5755;0.5692 0.5683;ok;0.57187;True;26.30000000000021;9.700000000000264;0.2694444444444482;open;0.0;open;0.0;open
NZDUSD;15324144;2026-09-21 02:00;NZD/USD intraday : Under pressure below 0.5734, with 0.5696 and 0.5686 as targets;0.5734;0.5696 0.5686;0.5751 0.5761;ok;0.57188;False;22.800000000000598;15.199999999999658;0.3999999999999883;open;-5.499999999999394;open;5.499999999999394;open
NZDUSD;15324176;2026-09-21 03:45;NZD/USD intraday : The upside prevails as long as 0.5702 is support;0.5702;0.5748 0.5758;0.5685 0.5676;ok;0.57247;True;23.299999999999432;22.699999999999942;0.4934782608695707;open;-1.60000000000049;open;1.60000000000049;open
NZDUSD;15324258;2026-09-21 05:00;NZD/USD intraday : The upside prevails as long as 0.5711 is support;0.5711;0.5748 0.5758;0.5694 0.5684;ok;0.57228;True;25.199999999999665;11.799999999999589;0.3189189189189142;open;7.199999999999429;open;-7.199999999999429;open
NZDUSD;15324548;2026-09-21 08:35;NZD/USD intraday : The upside prevails as long as 0.5709 is support;0.5709;0.5749 0.5759;0.5693 0.5683;ok;0.57299;True;19.09999999999967;20.90000000000036;0.5225000000000086;open;-16.899999999999693;open;16.899999999999693;open
NZDUSD;15325753;2026-09-22 02:00;NZD/USD intraday : The downside prevails as long as 0.5722 is resistance;0.5722;0.5675 0.5665;0.5739 0.5748;ok;0.56982;False;23.199999999999886;23.800000000000487;0.5063829787234105;stop;-23.800000000000487;target;23.199999999999886;stop
NZDUSD;15325780;2026-09-22 03:45;NZD/USD intraday : Our next up target stands at 0.5766;0.5713;0.5756 0.5766;0.5697 0.5687;ok;0.57334;True;22.600000000000396;20.399999999999306;0.47441860465114993;stop;-20.399999999999306;open;7.499999999999174;stop
NZDUSD;15327818;2026-09-23 02:00;NZD/USD intraday : The downside prevails as long as 0.5731 is resistance;0.5731;0.5686 0.5676;0.5748 0.5757;ok;0.57105;False;24.49999999999952;20.500000000001073;0.45555555555557337;target;24.49999999999952;stop;-20.500000000001073;target
NZDUSD;15329079;2026-09-23 19:20;NZD/USD intraday : Rebound towards 0.5704;0.5656;0.5704;0.564 0.563;ok;0.56727;True;31.29999999999966;16.700000000000603;0.3479166666666773;open;-1.300000000000745;open;1.300000000000745;
NZDUSD;15331036;2026-09-24 15:52;NZD/USD intraday : below its lower Bollinger band;0.5673;0.5631 0.5621;0.5689 0.5699;ok;0.56549;False;23.90000000000003;18.09999999999978;0.4309523809523777;stop;-18.09999999999978;open;16.199999999999548;stop
NZDUSD;15331271;2026-09-24 16:32;NZD/USD intraday : Look for a drop towards 0.5643 before a bounce;0.5643;0.5695;0.5627 0.5617;ok;0.56701;True;24.89999999999992;27.099999999999902;0.5211538461538461;open;-9.799999999999809;open;9.799999999999809;
NZDUSD;15336943;2026-09-29 11:00;NZD/USD intraday : The downside prevails as long as 0.5662 is resistance;0.5662;0.5622 0.5612;0.5679 0.5689;ok;0.56561;False;34.09999999999913;5.9000000000009045;0.14750000000002247;open;16.399999999999746;stop;-5.9000000000009045;open
NZDUSD;15340401;2026-10-01 03:45;NZD/USD intraday : below its lower Bollinger band;0.5639;0.5602 0.5592;0.5655 0.5665;ok;0.56237;False;21.700000000000053;15.299999999999203;0.4135135135135003;target;21.700000000000053;stop;-15.299999999999203;open
NZDUSD;15341199;2026-10-01 11:00;NZD/USD intraday : The downside prevails as long as 0.5626 is resistance;0.5626;0.558 0.557;0.5643 0.5653;ok;0.56122;False;32.2;13.799999999999368;0.29999999999999033;open;9.300000000000974;stop;-13.799999999999368;open
USDCAD;15270857;2026-08-16 21:34;USD/CAD intraday : Target 1.3843;1.3899;1.3843 1.383;1.392 1.3932;ok;1.38739;False;30.89999999999815;25.100000000000122;0.4482142857143017;open;0.3999999999981796;stop;-25.100000000000122;open
USDCAD;15272881;2026-08-17 23:37;USD/CAD intraday : The upside prevails as long as 1.3854 is support;1.3854;1.39 1.3913;1.3832 1.382;ok;1.38698;True;30.199999999998006;15.800000000001369;0.34347826086959965;target;30.199999999998006;stop;-15.800000000001369;open
USDCAD;15274023;2026-08-18 17:32;USD/CAD intraday : the RSI is overbought;1.3879;1.3928 1.3941;1.3858 1.3845;ok;1.39028;True;25.200000000000777;23.800000000000487;0.4857142857142831;open;-8.399999999999519;open;8.399999999999519;open
USDCAD;15274947;2026-08-19 02:31;USD/CAD intraday : Under pressure below 1.3917, with 1.3848 and 1.3835 as targets;1.3917;1.3848 1.3835;1.3939 1.3951;ok;1.38816;False;33.60000000000029;35.39999999999876;0.5130434782608586;target;33.60000000000029;stop;-35.39999999999876;target
USDCAD;15275891;2026-08-19 13:31;USD/CAD intraday : the RSI is oversold;1.3876;1.381 1.3797;1.3898 1.391;ok;1.38349;False;24.900000000001032;41.09999999999836;0.6227272727272536;target;24.900000000001032;open;-27.000000000001467;open
USDCAD;15275941;2026-08-19 14:31;USD/CAD intraday : the RSI is oversold;1.3842;1.3782 1.3769;1.3864 1.3876;ok;1.38083;False;26.299999999999102;33.70000000000095;0.5616666666666821;open;1.80000000000069;open;-1.80000000000069;open
USDCAD;15277424;2026-08-20 08:01;USD/CAD intraday : the RSI is oversold;1.3806;1.3753 1.374;1.3827 1.3839;ok;1.37801;False;27.099999999999902;25.900000000000922;0.4886792452830287;open;-8.300000000001084;open;8.300000000001084;open
USDCAD;15279950;2026-08-21 08:31;USD/CAD intraday : The downside prevails as long as 1.3776 is resistance;1.3776;1.3727 1.3714;1.3798 1.381;ok;1.37545;False;27.500000000000302;21.499999999998742;0.4387755102040645;stop;-21.499999999998742;stop;-21.499999999998742;stop
USDCAD;15280551;2026-08-21 15:01;USD/CAD intraday : Our next up target stands at 1.3815;1.3745;1.3815;1.3724 1.3711;ok;1.37728;True;42.1999999999989;27.800000000000047;0.39714285714286374;open;-9.099999999999664;open;9.099999999999664;
USDCAD;15281853;2026-08-23 23:48;USD/CAD intraday : The upside prevails as long as 1.3774 is support;1.3774;1.3822 1.3836;1.3751 1.3737;ok;1.37954;True;26.600000000001067;21.400000000000308;0.445833333333327;target;26.600000000001067;stop;-21.400000000000308;open
USDCAD;15282409;2026-08-24 07:40;USD/CAD intraday : the RSI is overbought;1.3799;1.386 1.3874;1.3775 1.3761;ok;1.3826;True;33.99999999999847;27.000000000001467;0.4426229508196966;open;17.399999999998528;stop;-27.000000000001467;open
USDCAD;15283964;2026-08-25 05:01;USD/CAD intraday : The upside prevails as long as 1.3840 is support;1.384;1.3889 1.3903;1.3817 1.3803;ok;1.38595;True;29.50000000000008;19.500000000001183;0.39795918367348326;stop;-19.500000000001183;target;29.50000000000008;stop
USDCAD;15284684;2026-08-25 15:45;USD/CAD intraday : The downside prevails as long as 1.3863 is resistance;1.3863;1.3807 1.3793;1.3886 1.39;ok;1.38378;False;30.799999999999716;25.200000000000777;0.4500000000000099;open;-1.9999999999997797;open;1.9999999999997797;open
USDCAD;15285801;2026-08-26 05:00;USD/CAD intraday : The upside prevails as long as 1.3842 is support;1.3842;1.3895 1.3909;1.3819 1.3805;ok;1.3864;True;30.999999999998806;21.999999999999797;0.41509433962264863;open;11.099999999999444;stop;-21.999999999999797;open
USDCAD;15291235;2026-08-28 15:45;USD/CAD intraday : the RSI is overbought;1.3863;1.3925 1.3939;1.384 1.3826;ok;1.38947;True;30.300000000000882;31.69999999999895;0.5112903225806297;open;7.800000000000029;open;-7.800000000000029;open
USDCAD;15293690;2026-08-31 15:45;USD/CAD intraday : the RSI is oversold;1.3888;1.3832 1.3817;1.3913 1.3928;ok;1.38628;False;30.799999999999716;25.200000000000777;0.4500000000000099;open;9.200000000000319;open;-9.200000000000319;open
USDCAD;15295545;2026-09-01 15:45;USD/CAD intraday : the RSI is overbought;1.3879;1.3938 1.3953;1.3854 1.3839;ok;1.38988;True;39.199999999999235;19.800000000000928;0.33559322033899786;open;-4.699999999999704;open;4.699999999999704;open
USDCAD;15297448;2026-09-02 11:20;USD/CAD intraday : The upside prevails as long as 1.3911 is support;1.3911;1.397 1.3985;1.3886 1.3871;ok;1.39286;True;41.400000000000325;17.599999999999838;0.2983050847457591;stop;-17.599999999999838;target;41.400000000000325;stop
USDCAD;15297646;2026-09-02 15:45;USD/CAD intraday : the RSI is oversold;1.3871;1.3811 1.3796;1.3896 1.3911;ok;1.3848;False;37.00000000000036;22.999999999999687;0.3833333333333278;open;5.20000000000076;open;-5.20000000000076;open
USDCAD;15299352;2026-09-03 09:00;USD/CAD intraday : the RSI is oversold;1.3833;1.3774 1.3759;1.3858 1.3873;ok;1.38058;False;31.799999999999606;27.200000000000557;0.46101694915255054;target;31.799999999999606;stop;-27.200000000000557;open
USDCAD;15301896;2026-09-04 15:45;USD/CAD intraday : The upside prevails as long as 1.3815 is support;1.3815;1.3877 1.3892;1.379 1.3775;ok;1.38349;True;42.099999999998246;19.900000000001583;0.32096774193551025;open;2.1999999999988695;open;-2.1999999999988695;open
USDCAD;15304235;2026-09-07 15:45;USD/CAD intraday : The downside prevails as long as 1.3834 is resistance;1.3834;1.3774 1.3758;1.3861 1.3877;ok;1.38103;False;36.30000000000022;23.699999999999832;0.39499999999999685;open;-2.80000000000058;open;2.80000000000058;open
USDCAD;15305801;2026-09-08 15:45;USD/CAD intraday : The downside prevails as long as 1.3801 is resistance;1.3801;1.3737 1.3721;1.3828 1.3845;ok;1.37802;False;43.20000000000101;20.800000000000818;0.32500000000000345;open;-1.40000000000029;open;1.40000000000029;open
USDCAD;15308180;2026-09-09 15:45;USD/CAD intraday : the RSI is overbought;1.3771;1.3853 1.3869;1.3744 1.3728;ok;1.38065;True;46.500000000000426;35.49999999999942;0.4329268292682864;open;-2.100000000000435;open;2.100000000000435;open
USDCAD;15312463;2026-09-11 11:00;USD/CAD intraday : the RSI is overbought;1.3829;1.3894 1.391;1.3802 1.3786;ok;1.386;True;34.000000000000696;30.999999999998806;0.4769230769230622;open;4.20000000000087;open;-4.20000000000087;open
USDCAD;15312640;2026-09-11 14:20;USD/CAD intraday : the RSI is overbought;1.3839;1.3905 1.3921;1.3812 1.3796;ok;1.38638;True;41.20000000000123;24.800000000000377;0.3757575757575723;open;8.099999999999774;open;-8.099999999999774;open
USDCAD;15315042;2026-09-14 15:45;USD/CAD intraday : The upside prevails as long as 1.3893 is support;1.3893;1.3956 1.3972;1.3866 1.385;ok;1.39148;True;41.199999999999015;21.800000000000708;0.3460317460317588;open;-15.700000000000713;open;15.700000000000713;open
USDCAD;15319436;2026-09-16 19:21;USD/CAD intraday : the RSI is overbought;1.3948;1.4026 1.4042;1.3921 1.3905;ok;1.39928;True;33.199999999999896;44.800000000000395;0.5743589743589773;open;-5.800000000000249;open;5.800000000000249;open
USDCAD;15324110;2026-09-20 23:30;USD/CAD intraday : The downside prevails as long as 1.4012 is resistance;1.4012;1.3956 1.394;1.4039 1.4055;ok;1.3992;False;36.000000000000476;20.000000000000018;0.3571428571428543;open;-5.800000000000249;open;5.800000000000249;open
USDCAD;15324145;2026-09-21 02:00;USD/CAD intraday : Our next up target stands at 1.4047;1.3973;1.4031 1.4047;1.3946 1.393;ok;1.39977;True;33.30000000000055;24.699999999999722;0.42586206896551043;open;5.999999999999339;open;-5.999999999999339;open
USDCAD;15324185;2026-09-21 03:45;USD/CAD intraday : The upside prevails as long as 1.3980 is support;1.398;1.4039 1.4055;1.3953 1.3937;ok;1.40029;True;36.09999999999891;22.900000000001253;0.3881355932203591;open;1.8999999999991246;open;-1.8999999999991246;open
USDCAD;15324269;2026-09-21 05:00;USD/CAD intraday : The upside prevails as long as 1.3983 is support;1.3983;1.4041 1.4057;1.3956 1.394;ok;1.40047;True;36.299999999998;21.700000000000053;0.3741379310344962;open;13.199999999999878;open;-13.199999999999878;open
USDCAD;15324441;2026-09-21 07:40;USD/CAD intraday : the RSI is overbought;1.3995;1.4056 1.4072;1.3968 1.3952;ok;1.40176;True;38.40000000000065;22.599999999999287;0.3704918032786772;open;-3.7999999999982492;open;3.7999999999982492;open
USDCAD;15324636;2026-09-21 09:00;USD/CAD intraday : The upside prevails as long as 1.3990 is support;1.399;1.4048 1.4064;1.3963 1.3947;ok;1.40137;True;34.30000000000044;23.699999999999832;0.40862068965516757;open;19.899999999999363;stop;-23.699999999999832;open
USDCAD;15326238;2026-09-22 09:00;USD/CAD intraday : The upside prevails as long as 1.4018 is support;1.4018;1.4081 1.4097;1.3991 1.3975;ok;1.40388;True;42.1999999999989;20.800000000000818;0.3301587301587446;target;42.1999999999989;stop;-20.800000000000818;open
USDCAD;15327869;2026-09-23 03:45;USD/CAD intraday : the RSI is overbought;1.4059;1.4117 1.4133;1.4032 1.4016;ok;1.40827;True;34.30000000000044;23.699999999999832;0.40862068965516757;open;19.200000000001438;stop;-23.699999999999832;open
USDCAD;15331022;2026-09-24 15:45;USD/CAD intraday : the RSI is overbought;1.4116;1.4182 1.4198;1.4089 1.4072;ok;1.41465;True;35.49999999999942;30.49999999999997;0.46212121212121593;open;-9.799999999999809;open;9.799999999999809;open
USDCAD;15336263;2026-09-29 02:00;USD/CAD intraday : The upside prevails as long as 1.4157 is support;1.4157;1.4215 1.4232;1.413 1.4114;ok;1.41771;True;37.8999999999996;20.100000000000673;0.346551724137941;open;11.900000000000244;stop;-20.100000000000673;open
USDCAD;15339537;2026-09-30 19:20;USD/CAD intraday : the RSI is overbought;1.4204;1.4262 1.4278;1.4176 1.416;ok;1.4234;True;27.999999999999137;29.999999999998916;0.5172413793103435;open;-3.1000000000003247;open;3.1000000000003247;open
USDCHF;15270853;2026-08-16 21:34;USD/CHF intraday : Aim at 0.8077;0.8138;0.8077 0.8063;0.8161 0.8175;ok;0.81156;False;38.599999999999746;22.400000000000198;0.36721311475410195;target;38.599999999999746;stop;-22.400000000000198;open
USDCHF;15271728;2026-08-17 08:46;USD/CHF intraday : the RSI is oversold;0.8105;0.8046 0.8033;0.8127 0.814;ok;0.80817;False;35.70000000000073;23.299999999999432;0.3949152542372774;stop;-23.299999999999432;open;21.799999999999596;stop
USDCHF;15271907;2026-08-17 11:16;USD/CHF intraday : Rebound towards 0.8145;0.8079;0.8145;0.8057 0.8044;ok;0.81032;True;41.79999999999961;24.200000000000887;0.3666666666666773;open;4.099999999999104;open;-4.099999999999104;
USDCHF;15275864;2026-08-19 13:01;USD/CHF intraday : the RSI is oversold;0.8116;0.8038 0.8025;0.8138 0.8151;ok;0.80656;False;27.600000000000957;50.39999999999933;0.6461538461538352;target;27.600000000000957;open;-40.10000000000069;target
USDCHF;15275937;2026-08-19 14:01;USD/CHF intraday : the RSI is oversold;0.8068;0.7996 0.7983;0.809 0.8103;ok;0.80244;False;28.400000000000645;43.59999999999919;0.6055555555555457;target;28.400000000000645;open;-19.800000000000928;open
USDCHF;15275944;2026-08-19 15:16;USD/CHF intraday : the RSI is oversold;0.8035;0.7959 0.7945;0.8057 0.8071;ok;0.80059;False;46.899999999999714;29.09999999999968;0.38289473684210407;open;34.399999999999984;stop;-29.09999999999968;open
USDCHF;15277593;2026-08-20 09:31;USD/CHF intraday : The downside prevails as long as 0.7996 is resistance;0.7996;0.7925 0.7912;0.8018 0.8031;ok;0.79568;False;31.800000000000715;39.199999999999235;0.5521126760563276;stop;-39.199999999999235;target;31.800000000000715;stop
USDCHF;15277902;2026-08-20 14:31;USD/CHF intraday : Our next up target stands at 0.8039;0.797;0.8039;0.7948 0.7935;ok;0.79862;True;52.799999999999514;16.199999999999548;0.23478260869564882;open;16.899999999999693;stop;-16.199999999999548;
USDCHF;15282583;2026-08-24 09:00;USD/CHF intraday : The upside prevails as long as 0.8004 is support;0.8004;0.8055 0.8068;0.7982 0.7968;ok;0.80214;True;33.60000000000029;17.399999999999636;0.34117647058822864;open;1.80000000000069;open;-1.80000000000069;open
USDCHF;15286645;2026-08-26 15:45;USD/CHF intraday : The upside prevails as long as 0.8038 is support;0.8038;0.8089 0.8102;0.8015 0.8002;ok;0.80548;True;34.19999999999978;16.800000000000146;0.3294117647058857;open;-3.4999999999996145;open;3.4999999999996145;open
USDCHF;15288730;2026-08-27 15:45;USD/CHF intraday : The downside prevails as long as 0.8058 is resistance;0.8058;0.8008 0.7994;0.8081 0.8094;ok;0.80393;False;31.30000000000077;18.69999999999927;0.3739999999999851;open;-0.7999999999996898;open;0.7999999999996898;open
USDCHF;15291240;2026-08-28 15:45;USD/CHF intraday : The upside prevails as long as 0.8052 is support;0.8052;0.811 0.8123;0.803 0.8017;ok;0.80839;True;26.100000000000012;31.90000000000026;0.5500000000000019;open;8.499999999999064;open;-8.499999999999064;open
USDCHF;15295149;2026-09-01 09:00;USD/CHF intraday : The upside prevails as long as 0.8084 is support;0.8084;0.8133 0.8145;0.8065 0.8053;ok;0.80999;True;33.10000000000035;15.899999999999803;0.3244897959183623;open;14.699999999999713;stop;-15.899999999999803;open
USDCHF;15296878;2026-09-02 05:01;USD/CHF intraday : The upside prevails as long as 0.8114 is support;0.8114;0.8157 0.8169;0.8094 0.8082;ok;0.81321;True;24.89999999999992;18.09999999999978;0.4209302325581374;open;18.299999999999983;stop;-18.09999999999978;open
USDCHF;15297474;2026-09-02 11:20;USD/CHF intraday : the RSI is overbought;0.8135;0.8182 0.8193;0.8115 0.8103;ok;0.81503;True;31.70000000000006;15.300000000000313;0.3255319148936211;stop;-15.300000000000313;target;31.70000000000006;stop
USDCHF;15297649;2026-09-02 15:45;USD/CHF intraday : Under pressure below 0.8147, with 0.8102 and 0.8090 as targets;0.8147;0.8102 0.809;0.8166 0.8178;ok;0.8132;False;30.000000000000025;14.999999999999458;0.3333333333333251;open;4.300000000000415;open;-4.300000000000415;open
USDCHF;15299184;2026-09-03 07:40;USD/CHF intraday : the RSI is oversold;0.8116;0.8061 0.8049;0.8135 0.8147;ok;0.80922;False;31.200000000000117;23.799999999999375;0.4327272727272654;target;31.200000000000117;stop;-23.799999999999375;open
USDCHF;15305404;2026-09-08 09:00;USD/CHF intraday : the RSI is overbought;0.809;0.8144 0.8157;0.8069 0.8056;ok;0.81175;True;26.500000000000412;27.49999999999919;0.509259259259248;stop;-27.49999999999919;target;26.500000000000412;stop
USDCHF;15305798;2026-09-08 15:45;USD/CHF intraday : The downside prevails as long as 0.8106 is resistance;0.8106;0.8057 0.8044;0.8126 0.8139;ok;0.80899;False;32.90000000000015;16.1;0.3285714285714276;open;-4.1999999999997595;open;4.1999999999997595;open
USDCHF;15308175;2026-09-09 15:45;USD/CHF intraday : Our next up target stands at 0.8147;0.8057;0.8147;0.8037 0.8024;ok;0.80974;True;49.59999999999964;40.40000000000043;0.44888888888889333;open;2.60000000000038;open;-2.60000000000038;
USDCHF;15310300;2026-09-10 13:34;USD/CHF intraday : the RSI is overbought;0.8112;0.8164 0.8176;0.8091 0.8079;ok;0.8128;True;36.000000000000476;15.999999999999348;0.3076923076922962;stop;-15.999999999999348;open;14.899999999999913;stop
USDCHF;15310355;2026-09-10 15:45;USD/CHF intraday : The upside prevails as long as 0.8092 is support;0.8092;0.814 0.8153;0.8071 0.8058;ok;0.8114;True;25.999999999999357;21.999999999999797;0.4583333333333372;open;13.600000000000279;open;-13.600000000000279;open
USDCHF;15311676;2026-09-11 03:45;USD/CHF intraday : The upside prevails as long as 0.8120 is support;0.812;0.8167 0.818;0.8099 0.8086;ok;0.81399;True;27.099999999999902;19.899999999999363;0.423404255319142;target;27.099999999999902;stop;-19.899999999999363;open
USDCHF;15312642;2026-09-11 14:20;USD/CHF intraday : As long as 0.8124 is support, look for 0.8195;0.8124;0.8195;0.8103 0.809;ok;0.81462;True;48.799999999999955;22.199999999999996;0.31267605633802836;open;17.899999999999583;stop;-22.199999999999996;
USDCHF;15314201;2026-09-14 03:47;USD/CHF intraday : the RSI is overbought;0.8164;0.8204 0.8214;0.8147 0.8137;ok;0.81827;True;21.299999999999653;18.700000000000383;0.4675000000000092;stop;-18.700000000000383;target;21.299999999999653;stop
USDCHF;15315244;2026-09-14 19:16;USD/CHF intraday : The downside prevails as long as 0.8178 is resistance;0.8178;0.814 0.8129;0.8196 0.8206;ok;0.81639;False;23.90000000000003;14.100000000000223;0.37105263157895074;open;-8.20000000000043;open;8.20000000000043;open
USDCHF;15315784;2026-09-15 02:02;USD/CHF intraday : The upside prevails as long as 0.8164 is support;0.8164;0.8203 0.8213;0.8147 0.8137;ok;0.81791;True;23.90000000000003;15.100000000000113;0.38717948717948864;open;7.099999999999884;stop;-15.100000000000113;open
USDCHF;15319446;2026-09-16 19:21;USD/CHF intraday : the RSI is overbought;0.8207;0.8271 0.8281;0.819 0.818;ok;0.82544;True;16.599999999999948;47.399999999999665;0.7406249999999992;open;3.3000000000005247;open;-3.3000000000005247;open
USDCHF;15324113;2026-09-20 23:30;USD/CHF intraday : Rebound towards 0.8254;0.8207;0.8254;0.8189 0.8179;ok;0.82224;True;31.600000000000517;15.399999999999858;0.3276595744680795;open;1.80000000000069;open;-1.80000000000069;
USDCHF;15324143;2026-09-21 02:00;USD/CHF intraday : Rebound towards 0.8257;0.8206;0.8257;0.8189 0.8178;ok;0.82243;True;32.69999999999995;18.299999999999983;0.3588235294117648;open;5.1000000000001044;open;-5.1000000000001044;
USDCHF;15324186;2026-09-21 03:45;USD/CHF intraday : Rebound expected;0.8214;0.8264;0.8197 0.8186;ok;0.82286;True;35.39999999999988;14.600000000000168;0.2920000000000031;open;2.2999999999995246;open;-2.2999999999995246;
USDCHF;15324225;2026-09-21 05:00;USD/CHF intraday : Rebound expected;0.8214;0.8262;0.8197 0.8186;ok;0.82308;True;31.200000000000117;16.800000000000146;0.35000000000000114;open;1.7000000000000348;open;-1.7000000000000348;
USDCHF;15324438;2026-09-21 07:40;USD/CHF intraday : Technical rebound towards 0.8253 before a new drop;0.8253;0.8201;0.8271 0.8281;ok;0.82317;False;30.69999999999906;21.30000000000076;0.40961538461540065;open;-1.2000000000000899;open;1.2000000000000899;
USDCHF;15324635;2026-09-21 09:00;USD/CHF intraday : As long as 0.8247 is resistance, look for 0.8197;0.8247;0.8197;0.8264 0.8275;ok;0.82338;False;36.80000000000017;13.199999999999878;0.26399999999999735;open;22.999999999999687;stop;-13.199999999999878;
USDCHF;15324939;2026-09-21 15:45;USD/CHF intraday : The downside prevails as long as 0.8226 is resistance;0.8226;0.8186 0.8175;0.8243 0.8254;ok;0.82108;False;24.800000000000377;15.199999999999658;0.3799999999999911;open;0.900000000000345;open;-0.900000000000345;open
USDCHF;15326431;2026-09-22 11:00;USD/CHF intraday : The downside prevails as long as 0.8207 is resistance;0.8207;0.8163 0.8152;0.8224 0.8235;ok;0.81859;False;22.90000000000014;21.09999999999945;0.4795454545454465;stop;-21.09999999999945;target;22.90000000000014;stop
USDCHF;15326624;2026-09-22 15:45;USD/CHF intraday : Our next up target stands at 0.8245;0.8194;0.8234 0.8245;0.8176 0.8166;ok;0.82191;True;14.899999999999913;25.100000000000122;0.6275000000000025;open;-15.300000000000313;target;14.899999999999913;open
USDCHF;15328720;2026-09-23 15:45;USD/CHF intraday : The upside prevails as long as 0.8228 is support;0.8228;0.8271 0.8282;0.821 0.82;ok;0.82499;True;21.09999999999945;21.90000000000025;0.5093023255814048;open;0.49999999999994493;open;-0.49999999999994493;open
USDCHF;15330698;2026-09-24 09:00;USD/CHF intraday : The upside prevails as long as 0.8248 is support;0.8248;0.8301 0.8311;0.823 0.822;ok;0.82782;True;22.799999999999486;30.200000000000227;0.5698113207547243;open;-1.2000000000000899;open;1.2000000000000899;open
USDCHF;15334792;2026-09-28 07:40;USD/CHF intraday : The upside prevails as long as 0.8287 is support;0.8287;0.833 0.834;0.827 0.826;ok;0.83047;True;25.299999999999212;17.700000000000493;0.4116279069767585;open;13.699999999999823;stop;-17.700000000000493;open
USDCHF;15336361;2026-09-29 05:00;USD/CHF intraday : The upside prevails as long as 0.8313 is support;0.8313;0.8352 0.8362;0.8296 0.8286;ok;0.83339;True;18.100000000000893;20.899999999999253;0.5358974358974147;open;17.000000000000348;open;-17.000000000000348;open
USDCHF;15337136;2026-09-29 15:45;USD/CHF intraday : The upside prevails as long as 0.8327 is support;0.8327;0.8373 0.8383;0.831 0.8299;ok;0.83503;True;22.699999999999942;23.30000000000054;0.5065217391304412;open;-13.200000000000989;open;13.200000000000989;open
USDCHF;15338651;2026-09-30 07:40;USD/CHF intraday : The downside prevails as long as 0.8347 is resistance;0.8347;0.8306 0.8296;0.8364 0.8375;ok;0.83367;False;30.70000000000017;10.299999999999754;0.2512195121951164;stop;-10.299999999999754;stop;-10.299999999999754;stop
USDCHF;15339179;2026-09-30 15:45;USD/CHF intraday : The upside prevails as long as 0.8330 is support;0.833;0.8373 0.8384;0.8312 0.8302;ok;0.83485;True;24.500000000000632;18.50000000000018;0.430232558139531;open;7.500000000000284;open;-7.500000000000284;open
USDCHF;15340886;2026-10-01 07:40;USD/CHF intraday : The upside prevails as long as 0.8354 is support;0.8354;0.8396 0.8406;0.8337 0.8326;ok;0.83589;True;37.09999999999991;4.899999999999904;0.1166666666666649;stop;-4.899999999999904;open;6.300000000000194;stop
USDCHF;15341055;2026-10-01 09:00;USD/CHF intraday : Under pressure below 0.8366, with 0.8313 and 0.8302 as targets;0.8366;0.8313 0.8302;0.8383 0.8394;ok;0.8354;False;40.99999999999992;11.999999999999789;0.22641509433961987;stop;-11.999999999999789;open;2.9999999999996696;stop
USDCHF;15341171;2026-10-01 11:00;USD/CHF intraday : Target 0.8324;0.8386;0.8324;0.8403 0.8413;ok;0.8358;False;33.99999999999959;28.000000000000245;0.45161290322581166;target;33.99999999999959;stop;-28.000000000000245;
USDCHF;15341369;2026-10-01 15:45;USD/CHF intraday : the RSI is oversold;0.8333;0.8276 0.8265;0.8351 0.8361;ok;0.83052;False;29.200000000000337;27.800000000000047;0.48771929824561155;open;-3.7999999999993594;open;3.7999999999993594;open
USDJPY;15270854;2026-08-16 21:34;USD/JPY intraday : 159.73 expected;159.03;159.9;158.74 158.56;ok;159.3475;True;55.25000000000091;31.749999999999545;0.36494252873562505;stop;-31.749999999999545;open;28.79999999999825;
USDJPY;15270957;2026-08-17 01:04;USD/JPY intraday : The downside prevails as long as 159.33 is resistance;159.33;158.66 158.48;159.63 159.8;ok;159.06075;False;40.07500000000164;26.924999999999955;0.40186567164178083;stop;-26.924999999999955;open;20.42499999999734;stop
USDJPY;15272086;2026-08-17 14:00;USD/JPY intraday : The upside prevails as long as 159.01 is support;159.01;159.77 159.97;158.68 158.49;ok;159.27525;True;49.475000000001046;26.525000000000887;0.34901315789473963;open;19.12499999999966;stop;-26.525000000000887;open
USDJPY;15273325;2026-08-18 07:01;USD/JPY intraday : The upside prevails as long as 159.45 is support;159.45;160.17 160.37;159.12 158.92;ok;159.71075;True;45.92499999999973;26.07500000000016;0.36215277777778054;stop;-26.07500000000016;open;15.474999999997863;stop
USDJPY;15273873;2026-08-18 15:01;USD/JPY intraday : Target 158.85;159.82;158.85;160.15 160.35;ok;159.554;False;70.40000000000077;26.599999999999113;0.27422680412370254;open;-5.574999999998909;open;5.574999999998909;
USDJPY;15275692;2026-08-19 10:31;USD/JPY intraday : The downside prevails as long as 159.37 is resistance;159.37;158.61 158.42;159.7 159.89;ok;159.05125;False;44.12499999999966;31.87499999999943;0.41940789473683965;target;44.12499999999966;stop;-31.87499999999943;target
USDJPY;15275861;2026-08-19 13:01;USD/JPY intraday : the RSI is oversold;159.29;157.81 157.61;159.62 159.82;ok;158.52225;False;71.22500000000116;76.77499999999782;0.5187499999999888;open;38.00000000000239;open;-38.00000000000239;open
USDJPY;15279241;2026-08-20 23:43;USD/JPY intraday : As long as 158.62 is support, look for 159.54;158.62;159.54;158.29 158.1;ok;158.899;True;64.09999999999911;27.899999999999636;0.3032608695652176;stop;-27.899999999999636;open;37.17499999999916;
USDJPY;15280098;2026-08-21 09:00;USD/JPY intraday : The downside prevails as long as 159.01 is resistance;159.01;158.13 157.94;159.33 159.53;ok;158.52775;False;39.775000000000205;48.22499999999934;0.5480113636363589;stop;-48.22499999999934;target;39.775000000000205;stop
USDJPY;15280553;2026-08-21 15:31;USD/JPY intraday : The upside prevails as long as 158.67 is support;158.67;159.43 159.62;158.34 158.15;ok;158.97425;True;45.57499999999948;30.425000000002456;0.4003289473684432;open;0.4750000000001364;open;-0.4750000000001364;open
USDJPY;15284319;2026-08-25 09:00;USD/JPY intraday : The upside prevails as long as 159.07 is support;159.07;159.84 160.04;158.73 158.53;ok;159.34675;True;49.32500000000175;27.674999999999272;0.3594155844155702;open;-14.149999999997931;open;14.149999999997931;open
USDJPY;15285573;2026-08-26 02:02;USD/JPY intraday : The downside prevails as long as 159.43 is resistance;159.43;158.59 158.39;159.76 159.97;ok;158.98425;False;39.424999999999955;44.57500000000039;0.5306547619047643;stop;-44.57500000000039;target;39.424999999999955;stop
USDJPY;15288632;2026-08-27 11:20;USD/JPY intraday : The upside prevails as long as 159.19 is support;159.19;159.93 160.13;158.85 158.65;ok;159.46075;True;46.92500000000166;27.07499999999925;0.36587837837836373;open;-6.5249999999991815;open;6.5249999999991815;open
USDJPY;15291241;2026-08-28 15:45;USD/JPY intraday : the RSI is overbought;159.57;160.39 160.59;159.23 159.03;ok;160.04575;True;34.42499999999882;47.5750000000005;0.5801829268292792;open;0.39999999999906777;open;-0.39999999999906777;open
USDJPY;15293194;2026-08-31 07:40;USD/JPY intraday : The downside prevails as long as 160.07 is resistance;160.07;159.18 158.99;160.39 160.58;ok;159.6345;False;45.44999999999959;43.549999999999045;0.489325842696626;open;-9.774999999999068;open;9.774999999999068;open
USDJPY;15295359;2026-09-01 11:20;USD/JPY intraday : The upside prevails as long as 159.76 is support;159.76;160.49 160.69;159.44 159.25;ok;160.135;True;35.50000000000182;37.5;0.5136986301369735;open;4.1500000000013415;open;-4.1500000000013415;open
USDJPY;15297145;2026-09-02 07:40;USD/JPY intraday : the RSI is oversold;160.02;159.23 159.04;160.34 160.53;ok;159.61325;False;38.32500000000039;40.67500000000166;0.5148734177215266;target;38.32500000000039;stop;-40.67500000000166;target
USDJPY;15297647;2026-09-02 15:45;USD/JPY intraday : the RSI is oversold;159.05;158.25 158.07;159.37 159.55;ok;158.7905;False;54.050000000000864;25.950000000000273;0.3243749999999988;open;9.950000000000614;open;-9.950000000000614;open
USDJPY;15298609;2026-09-03 02:02;USD/JPY intraday : Rebound towards 159.09;157.99;159.09;157.68 157.49;ok;158.4525;True;63.750000000001705;46.249999999997726;0.420454545454527;stop;-46.249999999997726;target;63.750000000001705;
USDJPY;15298706;2026-09-03 03:45;USD/JPY intraday : the RSI is oversold;158.27;157.29 157.11;158.59 158.78;ok;157.84075;False;55.075000000002206;42.92499999999961;0.43801020408162056;target;55.075000000002206;stop;-42.92499999999961;target
USDJPY;15299178;2026-09-03 07:40;USD/JPY intraday : the RSI is oversold;157.35;156.01 155.82;157.66 157.85;ok;157.16525;False;115.52499999999952;18.47500000000082;0.13787313432836396;target;115.52499999999952;stop;-18.47500000000082;open
USDJPY;15299591;2026-09-03 11:33;USD/JPY intraday : the RSI is oversold;156.6;155.47 155.29;156.91 157.1;ok;156.11175;False;64.17500000000018;48.82499999999936;0.4320796460176952;target;64.17500000000018;stop;-48.82499999999936;open
USDJPY;15299707;2026-09-03 15:45;USD/JPY intraday : the RSI is oversold;155.99;154.98 154.8;156.3 156.48;ok;155.444;False;46.399999999999864;54.60000000000207;0.5405940594059507;open;-35.300000000000864;open;35.300000000000864;open
USDJPY;15300854;2026-09-03 23:30;USD/JPY intraday : Rebound towards 156.72;155.73;156.72;155.41 155.23;ok;155.935;True;78.49999999999966;20.50000000000125;0.2070707070707178;stop;-20.50000000000125;stop;-20.50000000000125;
USDJPY;15303745;2026-09-07 07:40;USD/JPY intraday : The downside prevails as long as 156.46 is resistance;156.46;154.82 154.4;157.17 157.59;ok;155.768;False;94.80000000000075;69.20000000000073;0.4219512195121958;target;94.80000000000075;stop;-69.20000000000073;target
USDJPY;15303923;2026-09-07 09:00;USD/JPY intraday : the RSI is oversold;155.12;153.23 152.82;155.82 156.24;ok;154.47625;False;124.62500000000034;64.37500000000114;0.34060846560846897;open;14.9249999999995;open;-14.9249999999995;open
USDJPY;15304869;2026-09-08 03:45;USD/JPY intraday : The downside prevails as long as 153.91 is resistance;153.91;152.36 151.95;154.61 155.02;ok;153.183;False;82.29999999999791;72.70000000000039;0.4690322580645238;stop;-72.70000000000039;target;82.29999999999791;stop
USDJPY;15307672;2026-09-09 07:40;USD/JPY intraday : The downside prevails as long as 153.91 is resistance;153.91;152.27 151.85;154.61 155.02;ok;153.17775;False;90.7749999999993;73.22499999999934;0.4464939024390241;open;-34.524999999999295;open;34.524999999999295;open
USDJPY;15310128;2026-09-10 11:00;USD/JPY intraday : The upside prevails as long as 153.30 is support;153.3;155.01 155.43;152.6 152.18;ok;154.076;True;93.39999999999975;77.5999999999982;0.4538011695906382;open;35.90000000000089;open;-35.90000000000089;open
USDJPY;15312641;2026-09-11 14:20;USD/JPY intraday : the RSI is oversold;154.09;152.54 152.12;154.79 155.21;ok;153.465;False;92.50000000000114;62.5;0.40322580645160994;open;-8.750000000000568;open;8.750000000000568;open
USDJPY;15314190;2026-09-14 03:47;USD/JPY intraday : The upside prevails as long as 153.56 is support;153.56;154.81 155.15;152.98 152.64;ok;154.10425;True;70.57499999999948;54.42500000000052;0.4354000000000042;target;70.57499999999948;stop;-54.42500000000052;open
USDJPY;15315989;2026-09-15 05:12;USD/JPY intraday : The upside prevails as long as 154.17 is support;154.17;155.43 155.78;153.59 153.25;ok;154.68925;True;74.07500000000198;51.924999999999955;0.4121031746031679;open;41.77500000000123;stop;-51.924999999999955;open
USDJPY;15318006;2026-09-16 02:02;USD/JPY intraday : The upside prevails as long as 154.95 is support;154.95;156.18 156.53;154.36 154.01;ok;155.414;True;76.60000000000196;46.399999999999864;0.3772357723577169;stop;-46.399999999999864;open;44.39999999999884;stop
USDJPY;15318725;2026-09-16 07:40;USD/JPY intraday : The downside prevails as long as 155.53 is resistance;155.53;154.19 153.85;156.11 156.46;ok;154.96775;False;77.77499999999975;56.22500000000059;0.41958955223880934;stop;-56.22500000000059;target;77.77499999999975;stop
USDJPY;15319437;2026-09-16 19:21;USD/JPY intraday : the RSI is overbought;155.05;156.62 156.97;154.46 154.11;ok;156.08975;True;53.02499999999952;103.9749999999998;0.6622611464968169;open;20.249999999998636;open;-20.249999999998636;open
USDJPY;15322226;2026-09-18 03:46;USD/JPY intraday : the RSI is overbought;156.11;157.75 158.11;155.52 155.17;ok;157.1165;True;63.349999999999795;100.64999999999884;0.61371951219512;target;63.349999999999795;open;-68.54999999999905;open
USDJPY;15322795;2026-09-18 09:00;USD/JPY intraday : the RSI is overbought;157.04;158.54 158.9;156.45 156.09;ok;157.80225;True;73.77500000000055;76.22499999999945;0.508166666666663;stop;-76.22499999999945;target;73.77500000000055;stop
USDJPY;15323099;2026-09-18 15:46;USD/JPY intraday : Target 155.84;157.95;155.84;158.54 158.89;ok;156.99675;False;115.67499999999882;95.3249999999997;0.45177725118483586;open;11.175000000000068;open;-11.175000000000068;
USDJPY;15324115;2026-09-20 23:30;USD/JPY intraday : Our next up target stands at 157.82;156.57;157.57 157.82;156.15 155.9;ok;156.985;True;58.499999999997954;41.500000000002046;0.41500000000002046;open;-27.300000000002456;open;27.300000000002456;open
USDJPY;15324151;2026-09-21 02:00;USD/JPY intraday : The downside prevails as long as 157.22 is resistance;157.22;156.09 155.84;157.63 157.88;ok;156.73825;False;64.82499999999902;48.17500000000052;0.4263274336283249;open;-19.700000000000273;open;19.700000000000273;open
USDJPY;15324194;2026-09-21 03:45;USD/JPY intraday : Rebound expected;156.55;157.7;156.14 155.89;ok;156.9205;True;77.94999999999845;37.04999999999927;0.3221739130434783;open;9.899999999998954;open;-9.899999999998954;
USDJPY;15324267;2026-09-21 05:00;USD/JPY intraday : Rebound expected;156.65;157.79;156.23 155.98;ok;157.013;True;77.69999999999868;36.299999999999955;0.3184210526315824;open;23.97499999999866;open;-23.97499999999866;
USDJPY;15324442;2026-09-21 07:40;USD/JPY intraday : The upside prevails as long as 156.74 is support;156.74;157.75 158.0;156.32 156.08;ok;157.25875;True;49.125000000000796;51.874999999998295;0.5136138613861263;open;-2.049999999999841;open;2.049999999999841;open
USDJPY;15324629;2026-09-21 09:00;USD/JPY intraday : Technical rebound towards 157.59 before a new drop;157.59;156.38;158.01 158.25;ok;157.2465;False;86.6500000000002;34.35000000000059;0.2838842975206642;open;-12.274999999999636;open;12.274999999999636;
USDJPY;15326101;2026-09-22 07:40;USD/JPY intraday : The upside prevails as long as 157.29 is support;157.29;158.24 158.49;156.87 156.62;ok;157.71775;True;52.22500000000139;42.77500000000032;0.4502631578947321;stop;-42.77500000000032;target;52.22500000000139;stop
USDJPY;15326416;2026-09-22 11:00;USD/JPY intraday : The downside prevails as long as 157.41 is resistance;157.41;156.46 156.21;157.83 158.08;ok;157.03625;False;57.62499999999875;37.375000000000114;0.39342105263158483;stop;-37.375000000000114;open;41.900000000001114;stop
USDJPY;15326825;2026-09-22 19:20;USD/JPY intraday : The upside prevails as long as 157.11 is support;157.11;158.02 158.26;156.7 156.45;ok;157.46275;True;55.725000000001046;35.27499999999861;0.3876373626373488;open;-7.425000000000637;open;7.425000000000637;open
USDJPY;15328721;2026-09-23 15:45;USD/JPY intraday : The upside prevails as long as 157.84 is support;157.84;158.85 159.1;157.42 157.17;ok;158.34525;True;50.475000000000136;50.524999999998954;0.5002475247524694;open;-1.2000000000000455;open;1.2000000000000455;open
USDJPY;15331019;2026-09-24 15:45;USD/JPY intraday : The upside prevails as long as 158.55 is support;158.55;159.49 159.74;158.13 157.88;ok;158.93225;True;55.774999999999864;38.22499999999991;0.4066489361702128;open;-10.349999999999682;open;10.349999999999682;open
USDJPY;15332339;2026-09-25 03:45;USD/JPY intraday : The downside prevails as long as 158.80 is resistance;158.8;157.86 157.61;159.22 159.47;ok;158.40325;False;54.325000000000045;39.67499999999973;0.4220744680851045;target;54.325000000000045;stop;-39.67499999999973;open
USDJPY;15332992;2026-09-25 11:00;USD/JPY intraday : The downside prevails as long as 158.39 is resistance;158.39;157.3 157.05;158.81 159.06;ok;157.8415;False;54.1499999999985;54.849999999999;0.5032110091743143;target;54.1499999999985;stop;-54.849999999999;target
USDJPY;15333139;2026-09-25 15:45;USD/JPY intraday : The downside prevails as long as 157.77 is resistance;157.77;156.64 156.39;158.18 158.43;ok;157.37275;False;73.275000000001;39.72500000000139;0.3515486725663765;open;8.549999999999613;stop;-39.72500000000139;open
USDJPY;15334423;2026-09-28 02:00;USD/JPY intraday : Technical rebound towards 158.20 before a new drop;158.2;156.94;158.64 158.9;ok;157.72875;False;78.87499999999932;47.12499999999977;0.3740079365079374;target;78.87499999999932;stop;-47.12499999999977;
USDJPY;15334953;2026-09-28 09:00;USD/JPY intraday : the RSI is oversold;157.58;156.0 155.74;158.01 158.27;ok;156.91375;False;91.37499999999932;66.62500000000193;0.4216772151898823;stop;-66.62500000000193;open;44.07500000000084;stop
USDJPY;15336967;2026-09-29 11:00;USD/JPY intraday : The upside prevails as long as 157.13 is support;157.13;158.24 158.5;156.69 156.43;ok;157.2165;True;102.35000000000127;8.650000000000091;0.07792792792792778;stop;-8.650000000000091;stop;-8.650000000000091;stop
USDJPY;15338250;2026-09-30 02:00;USD/JPY intraday : The downside prevails as long as 157.49 is resistance;157.49;156.32 156.06;157.93 158.19;ok;156.74875;False;42.875000000000796;74.1250000000008;0.6335470085470067;stop;-74.1250000000008;target;42.875000000000796;stop
USDJPY;15340334;2026-10-01 02:00;USD/JPY intraday : the RSI is overbought;157.48;158.51 158.78;157.04 156.78;ok;158.148;True;36.19999999999948;66.80000000000064;0.6485436893203939;stop;-66.80000000000064;target;36.19999999999948;stop
USDJPY;15341364;2026-10-01 15:45;USD/JPY intraday : The downside prevails as long as 158.27 is resistance;158.27;156.93 156.67;158.71 158.97;ok;157.47575;False;54.57499999999982;79.42500000000052;0.5927238805970173;open;-59.42499999999882;target;54.57499999999982;open
